GVKEY,FiscalYear,CompanyName,Ticker,AuditorName,CommonSharesOutstanding,ClosingPrice,MarketCap
1004,2016,AAR CORP,AIR,KPMG,34354000,34.94,1200328760
1004,2017,AAR CORP,AIR,KPMG,34716000,44.69,1551458040
1004,2018,AAR CORP,AIR,KPMG,34788000,30.09,1046770920
1045,2016,AMERICAN AIRLINES GROUP INC,AAL,KPMG,507294000,46.69,23685556860
1045,2017,AMERICAN AIRLINES GROUP INC,AAL,KPMG,475508000,52.03,24740681240
1045,2018,AMERICAN AIRLINES GROUP INC,AAL,KPMG,460611000,32.11,14790219210
1050,2016,CECO ENVIRONMENTAL CORP,CECE,BDO Seidman,34162000,13.95,476559900
1050,2017,CECO ENVIRONMENTAL CORP,CECE,BDO Seidman,34570000,5.13,177344100
1050,2018,CECO ENVIRONMENTAL CORP,CECE,BDO Seidman,34816000,6.75,235008000
1072,2016,AVX CORP,AVX,PwC,167930000,16.38,2750693400
1072,2017,AVX CORP,AVX,PwC,168434000,16.55,2787582700
1072,2018,AVX CORP,AVX,PwC,168826000,17.34,2927442840
1075,2016,PINNACLE WEST CAPITAL CORP,PNW,Deloitte,111337000,78.03,8687626110
1075,2017,PINNACLE WEST CAPITAL CORP,PNW,Deloitte,111752000,85.18,9519035360
1075,2018,PINNACLE WEST CAPITAL CORP,PNW,Deloitte,112102000,85.2,9551090400
1076,2016,AARON'S INC,AAN,E&Y,71449000,31.99,2285653510
1076,2017,AARON'S INC,AAN,E&Y,70019000,39.85,2790257150
1076,2018,AARON'S INC,AAN,E&Y,67184000,42.05,2825087200
1078,2016,ABBOTT LABORATORIES,ABT,E&Y,1472869000,38.41,56572898290
1078,2017,ABBOTT LABORATORIES,ABT,E&Y,1743602000,57.07,99507366140
1078,2018,ABBOTT LABORATORIES,ABT,E&Y,1755619000,72.33,1.26984E+11
1094,2016,ACETO CORP,ACETQ,BDO Seidman,29595000,21.89,647834550
1094,2017,ACETO CORP,ACETQ,BDO Seidman,30094000,15.45,464952300
1094,2018,ACETO CORP,ACETQ,BDO Seidman,30787000,3.35,103136450
1097,2016,ACMAT CORP  -CL A,ACMTA,KPMG,865000,21.73,18796450
1097,2017,ACMAT CORP  -CL A,ACMTA,KPMG,832000,20.07,16698240
1097,2018,ACMAT CORP  -CL A,ACMTA,KPMG,806000,29,23374000
1121,2016,ADAMS RESOURCES & ENERGY INC,AE,Deloitte,4218000,39.65,167243700
1121,2017,ADAMS RESOURCES & ENERGY INC,AE,KPMG,4218000,43.5,183483000
1121,2018,ADAMS RESOURCES & ENERGY INC,AE,KPMG,4218000,38.71,163278780
1161,2016,ADVANCED MICRO DEVICES,AMD,E&Y,935000000,11.34,10602900000
1161,2017,ADVANCED MICRO DEVICES,AMD,E&Y,967000000,10.28,9940760000
1161,2018,ADVANCED MICRO DEVICES,AMD,E&Y,1005000000,18.46,18552300000
1166,2016,ASM INTERNATIONAL NV,ASMIY,KPMG,59816000,38,2273008000
1166,2017,ASM INTERNATIONAL NV,ASMIY,KPMG,56140000,38,2133320000
1166,2018,ASM INTERNATIONAL NV,ASMIY,KPMG,49319000,41.382,2040918858
1177,2016,AETNA INC,AET,KPMG,351700000,124.01,43614317000
1177,2017,AETNA INC,AET,KPMG,326800000,180.39,58951452000
1186,2016,AGNICO EAGLE MINES LTD,AEM,E&Y,224965000,42,9448530000
1186,2017,AGNICO EAGLE MINES LTD,AEM,E&Y,232250000,46.18,10725305000
1186,2018,AGNICO EAGLE MINES LTD,AEM,E&Y,234459000,40.4,9472143600
1209,2016,AIR PRODUCTS & CHEMICALS INC,APD,KPMG,217351000,150.34,32676549340
1209,2017,AIR PRODUCTS & CHEMICALS INC,APD,KPMG,218346000,151.22,33018282120
1209,2018,AIR PRODUCTS & CHEMICALS INC,APD,KPMG,219516000,167.05,36670147800
1210,2016,AIR T INC,AIRT,BDO Seidman,2043000,20.1703,41207922.9
1210,2017,AIR T INC,AIRT,BDO Seidman,2044000,25.3,51713200
1210,2018,AIR T INC,AIRT,Deloitte,2023000,30.19,61074370
1230,2016,ALASKA AIR GROUP INC,ALK,KPMG,123328000,88.73,10942893440
1230,2017,ALASKA AIR GROUP INC,ALK,KPMG,123061000,73.51,9046214110
1230,2018,ALASKA AIR GROUP INC,ALK,KPMG,123194000,60.85,7496354900
1234,2016,ATRION CORP,ATRI,Grant Thornton,1824000,507.2,925132800
1234,2017,ATRION CORP,ATRI,Grant Thornton,1836000,630.6,1157781600
1234,2018,ATRION CORP,ATRI,Grant Thornton,1853000,741.08,1373221240
1254,2016,MATSON INC,MATX,Deloitte,42900000,35.39,1518231000
1254,2017,MATSON INC,MATX,Deloitte,42500000,29.84,1268200000
1254,2018,MATSON INC,MATX,Deloitte,42700000,32.02,1367254000
1257,2016,ALEXANDER'S INC,ALX,Deloitte,5106000,426.87,2179598220
1257,2017,ALEXANDER'S INC,ALX,Deloitte,5107000,395.85,2021605950
1257,2018,ALEXANDER'S INC,ALX,Deloitte,5107000,304.74,1556307180
1274,2016,ALLEGHANY CORP,Y,E&Y,15410000,608.12,9371129200
1274,2017,ALLEGHANY CORP,Y,E&Y,15391000,596.09,9174421190
1274,2018,ALLEGHANY CORP,Y,E&Y,14577000,623.32,9086135640
1300,2016,HONEYWELL INTERNATIONAL INC,HON,Deloitte,760800000,115.85,88138680000
1300,2017,HONEYWELL INTERNATIONAL INC,HON,Deloitte,750900000,153.36,1.15158E+11
1300,2018,HONEYWELL INTERNATIONAL INC,HON,Deloitte,729600000,132.12,96394752000
1327,2016,SKYWORKS SOLUTIONS INC,SWKS,KPMG,184900000,76.14,14078286000
1327,2017,SKYWORKS SOLUTIONS INC,SWKS,KPMG,183100000,101.9,18657890000
1327,2018,SKYWORKS SOLUTIONS INC,SWKS,KPMG,177400000,90.71,16091954000
1380,2016,HESS CORP,HES,E&Y,316523000,62.29,19716217670
1380,2017,HESS CORP,HES,E&Y,315054000,47.47,14955613380
1380,2018,HESS CORP,HES,E&Y,291435000,40.5,11803117500
1393,2016,AMERCO,UHAL,BDO Seidman,19608000,381.19,7474373520
1393,2017,AMERCO,UHAL,BDO Seidman,19608000,345.1,6766720800
1393,2018,AMERCO,UHAL,BDO Seidman,19608000,371.51,7284568080
1410,2016,ABM INDUSTRIES INC,ABM,KPMG,55599000,39.08,2172808920
1410,2017,ABM INDUSTRIES INC,ABM,KPMG,65503000,41.97,2749160910
1410,2018,ABM INDUSTRIES INC,ABM,KPMG,66004000,30.75,2029623000
1414,2016,PRIMERICA INC,PRI,KPMG,45721000,69.15,3161607150
1414,2017,PRIMERICA INC,PRI,KPMG,44251000,101.55,4493689050
1414,2018,PRIMERICA INC,PRI,KPMG,42694000,97.71,4171630740
1439,2016,US ECOLOGY INC,ECOL,Deloitte,21773000,49.15,1070142950
1439,2017,US ECOLOGY INC,ECOL,Deloitte,21846000,51,1114146000
1439,2018,US ECOLOGY INC,ECOL,Deloitte,22032000,62.98,1387575360
1440,2016,AMERICAN ELECTRIC POWER CO,AEP,Deloitte,491712000,62.96,30958187520
1440,2017,AMERICAN ELECTRIC POWER CO,AEP,PwC,492006000,73.57,36196881420
1440,2018,AMERICAN ELECTRIC POWER CO,AEP,PwC,493246000,74.74,36865206040
1447,2016,AMERICAN EXPRESS CO,AXP,PwC,904000000,74.08,66968320000
1447,2017,AMERICAN EXPRESS CO,AXP,PwC,859000000,99.31,85307290000
1447,2018,AMERICAN EXPRESS CO,AXP,PwC,847000000,95.32,80736040000
1449,2016,AFLAC INC,AFL,KPMG,405810000,69.6,28244376000
1449,2017,AFLAC INC,AFL,KPMG,390455000,87.78,34274139900
1449,2018,AFLAC INC,AFL,KPMG,755286000,45.56,34410830160
1487,2016,AMERICAN INTERNATIONAL GROUP,AIG,PwC,995336000,65.31,65005394160
1487,2017,AMERICAN INTERNATIONAL GROUP,AIG,PwC,899045000,59.58,53565101100
1487,2018,AMERICAN INTERNATIONAL GROUP,AIG,PwC,866609000,39.41,34153060690
1526,2016,AMERICAN NATIONAL INSURANCE,ANAT,KPMG,26915000,124.61,3353878150
1526,2017,AMERICAN NATIONAL INSURANCE,ANAT,KPMG,26932000,128.25,3454029000
1526,2018,AMERICAN NATIONAL INSURANCE,ANAT,KPMG,26885000,127.24,3420847400
1562,2016,AMERICAN SOFTWARE  -CL A,AMSWA,KPMG,29626000,10.97,324997220
1562,2017,AMERICAN SOFTWARE  -CL A,AMSWA,KPMG,30610000,12.76,390583600
1562,2018,AMERICAN SOFTWARE  -CL A,AMSWA,KPMG,31213000,12.95,404208350
1585,2016,AMERICAN VANGUARD CORP,AVD,BDO Seidman,29369000,19.15,562416350
1585,2017,AMERICAN VANGUARD CORP,AVD,BDO Seidman,29791000,19.65,585393150
1585,2018,AMERICAN VANGUARD CORP,AVD,BDO Seidman,29850000,15.19,453421500
1598,2016,AMETEK INC,AME,E&Y,229379000,48.6,11147819400
1598,2017,AMETEK INC,AME,E&Y,231194000,72.47,16754629180
1598,2018,AMETEK INC,AME,E&Y,227111000,67.7,15375414700
1602,2016,AMGEN INC,AMGN,E&Y,738200000,146.21,1.07932E+11
1602,2017,AMGEN INC,AMGN,E&Y,722200000,173.9,1.25591E+11
1602,2018,AMGEN INC,AMGN,E&Y,629600000,194.67,1.22564E+11
1613,2016,AMPCO-PITTSBURGH CORP,AP,Deloitte,12271000,16.75,205539250
1613,2017,AMPCO-PITTSBURGH CORP,AP,Deloitte,12361000,12.4,153276400
1613,2018,AMPCO-PITTSBURGH CORP,AP,Deloitte,12495000,3.1,38734500
1632,2016,ANALOG DEVICES,ADI,E&Y,308171000,64.1,19753761100
1632,2017,ANALOG DEVICES,ADI,E&Y,368636000,91.3,33656466800
1632,2018,ANALOG DEVICES,ADI,E&Y,370160000,83.71,30986093600
1633,2016,ANALOGIC CORP,ALOG,E&Y,12397000,84.02,1041595940
1633,2017,ANALOGIC CORP,ALOG,E&Y,12468000,70.2,875253600
1659,2016,ANDERSONS INC,ANDE,Deloitte,28229000,44.7,1261836300
1659,2017,ANDERSONS INC,ANDE,Deloitte,28367000,31.15,883632050
1659,2018,ANDERSONS INC,ANDE,Deloitte,28494000,29.89,851685660
1661,2016,NABORS INDUSTRIES LTD,NBR,PwC,283925000,16.4,4656370000
1661,2017,NABORS INDUSTRIES LTD,NBR,PwC,314710000,6.83,2149469300
1661,2018,NABORS INDUSTRIES LTD,NBR,PwC,356852000,2,713704000
1678,2016,APACHE CORP,APA,E&Y,379440000,63.47,24083056800
1678,2017,APACHE CORP,APA,E&Y,380955000,42.22,16083920100
1678,2018,APACHE CORP,APA,E&Y,374696000,26.25,9835770000
1686,2016,APOGEE ENTERPRISES INC,APOG,Deloitte,28681000,57.18,1639979580
1686,2017,APOGEE ENTERPRISES INC,APOG,Deloitte,28158000,43.14,1214736120
1686,2018,APOGEE ENTERPRISES INC,APOG,Deloitte,27015000,35.69,964165350
1690,2016,APPLE INC,AAPL,E&Y,5336166000,113.05,6.03254E+11
1690,2017,APPLE INC,AAPL,E&Y,5126201000,154.12,7.9005E+11
1690,2018,APPLE INC,AAPL,E&Y,4754986000,225.74,1.07339E+12
1704,2016,APPLIED MATERIALS INC,AMAT,KPMG,1078000000,29.08,31348240000
1704,2017,APPLIED MATERIALS INC,AMAT,KPMG,1060000000,56.43,59815800000
1704,2018,APPLIED MATERIALS INC,AMAT,KPMG,967000000,32.88,31794960000
1706,2016,ACTUANT CORP  -CL A,ATU,PwC,58954000,23.83,1404873820
1706,2017,ACTUANT CORP  -CL A,ATU,PwC,59761000,24.05,1437252050
1706,2018,ACTUANT CORP  -CL A,ATU,PwC,60984000,29.45,1795978800
1722,2016,ARCHER-DANIELS-MIDLAND CO,ADM,E&Y,573000000,45.65,26157450000
1722,2017,ARCHER-DANIELS-MIDLAND CO,ADM,E&Y,557000000,40.08,22324560000
1722,2018,ARCHER-DANIELS-MIDLAND CO,ADM,E&Y,559000000,40.97,22902230000
1743,2016,ARCBEST CORP,ARCB,E&Y,25609000,27.65,708088850
1743,2017,ARCBEST CORP,ARCB,E&Y,25644000,35.75,916773000
1743,2018,ARCBEST CORP,ARCB,E&Y,25587000,34.26,876610620
1773,2016,ARROW ELECTRONICS INC,ARW,E&Y,88913000,71.3,6339496900
1773,2017,ARROW ELECTRONICS INC,ARW,E&Y,87691000,80.41,7051233310
1773,2018,ARROW ELECTRONICS INC,ARW,E&Y,85191000,68.95,5873919450
1794,2016,ASHLAND GLOBAL HOLDINGS INC,ASH,E&Y,62000000,115.95,7188900000
1794,2017,ASHLAND GLOBAL HOLDINGS INC,ASH,E&Y,62000000,65.39,4054180000
1794,2018,ASHLAND GLOBAL HOLDINGS INC,ASH,E&Y,62000000,83.86,5199320000
1823,2016,ASTRONICS CORP,ATRO,E&Y,29097000,33.84,984642480
1823,2017,ASTRONICS CORP,ATRO,E&Y,28038000,41.47,1162735860
1823,2018,ASTRONICS CORP,ATRO,E&Y,32593000,30.45,992456850
1860,2016,ATWOOD OCEANICS,ATW,PwC,64799000,8.69,563103310
1864,2016,REX AMERICAN RESOURCES CORP,REX,Deloitte,6561000,83.03,544759830
1864,2017,REX AMERICAN RESOURCES CORP,REX,Deloitte,6566000,81.65,536113900
1864,2018,REX AMERICAN RESOURCES CORP,REX,Deloitte,6273000,72.93,457489890
1878,2016,AUTODESK INC,ADSK,E&Y,220300000,81.34,17919202000
1878,2017,AUTODESK INC,ADSK,E&Y,218300000,115.62,25239846000
1878,2018,AUTODESK INC,ADSK,E&Y,219400000,147.2,32295680000
1891,2016,AUTOMATIC DATA PROCESSING,ADP,Deloitte,455700000,91.87,41865159000
1891,2017,AUTOMATIC DATA PROCESSING,ADP,Deloitte,445000000,102.46,45594700000
1891,2018,AUTOMATIC DATA PROCESSING,ADP,Deloitte,438800000,134.14,58860632000
1906,2016,A V HOMES INC,AVHI,Deloitte,22513000,15.8,355705400
1906,2017,A V HOMES INC,AVHI,Deloitte,22364000,16.65,372360600
1913,2016,AVERY DENNISON CORP,AVY,PwC,88309000,70.22,6201057980
1913,2017,AVERY DENNISON CORP,AVY,PwC,88012000,114.86,10109058320
1913,2018,AVERY DENNISON CORP,AVY,PwC,84724000,89.83,7610756920
1919,2016,AVNET INC,AVT,KPMG,127350000,40.51,5158948500
1919,2017,AVNET INC,AVT,KPMG,123081000,38.88,4785389280
1919,2018,AVNET INC,AVT,KPMG,115825000,42.89,4967734250
1920,2016,AVON PRODUCTS,AVP,PwC,437600000,5.04,2205504000
1920,2017,AVON PRODUCTS,AVP,PwC,440300000,2.15,946645000
1920,2018,AVON PRODUCTS,AVP,PwC,442400000,1.52,672448000
1926,2016,AZZ INC,AZZ,BDO Seidman,25964000,58.65,1522788600
1926,2017,AZZ INC,AZZ,BDO Seidman,25959000,40.85,1060425150
1926,2018,AZZ INC,AZZ,BDO Seidman,26115000,46.02,1201812300
1932,2016,BRITISH AMER TOBACCO PLC,BTI,KPMG,932187000,112.67,1.0503E+11
1932,2017,BRITISH AMER TOBACCO PLC,BTI,KPMG,2293633000,66.99,1.5365E+11
1932,2018,BRITISH AMER TOBACCO PLC,BTI,KPMG,2293770000,31.86,73079512200
1949,2016,BRT APARTMENTS CORP,BRT,BDO Seidman,13232000,8,105856000
1949,2017,BRT APARTMENTS CORP,BRT,BDO Seidman,13333000,10.72,142929760
1949,2018,BRT APARTMENTS CORP,BRT,BDO Seidman,15048000,12.04,181177920
1968,2016,BADGER METER INC,BMI,E&Y,29119000,36.95,1075947050
1968,2017,BADGER METER INC,BMI,E&Y,29119000,47.8,1391888200
1968,2018,BADGER METER INC,BMI,E&Y,29119000,49.21,1432945990
1976,2016,BAKER HUGHES INC,BHI,Deloitte,424000000,64.97,27547280000
1982,2016,PROTECTIVE INSURANCE CORP,PTVCB,E&Y,15084000,25.2,380116800
1982,2017,PROTECTIVE INSURANCE CORP,PTVCB,E&Y,15047000,23.95,360375650
1982,2018,PROTECTIVE INSURANCE CORP,PTVCB,E&Y,14869000,16.65,247568850
1988,2016,BALL CORP,BLL,PwC,174865000,75.07,13127115550
1988,2017,BALL CORP,BLL,PwC,349881000,37.85,13242995850
1988,2018,BALL CORP,BLL,PwC,335258000,45.98,15415162840
2002,2016,POPULAR INC,BPOP,PwC,103791000,43.82,4548121620
2002,2017,POPULAR INC,BPOP,PwC,102069000,35.49,3622428810
2002,2018,POPULAR INC,BPOP,PwC,99943000,47.22,4719308460
2005,2016,BANK OF HAWAII CORP,BOH,E&Y,42636000,88.69,3781386840
2005,2017,BANK OF HAWAII CORP,BOH,E&Y,42401000,85.7,3633765700
2005,2018,BANK OF HAWAII CORP,BOH,E&Y,41500000,67.32,2793780000
2019,2016,BANK OF NEW YORK MELLON CORP,BK,KPMG,1047488000,47.38,49629981440
2019,2017,BANK OF NEW YORK MELLON CORP,BK,KPMG,1013442000,53.86,54583986120
2019,2018,BANK OF NEW YORK MELLON CORP,BK,KPMG,960426000,47.07,45207251820
2044,2016,BARD (C.R.) INC,BCR,KPMG,72899000,224.66,16377489340
2049,2016,BARNES GROUP INC,B,PwC,53802000,47.42,2551290840
2049,2017,BARNES GROUP INC,B,PwC,53378000,63.27,3377226060
2049,2018,BARNES GROUP INC,B,PwC,51334000,53.62,2752529080
2052,2016,BARNWELL INDUSTRIES,BRN,KPMG,8277000,1.65,13657050
2052,2017,BARNWELL INDUSTRIES,BRN,KPMG,8277000,1.8001,14899427.7
2052,2018,BARNWELL INDUSTRIES,BRN,KPMG,8277000,1.78,14733060
2055,2016,BARRICK GOLD CORP,GOLD,PwC,1165574000,15.98,18625872520
2055,2017,BARRICK GOLD CORP,GOLD,PwC,1166577000,14.47,16880369190
2055,2018,BARRICK GOLD CORP,GOLD,PwC,1167847000,13.54,15812648380
2080,2016,BASSETT FURNITURE INDS,BSET,E&Y,10723000,29.05,311503150
2080,2017,BASSETT FURNITURE INDS,BSET,E&Y,10738000,38.4,412339200
2080,2018,BASSETT FURNITURE INDS,BSET,E&Y,10528000,21.03,221403840
2086,2016,BAXTER INTERNATIONAL INC,BAX,PwC,539605000,44.34,23926085700
2086,2017,BAXTER INTERNATIONAL INC,BAX,PwC,541477000,64.64,35001073280
2086,2018,BAXTER INTERNATIONAL INC,BAX,PwC,512999000,65.82,33765594180
2101,2016,APPLIED INDUSTRIAL TECH INC,AIT,Deloitte,39057000,45.14,1763032980
2101,2017,APPLIED INDUSTRIAL TECH INC,AIT,Deloitte,39041000,59.05,2305371050
2101,2018,APPLIED INDUSTRIAL TECH INC,AIT,Deloitte,38703000,70.15,2715015450
2111,2016,BECTON DICKINSON & CO,BDX,E&Y,213291000,179.73,38334791430
2111,2017,BECTON DICKINSON & CO,BDX,E&Y,227942000,195.95,44665234900
2111,2018,BECTON DICKINSON & CO,BDX,E&Y,268224000,261,70006464000
2124,2016,BEL FUSE INC,BELFB,Deloitte,12027000,30.9,371634300
2124,2017,BEL FUSE INC,BELFB,Deloitte,12034000,25.175,302955950
2124,2018,BEL FUSE INC,BELFB,Deloitte,12267000,18.42,225958140
2136,2016,VERIZON COMMUNICATIONS INC,VZ,E&Y,4076684000,53.38,2.17613E+11
2136,2017,VERIZON COMMUNICATIONS INC,VZ,E&Y,4079476000,52.93,2.15927E+11
2136,2018,VERIZON COMMUNICATIONS INC,VZ,E&Y,4132033000,56.22,2.32303E+11
2154,2016,BEMIS CO INC,BMS,PwC,92700000,47.82,4432914000
2154,2017,BEMIS CO INC,BMS,PwC,90800000,47.79,4339332000
2154,2018,BEMIS CO INC,BMS,PwC,91000000,45.9,4176900000
2176,2016,BERKSHIRE HATHAWAY,BRK.B,Deloitte,2466481000,162.98,4.01987E+11
2176,2017,BERKSHIRE HATHAWAY,BRK.B,Deloitte,2467269000,198.22,4.89062E+11
2176,2018,BERKSHIRE HATHAWAY,BRK.B,Deloitte,2461394000,204.18,5.02567E+11
2184,2016,BEST BUY CO INC,BBY,Deloitte,311108000,44.52,13850528160
2184,2017,BEST BUY CO INC,BBY,Deloitte,282988000,73.06,20675103280
2184,2018,BEST BUY CO INC,BBY,Deloitte,265703000,59.24,15740245720
2220,2016,BIO-RAD LABORATORIES INC,BIO,KPMG,29577000,182.28,5391295560
2220,2017,BIO-RAD LABORATORIES INC,BIO,KPMG,29786000,238.67,7109024620
2220,2018,BIO-RAD LABORATORIES INC,BIO,KPMG,29801000,232.22,6920388220
2259,2016,BLACK HILLS CORP,BKH,Deloitte,53382000,61.34,3274451880
2259,2017,BLACK HILLS CORP,BKH,Deloitte,53541000,60.11,3218349510
2259,2018,BLACK HILLS CORP,BKH,Deloitte,60004000,62.78,3767051120
2269,2016,BLOCK H & R INC,HRB,Deloitte,207171000,24.79,5135769090
2269,2017,BLOCK H & R INC,HRB,Deloitte,209254000,27.65,5785873100
2269,2018,BLOCK H & R INC,HRB,Deloitte,201960000,27.21,5495331600
2270,2016,VALARIS PLC,VAL,KPMG,303050000,9.72,2945646000
2270,2017,VALARIS PLC,VAL,KPMG,435950000,5.91,2576464500
2270,2018,VALARIS PLC,VAL,KPMG,437150000,3.56,1556254000
2282,2016,BOB EVANS FARMS,BOBE,E&Y,19796000,66.74,1321185040
2285,2016,BOEING CO,BA,Deloitte,617152000,155.68,96078223360
2285,2017,BOEING CO,BA,Deloitte,591039000,294.91,1.74303E+11
2285,2018,BOEING CO,BA,Deloitte,567641000,322.5,1.83064E+11
2312,2016,ROBERT HALF INTL INC,RHI,PwC,127797000,48.78,6233937660
2312,2017,ROBERT HALF INTL INC,RHI,PwC,124261000,55.54,6901455940
2312,2018,ROBERT HALF INTL INC,RHI,PwC,119078000,57.2,6811261600
2337,2016,RESOLUTE FOREST PRODUCTS INC,RFP,PwC,89800000,5.35,480430000
2337,2017,RESOLUTE FOREST PRODUCTS INC,RFP,PwC,90200000,11.05,996710000
2337,2018,RESOLUTE FOREST PRODUCTS INC,RFP,PwC,90800000,7.93,720044000
2352,2016,BRADY CORP,BRC,Deloitte,50460000,32.14,1621784400
2352,2017,BRADY CORP,BRC,Deloitte,51353000,33.2,1704919600
2352,2018,BRADY CORP,BRC,Deloitte,51932000,38.25,1986399000
2369,2016,BROOKFIELD ASSET MANAGEMENT,BAM,Deloitte,958168000,33.01,31629125680
2369,2017,BROOKFIELD ASSET MANAGEMENT,BAM,Deloitte,958773000,43.54,41744976420
2369,2018,BROOKFIELD ASSET MANAGEMENT,BAM,Deloitte,955143000,38.35,36629734050
2393,2016,BRIGGS & STRATTON,BGG,Deloitte,43179000,21.18,914531220
2393,2017,BRIGGS & STRATTON,BGG,Deloitte,42780000,24.1,1030998000
2393,2018,BRIGGS & STRATTON,BGG,Deloitte,42617000,17.61,750485370
2403,2016,BRISTOL-MYERS SQUIBB CO,BMY,Deloitte,1672000000,58.44,97711680000
2403,2017,BRISTOL-MYERS SQUIBB CO,BMY,Deloitte,1633000000,61.28,1.0007E+11
2403,2018,BRISTOL-MYERS SQUIBB CO,BMY,Deloitte,1632000000,51.98,84831360000
2410,2016,BP PLC,BP,E&Y,3239832000,37.38,1.21105E+11
2410,2017,BP PLC,BP,E&Y,3302888000,42.03,1.3882E+11
2410,2018,BP PLC,BP,Deloitte,3350276000,37.92,1.27042E+11
2411,2016,BT GROUP PLC,BT,PwC,1992088000,20.09,40021047920
2411,2017,BT GROUP PLC,BT,PwC,1984381000,16.16,32067596960
2411,2018,BT GROUP PLC,BT,KPMG,1984564000,14.79,29351701560
2435,2016,BROWN FORMAN CORP,BF.B,PwC,384086000,47.32,18174949520
2435,2017,BROWN FORMAN CORP,BF.B,PwC,481001000,56.04,26955296040
2435,2018,BROWN FORMAN CORP,BF.B,PwC,477172000,53.29,25428495880
2436,2016,CALERES INC,CAL,E&Y,42963000,30.75,1321112250
2436,2017,CALERES INC,CAL,E&Y,43032000,29.64,1275468480
2436,2018,CALERES INC,CAL,E&Y,41887000,29.84,1249908080
2444,2016,BRUNSWICK CORP,BC,Deloitte,89317000,54.54,4871349180
2444,2017,BRUNSWICK CORP,BC,Deloitte,87537000,55.22,4833793140
2444,2018,BRUNSWICK CORP,BC,Deloitte,86757000,46.45,4029862650
2448,2016,MATERION CORP,MTRN,E&Y,19948000,39.6,789940800
2448,2017,MATERION CORP,MTRN,E&Y,20106000,48.6,977151600
2448,2018,MATERION CORP,MTRN,E&Y,20242000,44.99,910687580
2497,2016,MASTEC INC,MTZ,BDO Seidman,82541000,38.25,3157193250
2497,2017,MASTEC INC,MTZ,BDO Seidman,82803000,48.95,4053206850
2497,2018,MASTEC INC,MTZ,BDO Seidman,75997000,40.56,3082438320
2504,2016,UNISYS CORP,UIS,KPMG,50100000,14.95,748995000
2504,2017,UNISYS CORP,UIS,KPMG,50500000,8.15,411575000
2504,2018,UNISYS CORP,UIS,KPMG,51100000,11.63,594293000
2536,2016,LIVERAMP HOLDINGS INC,RAMP,KPMG,78293000,28.47,2229001710
2536,2017,LIVERAMP HOLDINGS INC,RAMP,KPMG,77775000,22.71,1766270250
2536,2018,LIVERAMP HOLDINGS INC,RAMP,KPMG,68698000,54.57,3748849860
2538,2016,CDI CORP,CDI,KPMG,18673000,7.4,138180200
2547,2016,CIGNA CORP,CI,PwC,256869000,133.39,34263755910
2547,2017,CIGNA CORP,CI,PwC,243967000,203.09,49547258030
2547,2018,CIGNA CORP,CI,PwC,380924000,189.92,72345086080
2556,2016,CSS INDUSTRIES INC,CSS,KPMG,9087000,25.92,235535040
2556,2017,CSS INDUSTRIES INC,CSS,KPMG,9120000,17.5,159600000
2556,2018,CSS INDUSTRIES INC,CSS,KPMG,8837000,5.99,52933630
2558,2016,CNA FINANCIAL CORP,CNA,Deloitte,270496000,41.5,11225584000
2558,2017,CNA FINANCIAL CORP,CNA,Deloitte,271205000,53.05,14387425250
2558,2018,CNA FINANCIAL CORP,CNA,Deloitte,271457000,44.15,11984826550
2574,2016,CSX CORP,CSX,E&Y,928180000,35.93,33349507400
2574,2017,CSX CORP,CSX,E&Y,889851000,55.01,48950703510
2574,2018,CSX CORP,CSX,E&Y,818180000,62.13,50833523400
2577,2016,CTS CORP,CTS,Grant Thornton,32762000,22.4,733868800
2577,2017,CTS CORP,CTS,Grant Thornton,32938000,25.75,848153500
2577,2018,CTS CORP,CTS,Grant Thornton,32751000,25.89,847923390
2593,2016,CABOT CORP,CBT,Deloitte,62211000,52.41,3260478510
2593,2017,CABOT CORP,CBT,Deloitte,61884000,55.8,3453127200
2593,2018,CABOT CORP,CBT,Deloitte,60367000,62.72,3786218240
2596,2016,CACI INTL INC  -CL A,CACI,E&Y,24323000,90.41,2199042430
2596,2017,CACI INTL INC  -CL A,CACI,E&Y,24462000,125.05,3058973100
2596,2018,CACI INTL INC  -CL A,CACI,E&Y,24704000,168.55,4163859200
2615,2016,CALAMP CORP,CAMP,BDO Seidman,35330000,16.21,572699300
2615,2017,CALAMP CORP,CAMP,Deloitte,35718000,23.4,835801200
2615,2018,CALAMP CORP,CAMP,Deloitte,33555000,13.9,466414500
2628,2016,CALIFORNIA WATER SERVICE GP,CWT,Deloitte,47965000,33.9,1626013500
2628,2017,CALIFORNIA WATER SERVICE GP,CWT,Deloitte,48012000,45.35,2177344200
2628,2018,CALIFORNIA WATER SERVICE GP,CWT,Deloitte,48065000,47.66,2290777900
2663,2016,CAMPBELL SOUP CO,CPB,PwC,308000000,62.27,19179160000
2663,2017,CAMPBELL SOUP CO,CPB,PwC,301000000,52.83,15901830000
2663,2018,CAMPBELL SOUP CO,CPB,PwC,301000000,40.9,12310900000
2710,2016,CONSTELLATION BRANDS,STZ,KPMG,194598000,158.81,30904108380
2710,2017,CONSTELLATION BRANDS,STZ,KPMG,191307000,215.48,41222832360
2710,2018,CONSTELLATION BRANDS,STZ,KPMG,191279000,169.16,32356755640
2721,2016,CANON INC,CAJ,E&Y,1092068000,28.14,30730793520
2721,2017,CANON INC,CAJ,E&Y,1079755000,37.4,40382837000
2721,2018,CANON INC,CAJ,E&Y,1079749000,27.6,29801072400
2751,2016,CARDINAL HEALTH INC,CAH,E&Y,322000000,78.01,25119220000
2751,2017,CARDINAL HEALTH INC,CAH,E&Y,316000000,77.92,24622720000
2751,2018,CARDINAL HEALTH INC,CAH,E&Y,309000000,48.83,15088470000
2771,2016,CARLISLE COS INC,CSL,E&Y,64257000,110.29,7086904530
2771,2017,CARLISLE COS INC,CSL,Deloitte,61840000,113.65,7028116000
2771,2018,CARLISLE COS INC,CSL,Deloitte,57958000,100.52,5825938160
2787,2016,CARPENTER TECHNOLOGY CORP,CRS,PwC,46600000,32.93,1534538000
2787,2017,CARPENTER TECHNOLOGY CORP,CRS,PwC,46753000,37.43,1749964790
2787,2018,CARPENTER TECHNOLOGY CORP,CRS,PwC,47192000,52.57,2480883440
2807,2016,CASEYS GENERAL STORES INC,CASY,KPMG,38766000,112.07,4344505620
2807,2017,CASEYS GENERAL STORES INC,CASY,KPMG,36874000,96.6,3562028400
2807,2018,CASEYS GENERAL STORES INC,CASY,KPMG,36665000,132.35,4852612750
2811,2016,CASTLE (A M) & CO,CTAM,Deloitte,32566000,0.252,8206632
2811,2017,CASTLE (A M) & CO,CTAM,Deloitte,3734000,0.11,410740
2811,2018,CASTLE (A M) & CO,CTAM,Deloitte,3803000,2.84,10800520
2817,2016,CATERPILLAR INC,CAT,PwC,586486000,92.74,54390711640
2817,2017,CATERPILLAR INC,CAT,PwC,597626000,157.58,94173905080
2817,2018,CATERPILLAR INC,CAT,PwC,575543000,127.07,73134249010
2818,2016,CATO CORP  -CL A,CATO,PwC,26605000,25.39,675500950
2818,2017,CATO CORP  -CL A,CATO,PwC,24801000,11.88,294635880
2818,2018,CATO CORP  -CL A,CATO,PwC,24602000,14.85,365339700
2865,2016,CENTRAL STEEL & WIRE CO,CSTW,KPMG,251000,425.03,106682530
2865,2017,CENTRAL STEEL & WIRE CO,CSTW,KPMG,246000,499,122754000
2884,2016,CENTURYLINK INC,CTL,KPMG,546545000,23.78,12996840100
2884,2017,CENTURYLINK INC,CTL,KPMG,1069169000,16.68,17833738920
2884,2018,CENTURYLINK INC,CTL,KPMG,1080167000,15.15,16364530050
2940,2016,MAGELLAN HEALTH INC,MGLN,E&Y,23517000,75.25,1769654250
2940,2017,MAGELLAN HEALTH INC,MGLN,E&Y,24202000,96.55,2336703100
2940,2018,MAGELLAN HEALTH INC,MGLN,E&Y,23935000,56.89,1361662150
2942,2016,CANTEL MEDICAL CORP,CMD,E&Y,41708000,66.95,2792350600
2942,2017,CANTEL MEDICAL CORP,CMD,E&Y,41729000,74.2,3096291800
2942,2018,CANTEL MEDICAL CORP,CMD,Deloitte,41706000,92.71,3866563260
2960,2016,CHEMED CORP,CHE,PwC,16187000,160.41,2596556670
2960,2017,CHEMED CORP,CHE,PwC,16038000,243.02,3897554760
2960,2018,CHEMED CORP,CHE,PwC,15873000,283.28,4496503440
2968,2016,JPMORGAN CHASE & CO,JPM,PwC,3561190000,86.29,3.07295E+11
2968,2017,JPMORGAN CHASE & CO,JPM,PwC,3425300000,106.94,3.66302E+11
2968,2018,JPMORGAN CHASE & CO,JPM,PwC,3275766000,97.62,3.1978E+11
2991,2016,CHEVRON CORP,CVX,PwC,1891507000,117.7,2.2263E+11
2991,2017,CHEVRON CORP,CVX,PwC,1904702000,125.19,2.3845E+11
2991,2018,CHEVRON CORP,CVX,PwC,1902838000,108.79,2.0701E+11
3007,2016,BRINKER INTL INC,EAT,KPMG,55421000,45.53,2523318130
3007,2017,BRINKER INTL INC,EAT,KPMG,48441000,38.1,1845602100
3007,2018,BRINKER INTL INC,EAT,KPMG,40798000,47.6,1941984800
3026,2016,CHURCH & DWIGHT INC,CHD,Deloitte,253963000,44.19,11222624970
3026,2017,CHURCH & DWIGHT INC,CHD,Deloitte,247630000,50.17,12423597100
3026,2018,CHURCH & DWIGHT INC,CHD,Deloitte,246886000,65.76,16235223360
3028,2016,CHURCHILL DOWNS INC,CHDN,PwC,16500000,150.45,2482425000
3028,2017,CHURCHILL DOWNS INC,CHDN,PwC,15400000,232.7,3583580000
3028,2018,CHURCHILL DOWNS INC,CHDN,PwC,13467000,243.94,3285139980
3036,2016,CINCINNATI BELL INC,CBB,Deloitte,42056000,22.35,939951600
3036,2017,CINCINNATI BELL INC,CBB,Deloitte,42198000,20.85,879828300
3036,2018,CINCINNATI BELL INC,CBB,Deloitte,50184000,7.78,390431520
3062,2016,CINTAS CORP,CTAS,E&Y,105401000,125.88,13267877880
3062,2017,CINTAS CORP,CTAS,E&Y,106326000,182.25,19377913500
3062,2018,CINTAS CORP,CTAS,E&Y,103284000,221.83,22911489720
3093,2016,CLARCOR INC,CLC,PwC,48567000,70.45,3421545150
3105,2016,IHEARTMEDIA INC,IHRT,E&Y,90637000,1.11,100607070
3105,2017,IHEARTMEDIA INC,IHRT,E&Y,91539000,0.5,45769500
3105,2018,IHEARTMEDIA INC,IHRT,E&Y,91010000,0.441,40135410
3107,2016,CLEVELAND-CLIFFS INC,CLF,Deloitte,233074000,8.41,1960152340
3107,2017,CLEVELAND-CLIFFS INC,CLF,Deloitte,297401000,7.21,2144261210
3107,2018,CLEVELAND-CLIFFS INC,CLF,Deloitte,292612000,7.69,2250186280
3121,2016,CLOROX CO/DE,CLX,E&Y,129355000,138.39,17901438450
3121,2017,CLOROX CO/DE,CLX,E&Y,129014000,133.24,17189825360
3121,2018,CLOROX CO/DE,CLX,E&Y,127983000,135.25,17309700750
3138,2016,COCA COLA CONSOLIDATED INC,COKE,PwC,9314000,178.85,1665808900
3138,2017,COCA COLA CONSOLIDATED INC,COKE,PwC,9334000,215.26,2009236840
3138,2018,COCA COLA CONSOLIDATED INC,COKE,PwC,9354000,177.38,1659212520
3144,2016,COCA-COLA CO,KO,E&Y,4288000000,41.46,1.7778E+11
3144,2017,COCA-COLA CO,KO,E&Y,4259000000,45.88,1.95403E+11
3144,2018,COCA-COLA CO,KO,E&Y,4268000000,47.35,2.0209E+11
3153,2016,COEUR MINING INC,CDE,Grant Thornton,180933000,9.09,1644680970
3153,2017,COEUR MINING INC,CDE,Grant Thornton,185638000,7.5,1392285000
3153,2018,COEUR MINING INC,CDE,Grant Thornton,203310000,4.47,908795700
3157,2016,COHERENT INC,COHR,Deloitte,24324000,110.54,2688774960
3157,2017,COHERENT INC,COHR,Deloitte,24631000,235.17,5792472270
3157,2018,COHERENT INC,COHR,Deloitte,24299000,172.19,4184044810
3158,2016,COHU INC,COHU,E&Y,26842000,13.9,373103800
3158,2017,COHU INC,COHU,E&Y,28489000,21.95,625333550
3158,2018,COHU INC,COHU,E&Y,40763000,16.07,655061410
3169,2016,ONCOMED PHARMACEUTICALS,OMED,E&Y,37115000,7.71,286156650
3169,2017,ONCOMED PHARMACEUTICALS,OMED,E&Y,38213000,4.1,156673300
3169,2018,ONCOMED PHARMACEUTICALS,OMED,E&Y,38660000,0.7473,28890618
3170,2016,COLGATE-PALMOLIVE CO,CL,PwC,883109000,65.44,57790652960
3170,2017,COLGATE-PALMOLIVE CO,CL,PwC,874701000,75.45,65996190450
3170,2018,COLGATE-PALMOLIVE CO,CL,PwC,862913000,59.52,51360581760
3203,2016,CHASE CORP,CCF,PwC,9278000,64.37,597224860
3203,2017,CHASE CORP,CCF,PwC,9354000,93.5,874599000
3203,2018,CHASE CORP,CCF,PwC,9397000,123.95,1164758150
3221,2016,AON PLC,AON,E&Y,262000000,111.53,29220860000
3221,2017,AON PLC,AON,E&Y,247600000,134,33178400000
3221,2018,AON PLC,AON,E&Y,240100000,145.36,34900936000
3226,2016,COMCAST CORP,CMCSA,Deloitte,2375801000,69.05,1.64049E+11
3226,2017,COMCAST CORP,CMCSA,Deloitte,4644508000,40.05,1.86013E+11
3226,2018,COMCAST CORP,CMCSA,Deloitte,4525962000,34.05,1.54109E+11
3231,2016,COMERICA INC,CMA,E&Y,175314000,68.11,11940636540
3231,2017,COMERICA INC,CMA,E&Y,172858000,86.81,15005802980
3231,2018,COMERICA INC,CMA,E&Y,160084000,68.69,10996169960
3238,2016,COMMERCE BANCSHARES INC,CBSH,KPMG,101638000,57.81,5875692780
3238,2017,COMMERCE BANCSHARES INC,CBSH,KPMG,106804000,55.84,5963935360
3238,2018,COMMERCE BANCSHARES INC,CBSH,KPMG,111331000,56.37,6275728470
3243,2016,CITIGROUP INC,C,KPMG,2772392000,59.43,1.64763E+11
3243,2017,CITIGROUP INC,C,KPMG,2569909000,74.41,1.91227E+11
3243,2018,CITIGROUP INC,C,KPMG,2368467000,52.06,1.23302E+11
3246,2016,COMMERCIAL METALS,CMC,Deloitte,114636000,15.52,1779150720
3246,2017,COMMERCIAL METALS,CMC,Deloitte,115794000,18.89,2187348660
3246,2018,COMMERCIAL METALS,CMC,Deloitte,117016000,21.6,2527545600
3275,2016,COMMUNICATIONS SYSTEMS INC,JCS,Deloitte,8877000,4.63,41100510
3275,2017,COMMUNICATIONS SYSTEMS INC,JCS,Deloitte,8974000,3.56,31947440
3278,2016,AVIS BUDGET GROUP INC,CAR,Deloitte,86000000,36.68,3154480000
3278,2017,AVIS BUDGET GROUP INC,CAR,Deloitte,80800000,43.88,3545504000
3278,2018,AVIS BUDGET GROUP INC,CAR,Deloitte,75600000,22.48,1699488000
3310,2016,CA INC,CA,KPMG,413409000,31.72,13113333480
3310,2017,CA INC,CA,KPMG,412057000,33.9,13968732300
3336,2016,DXC TECHNOLOGY CO,DXC,Deloitte,141299000,69.01,9751043990
3336,2017,DXC TECHNOLOGY CO,DXC,Deloitte,285376000,100.53,28688849280
3336,2018,DXC TECHNOLOGY CO,DXC,Deloitte,268425000,64.31,17262411750
3342,2016,COMPUTER TASK GROUP INC,CTG,KPMG,15940000,4.21,67107400
3342,2017,COMPUTER TASK GROUP INC,CTG,KPMG,15264000,5.1,77846400
3342,2018,COMPUTER TASK GROUP INC,CTG,KPMG,14272000,4.08,58229760
3358,2016,COMTECH TELECOMMUN,CMTL,Deloitte,23335000,13.07,304988450
3358,2017,COMTECH TELECOMMUN,CMTL,Deloitte,23586000,18,424548000
3358,2018,COMTECH TELECOMMUN,CMTL,Deloitte,23827000,33.6,800587200
3362,2016,CONAGRA BRANDS INC,CAG,KPMG,416520000,38.54,16052680800
3362,2017,CONAGRA BRANDS INC,CAG,KPMG,390829000,37.06,14484122740
3362,2018,CONAGRA BRANDS INC,CAG,KPMG,486085000,26.77,13012495450
3382,2016,SHUTTERSTOCK INC,SSTK,PwC,34816000,47.52,1654456320
3382,2017,SHUTTERSTOCK INC,SSTK,PwC,34712000,43.03,1493657360
3382,2018,SHUTTERSTOCK INC,SSTK,PwC,35060000,36.01,1262510600
3413,2016,CONSOLIDATED EDISON INC,ED,PwC,305000000,73.68,22472400000
3413,2017,CONSOLIDATED EDISON INC,ED,PwC,310000000,84.95,26334500000
3413,2018,CONSOLIDATED EDISON INC,ED,PwC,321000000,76.46,24543660000
3424,2016,BIGLARI HOLDINGS INC,BH,Deloitte,1232000,473.2,582982400
3424,2017,BIGLARI HOLDINGS INC,BH,Deloitte,1201000,414.4,497694400
3424,2018,BIGLARI HOLDINGS INC,BH,Deloitte,621000,113.58,70533180
3429,2016,CONSOLIDATED TOMOKA LAND CO,CTO,Grant Thornton,5710000,53.42,305028200
3429,2017,CONSOLIDATED TOMOKA LAND CO,CTO,Grant Thornton,5584000,63.5,354584000
3429,2018,CONSOLIDATED TOMOKA LAND CO,CTO,Grant Thornton,5437000,52.5,285442500
3439,2016,CMS ENERGY CORP,CMS,PwC,279206000,41.62,11620553720
3439,2017,CMS ENERGY CORP,CMS,PwC,281647000,47.3,13321903100
3439,2018,CMS ENERGY CORP,CMS,PwC,283374000,49.65,14069519100
3469,2016,CONTINENTAL RESOURCES INC,CLR,Grant Thornton,374492000,51.54,19301317680
3469,2017,CONTINENTAL RESOURCES INC,CLR,Grant Thornton,375220000,52.97,19875403400
3469,2018,CONTINENTAL RESOURCES INC,CLR,Grant Thornton,376022000,40.19,15112324180
3502,2016,COOPER TIRE & RUBBER CO,CTB,E&Y,53000000,38.85,2059050000
3502,2017,COOPER TIRE & RUBBER CO,CTB,E&Y,50942000,35.35,1800799700
3502,2018,COOPER TIRE & RUBBER CO,CTB,E&Y,50074000,32.33,1618892420
3504,2016,COOPER COS INC (THE),COO,KPMG,48785000,176.04,8588111400
3504,2017,COOPER COS INC (THE),COO,KPMG,48800000,240.26,11724688000
3504,2018,COOPER COS INC (THE),COO,KPMG,49200000,258.31,12708852000
3505,2016,MOLSON COORS BREWING CO,TAP,PwC,214900000,97.31,20911919000
3505,2017,MOLSON COORS BREWING CO,TAP,PwC,215400000,82.07,17677878000
3505,2018,MOLSON COORS BREWING CO,TAP,PwC,216100000,56.16,12136176000
3532,2016,CORNING INC,GLW,PwC,926000000,24.27,22474020000
3532,2017,CORNING INC,GLW,PwC,858000000,31.99,27447420000
3532,2018,CORNING INC,GLW,PwC,788000000,30.21,23805480000
3562,2016,COUSINS PROPERTIES INC,CUZ,Deloitte,393418000,8.51,3347987180
3562,2017,COUSINS PROPERTIES INC,CUZ,Deloitte,420021000,9.25,3885194250
3562,2018,COUSINS PROPERTIES INC,CUZ,Deloitte,420385000,7.9,3321041500
3570,2016,CRACKER BARREL OLD CTRY STOR,CBRL,Deloitte,23956000,157.41,3770913960
3570,2017,CRACKER BARREL OLD CTRY STOR,CBRL,Deloitte,24056000,155.45,3739505200
3570,2018,CRACKER BARREL OLD CTRY STOR,CBRL,Deloitte,24012000,146.495,3517637940
3580,2016,CRANE CO,CR,Deloitte,58965000,72.12,4252555800
3580,2017,CRANE CO,CR,Deloitte,59412000,89.22,5300738640
3580,2018,CRANE CO,CR,Deloitte,59508000,72.18,4295287440
3581,2016,CRAWFORD & CO,CRD.A,E&Y,55986000,12.56,703184160
3581,2017,CRAWFORD & CO,CRD.A,E&Y,55941000,9.62,538152420
3581,2018,CRAWFORD & CO,CRD.A,E&Y,55335000,8.9,492481500
3592,2016,ONEMAIN HOLDINGS INC,OMF,PwC,134868000,22.14,2985977520
3592,2017,ONEMAIN HOLDINGS INC,OMF,PwC,135350000,25.99,3517746500
3592,2018,ONEMAIN HOLDINGS INC,OMF,PwC,135832000,24.29,3299359280
3607,2016,CHEMTURA CORP,CHMT,KPMG,63000000,33.2,2091600000
3619,2016,CROWN HOLDINGS INC,CCK,PwC,139840000,52.57,7351388800
3619,2017,CROWN HOLDINGS INC,CCK,PwC,134276000,56.25,7553025000
3619,2018,CROWN HOLDINGS INC,CCK,PwC,135174000,41.57,5619183180
3622,2016,CROWN CRAFTS INC,CRWS,KPMG,10022000,8.225,82430950
3622,2017,CROWN CRAFTS INC,CRWS,KPMG,10086000,5.9,59507400
3622,2018,CROWN CRAFTS INC,CRWS,KPMG,10123000,5.16,52234680
3639,2016,CUBIC CORP,CUB,E&Y,26992000,46.81,1263495520
3639,2017,CUBIC CORP,CUB,E&Y,27127000,51,1383477000
3639,2018,CUBIC CORP,CUB,E&Y,27255000,73.05,1990977750
3643,2016,CULLEN/FROST BANKERS INC,CFR,E&Y,63474000,88.23,5600311020
3643,2017,CULLEN/FROST BANKERS INC,CFR,E&Y,63476000,94.65,6008003400
3643,2018,CULLEN/FROST BANKERS INC,CFR,E&Y,62986000,87.94,5538988840
3647,2016,CULP INC,CULP,Grant Thornton,12357000,32.1,396659700
3647,2017,CULP INC,CULP,Grant Thornton,12450000,29.55,367897500
3647,2018,CULP INC,CULP,Grant Thornton,12391000,20.52,254263320
3650,2016,CUMMINS INC,CMI,PwC,167500000,136.67,22892225000
3650,2017,CUMMINS INC,CMI,PwC,165200000,176.64,29180928000
3650,2018,CUMMINS INC,CMI,PwC,157600000,133.64,21061664000
3662,2016,CURTISS-WRIGHT CORP,CW,Deloitte,44181000,98.36,4345643160
3662,2017,CURTISS-WRIGHT CORP,CW,Deloitte,44124000,121.85,5376509400
3662,2018,CURTISS-WRIGHT CORP,CW,Deloitte,42772000,102.12,4367876640
3707,2016,DST SYSTEMS INC,DST,PwC,32000000,107.15,3428800000
3707,2017,DST SYSTEMS INC,DST,PwC,59300000,62.07,3680751000
3708,2016,WENDY'S CO,WEN,Deloitte,246574000,13.52,3333680480
3708,2017,WENDY'S CO,WEN,Deloitte,240512000,16.42,3949207040
3708,2018,WENDY'S CO,WEN,Deloitte,231233000,15.61,3609547130
3734,2016,DANA INC,DAN,PwC,143938000,18.98,2731943240
3734,2017,DANA INC,DAN,PwC,144984000,32.01,4640937840
3734,2018,DANA INC,DAN,PwC,144663000,13.63,1971756690
3735,2016,DANAHER CORP,DHR,E&Y,692200000,77.84,53880848000
3735,2017,DANAHER CORP,DHR,E&Y,696600000,92.82,64658412000
3735,2018,DANAHER CORP,DHR,E&Y,701500000,103.12,72338680000
3761,2016,DATA I/O CORP,DAIO,Grant Thornton,8016000,4.18,33506880
3761,2017,DATA I/O CORP,DAIO,Grant Thornton,8277000,12.04,99655080
3761,2018,DATA I/O CORP,DAIO,Grant Thornton,8339000,5,41695000
3813,2016,TARGET CORP,TGT,E&Y,556156000,64.48,35860938880
3813,2017,TARGET CORP,TGT,E&Y,541682000,75.22,40745320040
3813,2018,TARGET CORP,TGT,E&Y,517762000,73,37796626000
3835,2016,DEERE & CO,DE,Deloitte,314768000,88.3,27794014400
3835,2017,DEERE & CO,DE,Deloitte,321841000,132.88,42766232080
3835,2018,DEERE & CO,DE,Deloitte,318455000,135.44,43131545200
3851,2016,DELTA AIR LINES INC,DAL,E&Y,730738000,49.19,35945002220
3851,2017,DELTA AIR LINES INC,DAL,E&Y,707198000,56,39603088000
3851,2018,DELTA AIR LINES INC,DAL,E&Y,679944000,49.9,33929205600
3855,2016,DELTA NATURAL GAS CO INC,DGAS,Deloitte,7088000,26.94,190950720
3855,2017,DELTA NATURAL GAS CO INC,DGAS,Deloitte,7133000,30.47,217342510
3863,2016,DELUXE CORP,DLX,PwC,48546000,71.61,3476379060
3863,2017,DELUXE CORP,DLX,PwC,47953000,76.84,3684708520
3863,2018,DELUXE CORP,DLX,PwC,44647000,38.44,1716230680
3897,2016,DTE ENERGY CO,DTE,PwC,179433000,98.51,17675944830
3897,2017,DTE ENERGY CO,DTE,PwC,179387000,109.46,19635701020
3897,2018,DTE ENERGY CO,DTE,PwC,181925000,110.3,20066327500
3905,2016,ADTALEM GLOBAL EDUCATION INC,ATGE,PwC,62549000,17.84,1115874160
3905,2017,ADTALEM GLOBAL EDUCATION INC,ATGE,PwC,62371000,37.95,2366979450
3905,2018,ADTALEM GLOBAL EDUCATION INC,ATGE,PwC,59893000,48.1,2880853300
3937,2016,PYXUS INTERNATIONAL INC,PYX,Deloitte,8963000,12.85,115174550
3937,2017,PYXUS INTERNATIONAL INC,PYX,Deloitte,9023000,26.05,235049150
3937,2018,PYXUS INTERNATIONAL INC,PYX,Deloitte,9096000,23.89,217303440
3946,2016,DIEBOLD NIXDORF INC,DBD,KPMG,75145000,25.15,1889896750
3946,2017,DIEBOLD NIXDORF INC,DBD,KPMG,75559000,16.35,1235389650
3946,2018,DIEBOLD NIXDORF INC,DBD,KPMG,76174000,2.49,189673260
3964,2016,DILLARDS INC  -CL A,DDS,KPMG,32157000,56.44,1814941080
3964,2017,DILLARDS INC  -CL A,DDS,KPMG,28106000,67.56,1898841360
3964,2018,DILLARDS INC  -CL A,DDS,KPMG,26348000,66.79,1759782920
3980,2016,DISNEY (WALT) CO,DIS,PwC,1597000000,92.86,1.48297E+11
3980,2017,DISNEY (WALT) CO,DIS,PwC,1517000000,98.57,1.49531E+11
3980,2018,DISNEY (WALT) CO,DIS,PwC,1488000000,116.94,1.74007E+11
4016,2016,DOLLAR GENERAL CORP,DG,E&Y,275212000,73.82,20316149840
4016,2017,DOLLAR GENERAL CORP,DG,E&Y,268733000,103.12,27711746960
4016,2018,DOLLAR GENERAL CORP,DG,E&Y,259511000,115.43,29955354730
4029,2016,DOMINION ENERGY INC,D,Deloitte,628000000,76.59,48098520000
4029,2017,DOMINION ENERGY INC,D,Deloitte,645000000,81.06,52283700000
4029,2018,DOMINION ENERGY INC,D,Deloitte,681000000,71.46,48664260000
4036,2016,DONALDSON CO INC,DCI,PwC,132893000,36.13,4801424090
4036,2017,DONALDSON CO INC,DCI,PwC,130606000,47.49,6202478940
4036,2018,DONALDSON CO INC,DCI,PwC,128772000,47.7,6142424400
4040,2016,DONNELLEY (R R) & SONS CO,RRD,Deloitte,69900000,16.32,1140768000
4040,2017,DONNELLEY (R R) & SONS CO,RRD,Deloitte,70100000,9.3,651930000
4040,2018,DONNELLEY (R R) & SONS CO,RRD,Deloitte,70400000,3.96,278784000
4045,2016,DORCHESTER MINERALS  -LP,DMLP,Grant Thornton,30675000,17.55,538346250
4045,2017,DORCHESTER MINERALS  -LP,DMLP,Grant Thornton,32280000,15.2,490656000
4045,2018,DORCHESTER MINERALS  -LP,DMLP,Grant Thornton,32280000,14.64,472579200
4058,2016,DOVER CORP,DOV,PwC,155428000,74.93,11646220040
4058,2017,DOVER CORP,DOV,PwC,154823000,100.99,15635574770
4058,2018,DOVER CORP,DOV,PwC,144917000,70.95,10281861150
4060,2016,DUPONT DE NEMOURS INC,DD,Deloitte,1211133000,57.22,69301030260
4060,2017,DUPONT DE NEMOURS INC,DD,Deloitte,2327332000,71.22,1.65753E+11
4060,2018,DUPONT DE NEMOURS INC,DD,Deloitte,2268978000,53.48,1.21345E+11
4066,2016,OMNICOM GROUP,OMC,KPMG,234700000,85.11,19975317000
4066,2017,OMNICOM GROUP,OMC,KPMG,230100000,72.83,16758183000
4066,2018,OMNICOM GROUP,OMC,KPMG,223900000,73.24,16398436000
4072,2016,ASCENA RETAIL GROUP INC,ASNA,Deloitte,194200000,8.13,1578846000
4072,2017,ASCENA RETAIL GROUP INC,ASNA,Deloitte,195100000,2.34,456534000
4072,2018,ASCENA RETAIL GROUP INC,ASNA,Deloitte,196300000,3.68,722384000
4087,2016,DU PONT (E I) DE NEMOURS,DD.2,PwC,863003000,73.4,63344420200
4091,2016,DUCOMMUN INC,DCO,PwC,11194000,25.56,286118640
4091,2017,DUCOMMUN INC,DCO,PwC,11333000,28.45,322423850
4091,2018,DUCOMMUN INC,DCO,PwC,11418000,36.32,414701760
4093,2016,DUKE ENERGY CORP,DUK,Deloitte,700000000,77.62,54334000000
4093,2017,DUKE ENERGY CORP,DUK,Deloitte,700000000,84.11,58877000000
4093,2018,DUKE ENERGY CORP,DUK,Deloitte,727000000,86.3,62740100000
4094,2016,DUN & BRADSTREET CORP,DNB,PwC,36800000,121.32,4464576000
4094,2017,DUN & BRADSTREET CORP,DNB,PwC,36900000,118.41,4369329000
4108,2016,FLOWSERVE CORP,FLS,PwC,129813000,48.05,6237514650
4108,2017,FLOWSERVE CORP,FLS,PwC,130322000,42.13,5490465860
4108,2018,FLOWSERVE CORP,FLS,PwC,130556000,38.02,4963739120
4115,2016,DYCOM INDUSTRIES INC,DY,PwC,31420000,94.05,2955051000
4115,2017,DYCOM INDUSTRIES INC,DY,PwC,31087000,90.6,2816482200
4115,2018,DYCOM INDUSTRIES INC,DY,PwC,31430000,58.05,1824511500
4124,2016,DYNATRONICS CORP,DYNT,BDO Seidman,2805000,2.97,8330850
4145,2016,PERKINELMER INC,PKI,Deloitte,109617000,52.15,5716526550
4145,2017,PERKINELMER INC,PKI,Deloitte,110361000,73.12,8069596320
4145,2018,PERKINELMER INC,PKI,Deloitte,110597000,78.55,8687394350
4193,2016,EASTGROUP PROPERTIES,EGP,KPMG,33332000,73.84,2461234880
4193,2017,EASTGROUP PROPERTIES,EGP,KPMG,34758000,88.38,3071912040
4193,2018,EASTGROUP PROPERTIES,EGP,KPMG,36501000,91.73,3348236730
4194,2016,EASTMAN KODAK CO,KODK,PwC,42400000,15.5,657200000
4194,2017,EASTMAN KODAK CO,KODK,PwC,42600000,3.1,132060000
4194,2018,EASTMAN KODAK CO,KODK,PwC,42800000,2.55,109140000
4199,2016,EATON CORP PLC,ETN,E&Y,449400000,67.09,30150246000
4199,2017,EATON CORP PLC,ETN,E&Y,439900000,79.01,34756499000
4199,2018,EATON CORP PLC,ETN,E&Y,423600000,68.66,29084376000
4201,2016,EATON VANCE CORP,EV,Deloitte,113988000,35.06,3996419280
4201,2017,EATON VANCE CORP,EV,Deloitte,118521000,50.47,5981754870
4201,2018,EATON VANCE CORP,EV,Deloitte,116951000,45.05,5268642550
4213,2016,ECOLAB INC,ECL,PwC,291825000,117.22,34207726500
4213,2017,ECOLAB INC,ECL,PwC,289323000,134.18,38821360140
4213,2018,ECOLAB INC,ECL,PwC,287714000,147.35,42394657900
4241,2016,EL PASO ELECTRIC CO,EE,KPMG,40381000,46.5,1877716500
4241,2017,EL PASO ELECTRIC CO,EE,KPMG,40451000,55.35,2238962850
4241,2018,EL PASO ELECTRIC CO,EE,KPMG,40560000,50.13,2033272800
4274,2016,ELECTRO SCIENTIFIC INDS INC,ESIO,Deloitte,33260000,6.97,231822200
4274,2017,ELECTRO SCIENTIFIC INDS INC,ESIO,Deloitte,34387000,19.33,664700710
4311,2016,ELRON ELECTRONIC INDS LTD,ELRNF,E&Y,29744000,4.6,136822400
4321,2016,EMERSON ELECTRIC CO,EMR,KPMG,642796000,54.51,35038809960
4321,2017,EMERSON ELECTRIC CO,EMR,KPMG,641692000,62.84,40323925280
4321,2018,EMERSON ELECTRIC CO,EMR,KPMG,629200000,76.58,48184136000
4351,2016,ENERGEN CORP,EGN,PwC,97013000,57.67,5594739710
4351,2017,ENERGEN CORP,EGN,PwC,97135000,57.57,5592061950
4367,2016,WEATHERFORD INTL PLC,WFTIF,KPMG,983000000,4.99,4905170000
4367,2017,WEATHERFORD INTL PLC,WFTIF,KPMG,993000000,4.17,4140810000
4367,2018,WEATHERFORD INTL PLC,WFTIF,KPMG,1002000000,0.559,560118000
4383,2016,ATMOS ENERGY CORP,ATO,E&Y,103931000,74.47,7739741570
4383,2017,ATMOS ENERGY CORP,ATO,E&Y,106105000,83.84,8895843200
4383,2018,ATMOS ENERGY CORP,ATO,E&Y,111274000,93.91,10449741340
4384,2016,MARATHON PATENT GROUP INC,MARA,BDO Seidman,18552000,1.72,31909440
4390,2016,ENNIS INC,EBF,Grant Thornton,25367000,16.35,414750450
4390,2017,ENNIS INC,EBF,Grant Thornton,25264000,19.5,492648000
4390,2018,ENNIS INC,EBF,Grant Thornton,25956000,21.2,550267200
4412,2016,VISKASE COMPANIES INC,VKSC,Grant Thornton,36524000,3.1,113224400
4412,2017,VISKASE COMPANIES INC,VKSC,Grant Thornton,36524000,3,109572000
4412,2018,VISKASE COMPANIES INC,VKSC,Grant Thornton,53191000,2.85,151594350
4423,2016,EQUIFAX INC,EFX,E&Y,119900000,118.23,14175777000
4423,2017,EQUIFAX INC,EFX,E&Y,120100000,117.92,14162192000
4423,2018,EQUIFAX INC,EFX,E&Y,120600000,93.13,11231478000
4430,2016,EQT CORP,EQT,E&Y,172827000,65.4,11302885800
4430,2017,EQT CORP,EQT,E&Y,264320000,56.92,15045094400
4430,2018,EQT CORP,EQT,E&Y,254472000,18.89,4806976080
4439,2016,TELEFONAKTIEBOLAGET LM ERICS,ERIC,PwC,3268959000,5.83,19058030970
4439,2017,TELEFONAKTIEBOLAGET LM ERICS,ERIC,PwC,3283886000,6.68,21936358480
4439,2018,TELEFONAKTIEBOLAGET LM ERICS,ERIC,PwC,3297095000,8.87,29245232650
4460,2016,ESTERLINE TECHNOLOGIES CORP,ESL,E&Y,29428000,76.04,2237705120
4460,2017,ESTERLINE TECHNOLOGIES CORP,ESL,E&Y,29981000,90.15,2702787150
4460,2018,ESTERLINE TECHNOLOGIES CORP,ESL,E&Y,29453000,90.95,2678750350
4462,2016,NEWMARKET CORP,NEU,PwC,11846000,423.84,5020808640
4462,2017,NEWMARKET CORP,NEU,PwC,11780000,397.39,4681254200
4462,2018,NEWMARKET CORP,NEU,PwC,11184000,412.09,4608814560
4494,2016,EXPEDITORS INTL WASH INC,EXPD,KPMG,179857000,52.96,9525226720
4494,2017,EXPEDITORS INTL WASH INC,EXPD,KPMG,176374000,64.69,11409634060
4494,2018,EXPEDITORS INTL WASH INC,EXPD,KPMG,171582000,68.09,11683018380
4497,2016,DMC GLOBAL INC,BOOM,E&Y,14496000,15.85,229761600
4497,2017,DMC GLOBAL INC,BOOM,E&Y,14782000,25.05,370289100
4497,2018,DMC GLOBAL INC,BOOM,E&Y,14906000,35.12,523498720
4498,2016,INSTEEL INDUSTRIES,IIIN,Grant Thornton,18976000,36.24,687690240
4498,2017,INSTEEL INDUSTRIES,IIIN,Grant Thornton,19041000,26.11,497160510
4498,2018,INSTEEL INDUSTRIES,IIIN,Grant Thornton,19223000,35.88,689721240
4503,2016,EXXON MOBIL CORP,XOM,PwC,4148000000,90.26,3.74398E+11
4503,2017,EXXON MOBIL CORP,XOM,PwC,4239000000,83.64,3.5455E+11
4503,2018,EXXON MOBIL CORP,XOM,PwC,4237000000,68.19,2.88921E+11
4510,2016,FMC CORP,FMC,KPMG,133690000,56.56,7561506400
4510,2017,FMC CORP,FMC,KPMG,134331000,94.66,12715772460
4510,2018,FMC CORP,FMC,KPMG,132282000,73.96,9783576720
4517,2016,NEXTERA ENERGY INC,NEE,Deloitte,468000000,119.46,55907280000
4517,2017,NEXTERA ENERGY INC,NEE,Deloitte,471000000,156.19,73565490000
4517,2018,NEXTERA ENERGY INC,NEE,Deloitte,478000000,173.82,83085960000
4579,2016,FARMER BROTHERS CO,FARM,Deloitte,16782000,32.06,538030920
4579,2017,FARMER BROTHERS CO,FARM,Deloitte,16846000,30.25,509591500
4579,2018,FARMER BROTHERS CO,FARM,Deloitte,16952000,30.55,517883600
4598,2016,FEDEX CORP,FDX,E&Y,267153000,193.84,51784937520
4598,2017,FEDEX CORP,FDX,E&Y,265999000,249.12,66265670880
4598,2018,FEDEX CORP,FDX,E&Y,260627000,154.28,40209533560
4600,2016,FEDERAL-MOGUL HOLDINGS CORP,FDML,Grant Thornton,169041000,10.31,1742812710
4601,2016,FEDERAL NATIONAL MORTGA ASSN,FNMA,Deloitte,5758083000,3.9,22456523700
4601,2017,FEDERAL NATIONAL MORTGA ASSN,FNMA,Deloitte,5758088000,2.65,15258933200
4601,2018,FEDERAL NATIONAL MORTGA ASSN,FNMA,Deloitte,5758088000,1.06,6103573280
4605,2016,FEDERAL REALTY INVESTMENT TR,FRT,Grant Thornton,71996000,142.11,10231351560
4605,2017,FEDERAL REALTY INVESTMENT TR,FRT,Grant Thornton,73091000,132.81,9707215710
4605,2018,FEDERAL REALTY INVESTMENT TR,FRT,Grant Thornton,74250000,118.04,8764470000
4608,2016,FEDERAL SIGNAL CORP,FSS,Deloitte,59600000,15.61,930356000
4608,2017,FEDERAL SIGNAL CORP,FSS,Deloitte,60000000,20.09,1205400000
4608,2018,FEDERAL SIGNAL CORP,FSS,Deloitte,60200000,19.9,1197980000
4611,2016,MACY'S INC,M,KPMG,304063000,29.54,8982021020
4611,2017,MACY'S INC,M,KPMG,304765000,25.95,7908651750
4611,2018,MACY'S INC,M,KPMG,307520000,26.3,8087776000
4622,2016,FERRO CORP,FOE,Deloitte,83440000,14.33,1195695200
4622,2017,FERRO CORP,FOE,Deloitte,84050000,23.59,1982739500
4622,2018,FERRO CORP,FOE,Deloitte,83003000,15.68,1301487040
4632,2016,CALADRIUS BIOSCIENCES INC,CLBS,Grant Thornton,8195000,2.83,23191850
4632,2017,CALADRIUS BIOSCIENCES INC,CLBS,Grant Thornton,9473000,3.51,33250230
4632,2018,CALADRIUS BIOSCIENCES INC,CLBS,Grant Thornton,9855000,3.56,35083800
4640,2016,FIFTH THIRD BANCORP,FITB,Deloitte,750479000,26.97,20240418630
4640,2017,FIFTH THIRD BANCORP,FITB,Deloitte,693805000,30.34,21050043700
4640,2018,FIFTH THIRD BANCORP,FITB,Deloitte,646631000,23.53,15215227430
4674,2016,REGIONS FINANCIAL CORP,RF,E&Y,1214581000,14.36,17441383160
4674,2017,REGIONS FINANCIAL CORP,RF,E&Y,1134068000,17.28,19596695040
4674,2018,REGIONS FINANCIAL CORP,RF,E&Y,1024826000,13.38,13712171880
4699,2016,M & T BANK CORP,MTB,PwC,156181000,156.43,24431393830
4699,2017,M & T BANK CORP,MTB,PwC,150084000,170.99,25662863160
4699,2018,M & T BANK CORP,MTB,PwC,138510000,143.13,19824936300
4723,2016,U S BANCORP,USB,E&Y,1696912000,51.37,87170369440
4723,2017,U S BANCORP,USB,E&Y,1655646000,53.58,88709512680
4723,2018,U S BANCORP,USB,E&Y,1608335000,45.7,73500909500
4737,2016,FIRST HORIZON NATIONAL CORP,FHN,KPMG,233624000,20.01,4674816240
4737,2017,FIRST HORIZON NATIONAL CORP,FHN,KPMG,326736000,19.99,6531452640
4737,2018,FIRST HORIZON NATIONAL CORP,FHN,KPMG,318573000,13.16,4192420680
4771,2016,FLEXSTEEL INDUSTRIES INC,FLXS,Deloitte,7700000,39.62,305074000
4771,2017,FLEXSTEEL INDUSTRIES INC,FLXS,Deloitte,7822000,54.11,423248420
4771,2018,FLEXSTEEL INDUSTRIES INC,FLXS,Deloitte,7868000,39.9,313933200
4809,2016,FLOWERS FOODS INC,FLO,PwC,208423000,19.97,4162207310
4809,2017,FLOWERS FOODS INC,FLO,PwC,210526000,19.31,4065257060
4809,2018,FLOWERS FOODS INC,FLO,PwC,210896000,18.47,3895249120
4818,2016,FLUOR CORP,FLR,E&Y,139258000,52.52,7313830160
4818,2017,FLUOR CORP,FLR,E&Y,139918000,51.65,7226764700
4818,2018,FLUOR CORP,FLR,E&Y,139654000,32.2,4496858800
4839,2016,FORD MOTOR CO,F,PwC,3974297000,12.13,48208222610
4839,2017,FORD MOTOR CO,F,PwC,3973352000,12.49,49627166480
4839,2018,FORD MOTOR CO,F,PwC,3978552000,7.65,30435922800
4842,2016,FOREST CITY REALTY TRUST INC,FCE.A,PwC,258726000,20.84,5391849840
4842,2017,FOREST CITY REALTY TRUST INC,FCE.A,PwC,265343000,24.1,6394766300
4860,2016,FOSTER (LB) CO,FSTR,E&Y,10313000,13.6,140256800
4860,2017,FOSTER (LB) CO,FSTR,E&Y,10341000,27.15,280758150
4860,2018,FOSTER (LB) CO,FSTR,E&Y,10366000,15.9,164819400
4881,2016,FRANKLIN ELECTRIC CO INC,FELE,Deloitte,46376000,38.9,1804026400
4881,2017,FRANKLIN ELECTRIC CO INC,FELE,Deloitte,46630000,45.9,2140317000
4881,2018,FRANKLIN ELECTRIC CO INC,FELE,Deloitte,46326000,42.88,1986458880
4885,2016,FRANKLIN RESOURCES INC,BEN,PwC,570345000,35.57,20287171650
4885,2017,FRANKLIN RESOURCES INC,BEN,PwC,554865000,44.51,24697041150
4885,2018,FRANKLIN RESOURCES INC,BEN,PwC,519123000,30.41,15786530430
4925,2016,FUJIFILM HLDGS CORP,FUJIY,KPMG,437756000,39.02,17081239120
4925,2017,FUJIFILM HLDGS CORP,FUJIY,KPMG,430229000,39.455,16974685195
4926,2016,FULLER (H. B.) CO,FUL,KPMG,50141000,46.99,2356125590
4926,2017,FULLER (H. B.) CO,FUL,KPMG,50389000,56.57,2850505730
4926,2018,FULLER (H. B.) CO,FUL,KPMG,50733000,48.24,2447359920
4936,2016,G&K SERVICES INC  -CL A,GK,KPMG,19661000,76.57,1505442770
4941,2016,GATX CORP,GATX,E&Y,39443000,61.58,2428899940
4941,2017,GATX CORP,GATX,E&Y,37896000,62.16,2355615360
4941,2018,GATX CORP,GATX,E&Y,36612000,70.81,2592495720
4973,2016,ARTHUR J GALLAGHER & CO,AJG,E&Y,178329000,51.96,9265974840
4973,2017,ARTHUR J GALLAGHER & CO,AJG,E&Y,181039000,63.28,11456147920
4973,2018,ARTHUR J GALLAGHER & CO,AJG,E&Y,183969000,73.7,13558515300
4988,2016,TEGNA INC,TGNA,E&Y,214488000,21.39,4587898320
4988,2017,TEGNA INC,TGNA,E&Y,214931000,14.08,3026228480
4988,2018,TEGNA INC,TGNA,E&Y,215759000,10.87,2345300330
4990,2016,GAP INC,GPS,Deloitte,399000000,23.03,9188970000
4990,2017,GAP INC,GPS,Deloitte,389000000,33.24,12930360000
4990,2018,GAP INC,GPS,Deloitte,378000000,25.44,9616320000
5018,2016,AEROJET ROCKETDYNE HOLDINGS,AJRD,PwC,69300000,17.95,1243935000
5018,2017,AEROJET ROCKETDYNE HOLDINGS,AJRD,PwC,73600000,31.2,2296320000
5018,2018,AEROJET ROCKETDYNE HOLDINGS,AJRD,PwC,76800000,35.23,2705664000
5046,2016,GENERAL DYNAMICS CORP,GD,KPMG,302419000,172.66,52215664540
5046,2017,GENERAL DYNAMICS CORP,GD,KPMG,296896000,203.45,60403491200
5046,2018,GENERAL DYNAMICS CORP,GD,KPMG,288698000,157.21,45386212580
5047,2016,GENERAL ELECTRIC CO,GE,KPMG,8742614000,31.6,2.76267E+11
5047,2017,GENERAL ELECTRIC CO,GE,KPMG,8680571000,17.45,1.51476E+11
5047,2018,GENERAL ELECTRIC CO,GE,KPMG,8702227000,7.57,65875858390
5071,2016,GENERAL MILLS INC,GIS,KPMG,576900000,56.74,32733306000
5071,2017,GENERAL MILLS INC,GIS,KPMG,593100000,42.29,25082199000
5071,2018,GENERAL MILLS INC,GIS,KPMG,601900000,49.44,29757936000
5072,2016,ALLY FINANCIAL INC,ALLY,Deloitte,467000000,19.02,8882340000
5072,2017,ALLY FINANCIAL INC,ALLY,Deloitte,437054000,29.16,12744494640
5072,2018,ALLY FINANCIAL INC,ALLY,Deloitte,404900000,22.66,9175034000
5073,2016,GENERAL MOTORS CO,GM,Deloitte,1500000000,34.84,52260000000
5073,2017,GENERAL MOTORS CO,GM,Deloitte,1400000000,40.99,57386000000
5073,2018,GENERAL MOTORS CO,GM,E&Y,1400000000,33.45,46830000000
5087,2016,SPX CORP,SPXC,Deloitte,41940000,23.72,994816800
5087,2017,SPX CORP,SPXC,Deloitte,42651000,31.39,1338814890
5087,2018,SPX CORP,SPXC,Deloitte,43450000,28.01,1217034500
5109,2016,GENESCO INC,GCO,E&Y,19866000,60.2,1195933200
5109,2017,GENESCO INC,GCO,E&Y,19904000,34.85,693654400
5109,2018,GENESCO INC,GCO,E&Y,19103000,45.18,863073540
5116,2016,GENTEX CORP,GNTX,E&Y,287738000,19.69,5665561220
5116,2017,GENTEX CORP,GNTX,E&Y,280281000,20.95,5871886950
5116,2018,GENTEX CORP,GNTX,E&Y,259329000,20.21,5241039090
5125,2016,GENUINE PARTS CO,GPC,E&Y,148410000,95.54,14179091400
5125,2017,GENUINE PARTS CO,GPC,E&Y,146653000,95.01,13933501530
5125,2018,GENUINE PARTS CO,GPC,E&Y,145937000,96.02,14012870740
5149,2016,GETTY REALTY CORP,GTY,PwC,34393000,25.49,876677570
5149,2017,GETTY REALTY CORP,GTY,PwC,39696000,27.16,1078143360
5149,2018,GETTY REALTY CORP,GTY,PwC,40854000,29.41,1201516140
5179,2016,GLATFELTER,GLT,Deloitte,43550000,23.89,1040409500
5179,2017,GLATFELTER,GLT,Deloitte,43614000,21.44,935084160
5179,2018,GLATFELTER,GLT,Deloitte,43959000,9.76,429039840
5180,2016,GLAXOSMITHKLINE PLC,GSK,PwC,2434000000,38.51,93733340000
5180,2017,GLAXOSMITHKLINE PLC,GSK,PwC,2445500000,35.47,86741885000
5180,2018,GLAXOSMITHKLINE PLC,GSK,Deloitte,2461500000,38.21,94053915000
5205,2016,GOLD RESERVE INC,GDRZF,PwC,89711000,4.17173,374250070
5205,2017,GOLD RESERVE INC,GDRZF,PwC,99395000,3.29,327009550
5205,2018,GOLD RESERVE INC,GDRZF,PwC,99395000,2.06,204753700
5218,2016,GOLDFIELD CORP,GV,KPMG,25451000,5.1,129800100
5218,2017,GOLDFIELD CORP,GV,KPMG,25451000,4.9,124709900
5218,2018,GOLDFIELD CORP,GV,KPMG,24590000,2.26,55573400
5234,2016,GOODYEAR TIRE & RUBBER CO,GT,PwC,251597000,30.87,7766799390
5234,2017,GOODYEAR TIRE & RUBBER CO,GT,PwC,240155000,32.31,7759408050
5234,2018,GOODYEAR TIRE & RUBBER CO,GT,PwC,232171000,20.41,4738610110
5237,2016,GORMAN-RUPP CO,GRC,E&Y,26093000,30.95,807578350
5237,2017,GORMAN-RUPP CO,GRC,E&Y,26107000,31.21,814799470
5237,2018,GORMAN-RUPP CO,GRC,E&Y,26117000,32.41,846451970
5250,2016,GRACE (W R) & CO,GRA,PwC,68309000,67.64,4620420760
5250,2017,GRACE (W R) & CO,GRA,PwC,67780000,70.13,4753411400
5250,2018,GRACE (W R) & CO,GRA,PwC,66793000,64.91,4335533630
5252,2016,GRACO INC,GGG,Deloitte,55834000,83.09,4639247060
5252,2017,GRACO INC,GGG,Deloitte,169319000,45.22,7656605180
5252,2018,GRACO INC,GGG,Deloitte,165171000,41.85,6912406350
5254,2016,GRAHAM CORP,GHM,Deloitte,9740000,23,224020000
5254,2017,GRAHAM CORP,GHM,Deloitte,9772000,21.42,209316240
5254,2018,GRAHAM CORP,GHM,Deloitte,9843000,19.63,193218090
5256,2016,GRAINGER (W W) INC,GWW,E&Y,58804000,232.25,13657229000
5256,2017,GRAINGER (W W) INC,GWW,E&Y,56329000,236.25,13307726250
5256,2018,GRAINGER (W W) INC,GWW,E&Y,55862000,282.36,15773194320
5338,2016,GREIF INC  -CL A,GEF,Deloitte,47792000,46.86,2239533120
5338,2017,GREIF INC  -CL A,GEF,Deloitte,47843000,55.53,2656721790
5338,2018,GREIF INC  -CL A,GEF,Deloitte,47949000,47.3,2267987700
5342,2016,MONEYGRAM INTERNATIONAL INC,MGI,KPMG,61675000,11.81,728381750
5342,2017,MONEYGRAM INTERNATIONAL INC,MGI,KPMG,63148000,13.18,832290640
5342,2018,MONEYGRAM INTERNATIONAL INC,MGI,KPMG,63149000,2,126298000
5379,2016,GULFMARK OFFSHORE INC,GLF,KPMG,27122000,1.75,47463500
5379,2017,GULFMARK OFFSHORE INC,GLF,KPMG,7042000,28.49,200626580
5439,2016,HALLIBURTON CO,HAL,KPMG,866000000,54.09,46841940000
5439,2017,HALLIBURTON CO,HAL,KPMG,873000000,48.87,42663510000
5439,2018,HALLIBURTON CO,HAL,KPMG,871000000,26.58,23151180000
5492,2016,L3HARRIS TECHNOLOGIES INC,LHX,E&Y,124643000,83.44,10400211920
5492,2017,L3HARRIS TECHNOLOGIES INC,LHX,E&Y,119629000,109.08,13049131320
5492,2018,L3HARRIS TECHNOLOGIES INC,LHX,E&Y,118280000,144.54,17096191200
5496,2016,HARSCO CORP,HSC,PwC,80175000,13.6,1090380000
5496,2017,HARSCO CORP,HSC,PwC,80454000,18.65,1500467100
5496,2018,HARSCO CORP,HSC,PwC,79545000,19.86,1579763700
5518,2016,HASBRO INC,HAS,KPMG,124487000,77.79,9683843730
5518,2017,HASBRO INC,HAS,KPMG,124450000,90.89,11311260500
5518,2018,HASBRO INC,HAS,KPMG,126129000,81.25,10247981250
5520,2018,ALLIED MOTION TECHNOLOGIES,AMOT,Deloitte,9485000,44.69,423884650
5523,2016,HAVERTY FURNITURE,HVT,Grant Thornton,21105000,23.7,500188500
5523,2017,HAVERTY FURNITURE,HVT,Grant Thornton,21220000,22.65,480633000
5523,2018,HAVERTY FURNITURE,HVT,Grant Thornton,20537000,18.78,385684860
5526,2016,HAWAIIAN ELECTRIC INDS,HE,PwC,108583000,33.07,3590839810
5526,2017,HAWAIIAN ELECTRIC INDS,HE,Deloitte,108788000,36.15,3932686200
5526,2018,HAWAIIAN ELECTRIC INDS,HE,Deloitte,108879000,36.62,3987148980
5530,2016,HAWKINS INC,HWKN,KPMG,10583000,49,518567000
5530,2017,HAWKINS INC,HWKN,KPMG,10632000,35.15,373714800
5530,2018,HAWKINS INC,HWKN,KPMG,10592000,36.83,390103360
5539,2016,HEALTHCARE SERVICES GROUP,HCSG,Grant Thornton,72601000,39.17,2843781170
5539,2017,HEALTHCARE SERVICES GROUP,HCSG,Grant Thornton,73436000,52.72,3871545920
5539,2018,HEALTHCARE SERVICES GROUP,HCSG,Grant Thornton,73877000,40.18,2968377860
5543,2016,WELLTOWER INC,WELL,E&Y,362602000,66.93,24268951860
5543,2017,WELLTOWER INC,WELL,E&Y,371732000,63.77,23705349640
5543,2018,WELLTOWER INC,WELL,E&Y,383675000,69.41,26630881750
5559,2016,STERLING CONSTRUCTION CO INC,STRL,Grant Thornton,24987000,8.46,211390020
5559,2017,STERLING CONSTRUCTION CO INC,STRL,Grant Thornton,27051000,16.28,440390280
5559,2018,STERLING CONSTRUCTION CO INC,STRL,Grant Thornton,26597000,10.89,289641330
5560,2016,HECLA MINING CO,HL,BDO Seidman,395287000,5.24,2071303880
5560,2017,HECLA MINING CO,HL,BDO Seidman,399176000,3.97,1584728720
5560,2018,HECLA MINING CO,HL,BDO Seidman,482604000,2.36,1138945440
5567,2016,HEICO CORP,HEI,Deloitte,67289000,67.56,4546044840
5567,2017,HEICO CORP,HEI,Deloitte,84482000,90.68,7660827760
5567,2018,HEICO CORP,HEI,Deloitte,132931000,83.83,11143605730
5568,2016,KRAFT HEINZ CO,KHC,PwC,1216476000,87.32,1.06223E+11
5568,2017,KRAFT HEINZ CO,KHC,PwC,1219000000,77.76,94789440000
5568,2018,KRAFT HEINZ CO,KHC,PwC,1220000000,43.04,52508800000
5572,2016,HELEN OF TROY LTD,HELE,Grant Thornton,27029000,97.7,2640733300
5572,2017,HELEN OF TROY LTD,HELE,Grant Thornton,26576000,90.05,2393168800
5572,2018,HELEN OF TROY LTD,HELE,Grant Thornton,24946000,112.11,2796696060
5581,2016,HELMERICH & PAYNE,HP,E&Y,108078000,67.3,7273649400
5581,2017,HELMERICH & PAYNE,HP,E&Y,108604000,52.11,5659354440
5581,2018,HELMERICH & PAYNE,HP,E&Y,108994000,68.77,7495517380
5597,2016,HERSHEY CO,HSY,KPMG,212260000,103.43,21954051800
5597,2017,HERSHEY CO,HSY,E&Y,210861000,113.51,23934832110
5597,2018,HERSHEY CO,HSY,E&Y,209729000,107.18,22478754220
5600,2016,HERTZ GLOBAL HOLDINGS INC,HTZ,PwC,83000000,21.56,1789480000
5600,2017,HERTZ GLOBAL HOLDINGS INC,HTZ,PwC,84000000,22.1,1856400000
5600,2018,HERTZ GLOBAL HOLDINGS INC,HTZ,PwC,84000000,13.65,1146600000
5606,2016,HP INC,HPQ,E&Y,1712091000,14.49,24808198590
5606,2017,HP INC,HPQ,E&Y,1649580000,21.55,35548449000
5606,2018,HP INC,HPQ,E&Y,1560270000,24.14,37664917800
5608,2016,HEXCEL CORP,HXL,PwC,91400000,51.44,4701616000
5608,2017,HEXCEL CORP,HXL,E&Y,89600000,61.85,5541760000
5608,2018,HEXCEL CORP,HXL,E&Y,84800000,57.34,4862432000
5639,2016,HILL-ROM HOLDINGS INC,HRC,PwC,65705000,61.98,4072395900
5639,2017,HILL-ROM HOLDINGS INC,HRC,PwC,65814000,74,4870236000
5639,2018,HILL-ROM HOLDINGS INC,HRC,PwC,67256000,94.4,6348966400
5643,2016,HILTON WORLDWIDE HOLDINGS,HLT,E&Y,988026000,27.2,26874307200
5643,2017,HILTON WORLDWIDE HOLDINGS,HLT,E&Y,317421000,79.86,25349241060
5643,2018,HILTON WORLDWIDE HOLDINGS,HLT,E&Y,294816000,71.8,21167788800
5650,2016,HITACHI LTD,HTHIY,E&Y,482800000,54.07,26104996000
5650,2017,HITACHI LTD,HTHIY,E&Y,482773000,71.754,34640893842
5650,2018,HITACHI LTD,HTHIY,E&Y,482803000,64.778,31275012734
5667,2016,HOLLYFRONTIER CORP,HFC,E&Y,177345000,32.76,5809822200
5667,2017,HOLLYFRONTIER CORP,HFC,E&Y,177408000,51.22,9086837760
5667,2018,HOLLYFRONTIER CORP,HFC,E&Y,172121000,51.12,8798825520
5671,2016,PINNACLE ENTERTAINMENT INC,PNK,E&Y,55812000,14.5,809274000
5671,2017,PINNACLE ENTERTAINMENT INC,PNK,E&Y,57629000,32.73,1886197170
5680,2016,HOME DEPOT INC,HD,KPMG,1203000000,137.58,1.65509E+11
5680,2017,HOME DEPOT INC,HD,KPMG,1158000000,200.9,2.32642E+11
5680,2018,HOME DEPOT INC,HD,KPMG,1105000000,183.53,2.02801E+11
5681,2016,HOMEFED CORP,HOFD,PwC,15449000,45,695205000
5681,2017,HOMEFED CORP,HOFD,PwC,15474000,52.25,808516500
5681,2018,HOMEFED CORP,HOFD,PwC,15500000,38,589000000
5690,2016,HNI CORP,HNI,KPMG,44079000,55.92,2464897680
5690,2017,HNI CORP,HNI,KPMG,43354000,38.57,1672163780
5690,2018,HNI CORP,HNI,KPMG,43582000,35.43,1544110260
5691,2016,HONDA MOTOR CO LTD,HMC,KPMG,1802280000,30.26,54536992800
5691,2017,HONDA MOTOR CO LTD,HMC,KPMG,1778278000,34.73,61759594940
5691,2018,HONDA MOTOR CO LTD,HMC,KPMG,1759561000,27.17,47807272370
5709,2016,HORMEL FOODS CORP,HRL,E&Y,528484000,38.5,20346634000
5709,2017,HORMEL FOODS CORP,HRL,E&Y,528424000,31.16,16465691840
5709,2018,HORMEL FOODS CORP,HRL,E&Y,534135000,43.64,23309651400
5742,2016,CENTERPOINT ENERGY INC,CNP,Deloitte,430683000,24.64,10612029120
5742,2017,CENTERPOINT ENERGY INC,CNP,Deloitte,431045000,28.36,12224436200
5742,2018,CENTERPOINT ENERGY INC,CNP,Deloitte,501198000,28.23,14148819540
5750,2016,HOVNANIAN ENTRPRS INC  -CL A,HOV,Deloitte,147297000,1.56,229783320
5750,2017,HOVNANIAN ENTRPRS INC  -CL A,HOV,Deloitte,147593000,2.42,357175060
5750,2018,HOVNANIAN ENTRPRS INC  -CL A,HOV,Deloitte,148386000,1.46,216643560
5764,2016,HUBBELL INC,HUBB,PwC,55532000,116.7,6480584400
5764,2017,HUBBELL INC,HUBB,PwC,54882000,135.34,7427729880
5764,2018,HUBBELL INC,HUBB,PwC,54715000,99.34,5435388100
5783,2016,HUNT (JB) TRANSPRT SVCS INC,JBHT,E&Y,111305000,97.07,10804376350
5783,2017,HUNT (JB) TRANSPRT SVCS INC,JBHT,E&Y,109753000,114.98,12619399940
5783,2018,HUNT (JB) TRANSPRT SVCS INC,JBHT,E&Y,108711000,93.04,10114471440
5786,2016,HUNTINGTON BANCSHARES,HBAN,PwC,1085688000,13.22,14352795360
5786,2017,HUNTINGTON BANCSHARES,HBAN,PwC,1072027000,14.56,15608713120
5786,2018,HUNTINGTON BANCSHARES,HBAN,PwC,1046767000,11.92,12477462640
5788,2016,HURCO COS INC,HURC,E&Y,6573000,26.2,172212600
5792,2016,HUTTIG BUILDING PRODUCTS INC,HBP,KPMG,25639000,6.61,169473790
5792,2017,HUTTIG BUILDING PRODUCTS INC,HBP,KPMG,25843000,6.65,171855950
5792,2018,HUTTIG BUILDING PRODUCTS INC,HBP,KPMG,25993000,1.8,46787400
5831,2017,IEC ELECTRONICS CORP,IEC,Deloitte,10197000,4.93,50271210
5831,2018,IEC ELECTRONICS CORP,IEC,Deloitte,10249000,5.27,54012230
5849,2016,BBX CAPITAL CORP,BBX,Grant Thornton,98030000,4.88,478386400
5849,2017,BBX CAPITAL CORP,BBX,Grant Thornton,99652000,7.97,794226440
5849,2018,BBX CAPITAL CORP,BBX,Grant Thornton,93220000,5.73,534150600
5860,2016,ITT INC,ITT,Deloitte,88400000,38.57,3409588000
5860,2017,ITT INC,ITT,Deloitte,88200000,53.37,4707234000
5860,2018,ITT INC,ITT,Deloitte,87600000,48.27,4228452000
5862,2016,RAYONIER INC,RYN,E&Y,122904000,26.6,3269246400
5862,2017,RAYONIER INC,RYN,E&Y,128971000,31.63,4079352730
5862,2018,RAYONIER INC,RYN,E&Y,129489000,27.69,3585550410
5870,2016,IDACORP INC,IDA,Deloitte,50397000,80.55,4059478350
5870,2017,IDACORP INC,IDA,Deloitte,50392000,91.36,4603813120
5870,2018,IDACORP INC,IDA,Deloitte,50393000,93.06,4689572580
5878,2016,ILLINOIS TOOL WORKS,ITW,Deloitte,346900000,122.46,42481374000
5878,2017,ILLINOIS TOOL WORKS,ITW,Deloitte,341500000,166.85,56979275000
5878,2018,ILLINOIS TOOL WORKS,ITW,Deloitte,328100000,126.69,41566989000
5888,2018,TELIGENT INC,TLGT,Deloitte,53774000,1.37,73670380
5902,2016,IMMUNOMEDICS INC,IMMU,KPMG,95833000,2.32,222332560
5902,2017,IMMUNOMEDICS INC,IMMU,KPMG,110310000,8.83,974037300
5902,2018,IMMUNOMEDICS INC,IMMU,KPMG,186766000,23.67,4420751220
5918,2016,VECTREN CORP,VVC,Deloitte,82900000,52.15,4323235000
5918,2017,VECTREN CORP,VVC,Deloitte,83000000,65.02,5396660000
5959,2016,INGERSOLL-RAND PLC,IR,PwC,259006000,75.04,19435810240
5959,2017,INGERSOLL-RAND PLC,IR,PwC,249479000,89.19,22251032010
5959,2018,INGERSOLL-RAND PLC,IR,PwC,241905000,91.23,22068993150
5968,2016,RYERSON HOLDING CORP,RYI,E&Y,37133000,13.35,495725550
5968,2017,RYERSON HOLDING CORP,RYI,E&Y,37209000,10.4,386973600
5968,2018,RYERSON HOLDING CORP,RYI,E&Y,37444000,6.34,237394960
5978,2016,AEGION CORP,AEGN,PwC,33956000,23.7,804757200
5978,2017,AEGION CORP,AEGN,PwC,32463000,25.43,825534090
5978,2018,AEGION CORP,AEGN,PwC,31922000,16.32,520967040
5987,2016,GRIFFON CORP,GFF,Grant Thornton,45169000,17.01,768324690
5987,2017,GRIFFON CORP,GFF,Grant Thornton,47106000,22.2,1045753200
5987,2018,GRIFFON CORP,GFF,Grant Thornton,45674000,16.15,737635100
6003,2016,INTEGRATED DEVICE TECH INC,IDTI,PwC,133175000,23.67,3152252250
6003,2017,INTEGRATED DEVICE TECH INC,IDTI,PwC,129531000,30.56,3958467360
6008,2016,INTEL CORP,INTC,E&Y,4730000000,36.27,1.71557E+11
6008,2017,INTEL CORP,INTC,E&Y,4687000000,46.16,2.16352E+11
6008,2018,INTEL CORP,INTC,E&Y,4516000000,46.93,2.11936E+11
6034,2016,INTERFACE INC,TILE,BDO Seidman,64238000,18.55,1191614900
6034,2017,INTERFACE INC,TILE,BDO Seidman,59806000,25.15,1504120900
6034,2018,INTERFACE INC,TILE,BDO Seidman,59508000,14.25,847989000
6066,2016,INTL BUSINESS MACHINES CORP,IBM,PwC,945867000,165.99,1.57004E+11
6066,2017,INTL BUSINESS MACHINES CORP,IBM,PwC,922179000,153.42,1.41481E+11
6066,2018,INTL BUSINESS MACHINES CORP,IBM,PwC,892479000,113.67,1.01448E+11
6078,2016,INTL FLAVORS & FRAGRANCES,IFF,PwC,79213000,117.83,9333667790
6078,2017,INTL FLAVORS & FRAGRANCES,IFF,PwC,78947000,152.61,12048101670
6078,2018,INTL FLAVORS & FRAGRANCES,IFF,PwC,106619000,134.27,14315733130
6081,2016,NAVISTAR INTERNATIONAL CORP,NAV,KPMG,81600000,22.3,1819680000
6081,2017,NAVISTAR INTERNATIONAL CORP,NAV,KPMG,98500000,42.31,4167535000
6081,2018,NAVISTAR INTERNATIONAL CORP,NAV,KPMG,98900000,33.49,3312161000
6100,2016,INTERDIGITAL INC,IDCC,PwC,34298000,91.35,3133122300
6100,2017,INTERDIGITAL INC,IDCC,PwC,34622000,76.15,2636465300
6100,2018,INTERDIGITAL INC,IDCC,PwC,33529000,66.43,2227331470
6104,2016,INTL PAPER CO,IP,Deloitte,411245000,53.06,21820659700
6104,2017,INTL PAPER CO,IP,Deloitte,412941000,57.94,23925801540
6104,2018,INTL PAPER CO,IP,Deloitte,400606000,40.36,16168458160
6116,2016,INTL SPEEDWAY CORP  -CL A,ISCA,E&Y,44690000,36.8,1644592000
6116,2017,INTL SPEEDWAY CORP  -CL A,ISCA,E&Y,43821000,41.25,1807616250
6116,2018,INTL SPEEDWAY CORP  -CL A,ISCA,E&Y,43053000,42.34,1822864020
6136,2016,INTERPUBLIC GROUP OF COS,IPG,PwC,391600000,23.41,9167356000
6136,2017,INTERPUBLIC GROUP OF COS,IPG,PwC,383200000,20.16,7725312000
6136,2018,INTERPUBLIC GROUP OF COS,IPG,PwC,383600000,20.63,7913668000
6158,2016,INVACARE CORP,IVC,E&Y,32431000,13.05,423224550
6158,2017,INVACARE CORP,IVC,E&Y,32837000,16.85,553303450
6158,2018,INVACARE CORP,IVC,E&Y,33175000,4.3,142652500
6196,2016,ANIXTER INTL INC,AXE,E&Y,33438000,81.05,2710149900
6196,2017,ANIXTER INTL INC,AXE,E&Y,33657000,76,2557932000
6196,2018,ANIXTER INTL INC,AXE,E&Y,33863000,54.31,1839099530
6216,2016,JACOBS ENGINEERING GROUP INC,JEC,E&Y,120951000,51.72,6255585720
6216,2017,JACOBS ENGINEERING GROUP INC,JEC,E&Y,120386000,58.27,7014892220
6216,2018,JACOBS ENGINEERING GROUP INC,JEC,E&Y,142218000,76.5,10879677000
6223,2016,EMCOR GROUP INC,EME,E&Y,59947000,70.76,4241849720
6223,2017,EMCOR GROUP INC,EME,E&Y,58798000,81.75,4806736500
6223,2018,EMCOR GROUP INC,EME,E&Y,55984000,59.69,3341684960
6233,2016,SCULLY ROYALTY LTD,SRL,PwC,63142000,1.95,123126900
6233,2018,SCULLY ROYALTY LTD,SRL,BDO Seidman,12534000,5.2,65176800
6266,2016,JOHNSON & JOHNSON,JNJ,PwC,2706511000,115.21,3.11817E+11
6266,2017,JOHNSON & JOHNSON,JNJ,PwC,2682525000,139.72,3.74802E+11
6266,2018,JOHNSON & JOHNSON,JNJ,PwC,2662324000,129.05,3.43573E+11
6268,2016,JOHNSON CONTROLS INTL PLC,JCI,PwC,935796000,46.53,43542587880
6268,2017,JOHNSON CONTROLS INTL PLC,JCI,PwC,927975000,40.29,37388112750
6268,2018,JOHNSON CONTROLS INTL PLC,JCI,PwC,925007000,35,32375245000
6304,2016,KLA CORP,KLAC,PwC,155995000,73.25,11426633750
6304,2017,KLA CORP,KLAC,PwC,156840000,91.51,14352428400
6304,2018,KLA CORP,KLAC,PwC,156048000,102.53,15999601440
6307,2016,SEARS HOLDINGS CORP,SHLDQ,Deloitte,107000000,6.98,746860000
6307,2017,SEARS HOLDINGS CORP,SHLDQ,Deloitte,107800000,2.57,277046000
6310,2016,KINDER MORGAN INC,KMI,PwC,2230102000,20.71,46185412420
6310,2017,KINDER MORGAN INC,KMI,PwC,2217110000,18.07,40063177700
6310,2018,KINDER MORGAN INC,KMI,PwC,2262166000,15.38,34792113080
6326,2016,KAMAN CORP,KAMN,PwC,27108000,48.93,1326394440
6326,2017,KAMAN CORP,KAMN,PwC,27815000,58.84,1636634600
6326,2018,KAMAN CORP,KAMN,PwC,27872000,56.09,1563340480
6334,2016,GREAT PLAINS ENERGY INC,GXP,Deloitte,215351000,27.35,5889849850
6334,2017,GREAT PLAINS ENERGY INC,GXP,Deloitte,215664000,32.24,6953007360
6335,2016,KANSAS CITY SOUTHERN,KSU,KPMG,106607000,84.85,9045603950
6335,2017,KANSAS CITY SOUTHERN,KSU,KPMG,103037000,105.22,10841553140
6335,2018,KANSAS CITY SOUTHERN,KSU,PwC,100897000,95.45,9630618650
6338,2016,EVERGY INC,EVRG,Deloitte,141791000,56.35,7989922850
6338,2017,EVERGY INC,EVRG,Deloitte,142094000,52.8,7502563200
6338,2018,EVERGY INC,EVRG,Deloitte,255326000,56.77,14494857020
6375,2016,KELLOGG CO,K,PwC,351069000,73.71,25877295990
6375,2017,KELLOGG CO,K,PwC,345603000,67.98,23494091940
6375,2018,KELLOGG CO,K,PwC,343865000,57.01,19603743650
6379,2016,KELLY SERVICES INC  -CL A,KELYA,PwC,38200000,22.92,875544000
6379,2017,KELLY SERVICES INC  -CL A,KELYA,PwC,38400000,27.27,1047168000
6379,2018,KELLY SERVICES INC  -CL A,KELYA,PwC,38900000,20.48,796672000
6386,2016,KENNAMETAL INC,KMT,PwC,79694000,22.11,1762034340
6386,2017,KENNAMETAL INC,KMT,PwC,80665000,37.42,3018484300
6386,2018,KENNAMETAL INC,KMT,PwC,81646000,35.9,2931091400
6410,2016,KEWAUNEE SCIENTIFIC CORP,KEQU,E&Y,2712000,22.9,62104800
6410,2017,KEWAUNEE SCIENTIFIC CORP,KEQU,E&Y,2733000,34.95,95518350
6416,2016,KEY TRONIC CORP,KTCC,BDO Seidman,10725000,7.53,80759250
6416,2017,KEY TRONIC CORP,KTCC,BDO Seidman,10760000,7.0899,76287324
6416,2018,KEY TRONIC CORP,KTCC,BDO Seidman,10760000,7.58,81560800
6433,2016,KIMBALL INTERNATIONAL  -CL B,KBAL,Deloitte,37513000,11.38,426897940
6433,2017,KIMBALL INTERNATIONAL  -CL B,KBAL,Deloitte,37298000,16.69,622503620
6433,2018,KIMBALL INTERNATIONAL  -CL B,KBAL,Deloitte,37124000,16.16,599923840
6435,2016,KIMBERLY-CLARK CORP,KMB,Deloitte,356568000,114.12,40691540160
6435,2017,KIMBERLY-CLARK CORP,KMB,Deloitte,351106000,120.66,42364449960
6435,2018,KIMBERLY-CLARK CORP,KMB,Deloitte,344962000,113.94,39304970280
6461,2016,KIRBY CORP,KEX,KPMG,53855000,66.5,3581357500
6461,2017,KIRBY CORP,KEX,KPMG,59689000,66.8,3987225200
6461,2018,KIRBY CORP,KEX,KPMG,59864000,67.36,4032439040
6494,2016,KOMATSU LTD,KMTUY,KPMG,942983000,26.039,24554334337
6494,2017,KOMATSU LTD,KMTUY,KPMG,943305000,32.957,31088502885
6502,2016,KROGER CO,KR,PwC,924000000,33.96,31379040000
6502,2017,KROGER CO,KR,PwC,870000000,30.36,26413200000
6502,2018,KROGER CO,KR,PwC,798000000,28.33,22607340000
6506,2016,KUBOTA CORP,KUBTY,Deloitte,248141000,71.527,17748781307
6506,2017,KUBOTA CORP,KUBTY,Deloitte,246732000,98.069,24196760508
6506,2018,KUBOTA CORP,KUBTY,Deloitte,246423000,71.162,17535953526
6509,2016,KULICKE & SOFFA INDUSTRIES,KLIC,PwC,70420000,12.93,910530600
6509,2017,KULICKE & SOFFA INDUSTRIES,KLIC,PwC,70197000,21.57,1514149290
6509,2018,KULICKE & SOFFA INDUSTRIES,KLIC,PwC,67143000,23.84,1600689120
6512,2016,KYOCERA CORP,KYOCY,PwC,367713000,56.13,20639730690
6512,2017,KYOCERA CORP,KYOCY,PwC,367708000,56.74,20863751920
6512,2018,KYOCERA CORP,KYOCY,PwC,361754000,58.725,21244003650
6527,2016,LSI INDUSTRIES INC,LYTS,Grant Thornton,24982000,11.07,276550740
6527,2017,LSI INDUSTRIES INC,LYTS,Grant Thornton,25429000,9.05,230132450
6527,2018,LSI INDUSTRIES INC,LYTS,Grant Thornton,25642000,5.34,136928280
6528,2016,LSB INDUSTRIES INC,LXU,E&Y,28276000,8.42,238083920
6528,2017,LSB INDUSTRIES INC,LXU,E&Y,28619000,8.76,250702440
6528,2018,LSB INDUSTRIES INC,LXU,E&Y,28845000,5.52,159224400
6532,2016,XCERRA CORP,XCRA,BDO Seidman,53613000,6.1,327039300
6532,2017,XCERRA CORP,XCRA,BDO Seidman,54318000,9.71,527427780
6543,2016,LA-Z-BOY INC,LZB,PwC,48472000,27.9,1352368800
6543,2017,LA-Z-BOY INC,LZB,PwC,46788000,28.8,1347494400
6543,2018,LA-Z-BOY INC,LZB,PwC,46955000,32.8,1540124000
6547,2016,SPIRE INC,SR,Deloitte,45651000,63.74,2909794740
6547,2017,SPIRE INC,SR,Deloitte,48263000,74.65,3602832950
6547,2018,SPIRE INC,SR,Deloitte,50672000,73.55,3726925600
6565,2016,LAM RESEARCH CORP,LRCX,E&Y,160201000,84.06,13466496060
6565,2017,LAM RESEARCH CORP,LRCX,E&Y,161723000,141.43,22872483890
6565,2018,LAM RESEARCH CORP,LRCX,E&Y,156892000,172.85,27118782200
6573,2016,LANCASTER COLONY CORP,LANC,Deloitte,27424000,127.61,3499576640
6573,2017,LANCASTER COLONY CORP,LANC,Deloitte,27448000,122.62,3365673760
6573,2018,LANCASTER COLONY CORP,LANC,Deloitte,27488000,138.42,3804888960
6574,2016,SNYDERS-LANCE INC,LNCE,PwC,96243000,38.34,3689956620
6574,2017,SNYDERS-LANCE INC,LNCE,PwC,97858000,50.08,4900728640
6617,2016,LAWSON PRODUCTS,LAWS,BDO Seidman,8833000,23.8,210225400
6617,2017,LAWSON PRODUCTS,LAWS,BDO Seidman,8888000,24.75,219978000
6617,2018,LAWSON PRODUCTS,LAWS,BDO Seidman,8956000,31.6,283009600
6639,2016,LEE ENTERPRISES INC,LEE,KPMG,55771000,3.75,209141250
6639,2017,LEE ENTERPRISES INC,LEE,KPMG,56712000,2.2,124766400
6639,2018,LEE ENTERPRISES INC,LEE,KPMG,57141000,2.65,151423650
6649,2016,LEGGETT & PLATT INC,LEG,PwC,133500000,48.88,6525480000
6649,2017,LEGGETT & PLATT INC,LEG,PwC,131900000,47.73,6295587000
6649,2018,LEGGETT & PLATT INC,LEG,PwC,130500000,35.84,4677120000
6653,2016,LEGG MASON INC,LM,PwC,95727000,36.11,3456701970
6653,2017,LEGG MASON INC,LM,PwC,84606000,40.65,3439233900
6653,2018,LEGG MASON INC,LM,PwC,85557000,27.37,2341695090
6669,2016,LENNAR CORP,LEN,Deloitte,234475000,42.54,9974566500
6669,2017,LENNAR CORP,LEN,Deloitte,239964000,62.78,15064939920
6669,2018,LENNAR CORP,LEN,Deloitte,324238000,42.73,13854689740
6682,2016,JEFFERIES FINANCIAL GRP INC,JEF,PwC,359425000,23.25,8356631250
6682,2017,JEFFERIES FINANCIAL GRP INC,JEF,Deloitte,356227000,26.49,9436453230
6682,2018,JEFFERIES FINANCIAL GRP INC,JEF,Deloitte,307515000,21.85,6719202750
6730,2016,LILLY (ELI) & CO,LLY,E&Y,1050875000,73.55,77291856250
6730,2017,LILLY (ELI) & CO,LLY,E&Y,1050008000,84.46,88683675680
6730,2018,LILLY (ELI) & CO,LLY,E&Y,1007035000,115.72,1.16534E+11
6733,2016,L BRANDS INC,LB,E&Y,286000000,60.21,17220060000
6733,2017,L BRANDS INC,LB,E&Y,280000000,50.09,14025200000
6733,2018,L BRANDS INC,LB,E&Y,275000000,27.84,7656000000
6737,2016,LINCOLN ELECTRIC HLDGS INC,LECO,E&Y,65675000,76.67,5035302250
6737,2017,LINCOLN ELECTRIC HLDGS INC,LECO,E&Y,65663000,91.58,6013417540
6737,2018,LINCOLN ELECTRIC HLDGS INC,LECO,E&Y,63546000,78.85,5010602100
6742,2016,LINCOLN NATIONAL CORP,LNC,E&Y,226335000,66.27,14999220450
6742,2017,LINCOLN NATIONAL CORP,LNC,E&Y,218090000,76.87,16764578300
6742,2018,LINCOLN NATIONAL CORP,LNC,E&Y,205863000,51.31,10562830530
6768,2016,KATE SPADE & CO,KATE,Deloitte,128176000,18.67,2393045920
6774,2016,LOCKHEED MARTIN CORP,LMT,E&Y,289000000,249.94,72232660000
6774,2017,LOCKHEED MARTIN CORP,LMT,E&Y,284000000,321.05,91178200000
6774,2018,LOCKHEED MARTIN CORP,LMT,E&Y,281000000,261.84,73577040000
6781,2016,LOEWS CORP,L,Deloitte,336621000,46.83,15763961430
6781,2017,LOEWS CORP,L,Deloitte,332088000,50.03,16614362640
6781,2018,LOEWS CORP,L,Deloitte,312069000,45.52,14205380880
6788,2016,RANGE RESOURCES CORP,RRC,E&Y,247144000,34.36,8491867840
6788,2017,RANGE RESOURCES CORP,RRC,E&Y,248129000,17.06,4233080740
6788,2018,RANGE RESOURCES CORP,RRC,E&Y,249510000,9.57,2387810700
6791,2016,FIRST ACCEPTANCE CORP,FACO,E&Y,41160000,1.04,42806400
6791,2017,FIRST ACCEPTANCE CORP,FACO,E&Y,41235000,1.19,49069650
6821,2016,LOUISIANA-PACIFIC CORP,LPX,Deloitte,144317000,18.93,2731920810
6821,2017,LOUISIANA-PACIFIC CORP,LPX,Deloitte,144896000,26.26,3804968960
6821,2018,LOUISIANA-PACIFIC CORP,LPX,Deloitte,136833000,22.22,3040429260
6829,2016,LOWE'S COS INC,LOW,Deloitte,866000000,73.08,63287280000
6829,2017,LOWE'S COS INC,LOW,Deloitte,830000000,104.73,86925900000
6829,2018,LOWE'S COS INC,LOW,Deloitte,801000000,96.16,77024160000
6831,2016,LUBYS INC,LUB,Grant Thornton,28940000,4.5,130230000
6831,2017,LUBYS INC,LUB,Grant Thornton,29124000,2.65,77178600
6831,2018,LUBYS INC,LUB,Grant Thornton,29504000,2.02,59598080
6845,2016,LYDALL INC,LDL,PwC,17232000,61.85,1065799200
6845,2017,LYDALL INC,LDL,PwC,17343000,50.75,880157250
6845,2018,LYDALL INC,LDL,PwC,17556000,20.31,356562360
6865,2016,MDC HOLDINGS INC,MDC,E&Y,51485000,25.66,1321105100
6865,2017,MDC HOLDINGS INC,MDC,E&Y,56123000,31.88,1789201240
6865,2018,MDC HOLDINGS INC,MDC,E&Y,56615000,28.11,1591447650
6867,2016,MDU RESOURCES GROUP INC,MDU,Deloitte,195304000,28.77,5618896080
6867,2017,MDU RESOURCES GROUP INC,MDU,Deloitte,195304000,26.88,5249771520
6867,2018,MDU RESOURCES GROUP INC,MDU,Deloitte,196026000,23.84,4673259840
6900,2016,MTS SYSTEMS CORP,MTSC,KPMG,16660000,46.03,766859800
6900,2017,MTS SYSTEMS CORP,MTSC,KPMG,17760000,53.45,949272000
6900,2018,MTS SYSTEMS CORP,MTSC,KPMG,17856000,54.75,977616000
6932,2016,MGE ENERGY INC,MGEE,PwC,34668000,65.3,2263820400
6932,2017,MGE ENERGY INC,MGEE,PwC,34668000,63.1,2187550800
6932,2018,MGE ENERGY INC,MGEE,PwC,34668000,59.96,2078693280
6946,2016,MAGNA INTERNATIONAL INC,MGA,Deloitte,382253000,43.4,16589780200
6946,2017,MAGNA INTERNATIONAL INC,MGA,Deloitte,358063000,56.67,20291430210
6946,2018,MAGNA INTERNATIONAL INC,MGA,Deloitte,327339000,45.45,14877557550
6972,2016,MAKITA CORP,MKTAY,KPMG,135732000,69.999,9501104268
6972,2017,MAKITA CORP,MKTAY,KPMG,271468000,48.895,13273427860
6994,2016,MANITOWOC CO,MTW,PwC,139841000,5.98,836249180
6994,2017,MANITOWOC CO,MTW,PwC,35274000,39.34,1387679160
6994,2018,MANITOWOC CO,MTW,PwC,35589000,14.77,525649530
7017,2016,MARATHON OIL CORP,MRO,PwC,847000000,17.31,14661570000
7017,2017,MARATHON OIL CORP,MRO,PwC,850000000,16.93,14390500000
7017,2018,MARATHON OIL CORP,MRO,PwC,819000000,14.34,11744460000
7022,2016,MARCUS CORP,MCS,Deloitte,27672000,31.5,871668000
7022,2017,MARCUS CORP,MCS,Deloitte,27854000,27.35,761806900
7022,2018,MARCUS CORP,MCS,Deloitte,28350000,39.5,1119825000
7063,2016,HOST HOTELS & RESORTS INC,HST,KPMG,737800000,18.84,13900152000
7063,2017,HOST HOTELS & RESORTS INC,HST,KPMG,739100000,19.85,14671135000
7063,2018,HOST HOTELS & RESORTS INC,HST,KPMG,740400000,16.67,12342468000
7065,2016,MARSH & MCLENNAN COS,MMC,Deloitte,514491000,67.59,34774446690
7065,2017,MARSH & MCLENNAN COS,MMC,Deloitte,508712000,81.39,41404069680
7065,2018,MARSH & MCLENNAN COS,MMC,Deloitte,503837000,79.75,40181000750
7085,2016,MASCO CORP,MAS,PwC,318000000,31.62,10055160000
7085,2017,MASCO CORP,MAS,PwC,310400000,43.94,13638976000
7085,2018,MASCO CORP,MAS,PwC,293900000,29.24,8593636000
7092,2016,CCUR HOLDINGS INC,CCUR,Deloitte,9180000,5.22,47919600
7092,2017,CCUR HOLDINGS INC,CCUR,Deloitte,9373000,6.65,62330450
7114,2016,PANASONIC CORP,PCRFY,KPMG,2332405000,11.29,26332852450
7114,2017,PANASONIC CORP,PCRFY,KPMG,2332335000,14.137,32972219895
7116,2016,MATTEL INC,MAT,PwC,342400000,27.55,9433120000
7116,2017,MATTEL INC,MAT,PwC,343800000,15.38,5287644000
7116,2018,MATTEL INC,MAT,PwC,345300000,9.99,3449547000
7124,2016,MAXWELL TECHNOLOGIES INC,MXWL,BDO Seidman,32135000,5.12,164531200
7124,2017,MAXWELL TECHNOLOGIES INC,MXWL,BDO Seidman,37200000,5.76,214272000
7124,2018,MAXWELL TECHNOLOGIES INC,MXWL,BDO Seidman,45996000,2.07,95211720
7146,2016,MCCORMICK & CO INC,MKC,E&Y,125300000,91.2,11427360000
7146,2017,MCCORMICK & CO INC,MKC,E&Y,131000000,102.18,13385580000
7146,2018,MCCORMICK & CO INC,MKC,E&Y,132100000,150,19815000000
7152,2016,MCDERMOTT INTL INC,MDR,Deloitte,241388000,7.39,1783857320
7152,2017,MCDERMOTT INTL INC,MDR,Deloitte,284027000,6.58,1868897660
7152,2018,MCDERMOTT INTL INC,MDR,E&Y,181000000,6.54,1183740000
7154,2016,MCDONALD'S CORP,MCD,E&Y,819300000,121.72,99725196000
7154,2017,MCDONALD'S CORP,MCD,E&Y,794100000,172.12,1.3668E+11
7154,2018,MCDONALD'S CORP,MCD,E&Y,767100000,177.57,1.36214E+11
7161,2016,MCGRATH RENTCORP,MGRC,Grant Thornton,23948000,39.19,938522120
7161,2017,MCGRATH RENTCORP,MGRC,Grant Thornton,24052000,46.98,1129962960
7161,2018,MCGRATH RENTCORP,MGRC,Grant Thornton,24182000,51.48,1244889360
7163,2016,S&P GLOBAL INC,SPGI,E&Y,258300000,107.54,27777582000
7163,2017,S&P GLOBAL INC,SPGI,E&Y,253700000,169.4,42976780000
7163,2018,S&P GLOBAL INC,SPGI,E&Y,248400000,169.94,42213096000
7171,2016,MCKESSON CORP,MCK,Deloitte,211000000,148.26,31282860000
7171,2017,MCKESSON CORP,MCK,Deloitte,202000000,140.87,28455740000
7171,2018,MCKESSON CORP,MCK,Deloitte,190000000,117.06,22241400000
7179,2016,MCRAE INDUSTRIES  -CL A,MCRAA,Grant Thornton,2419000,23.7,57330300
7179,2017,MCRAE INDUSTRIES  -CL A,MCRAA,Grant Thornton,2398000,33,79134000
7179,2018,MCRAE INDUSTRIES  -CL A,MCRAA,Grant Thornton,2394000,30,71820000
7228,2016,MEDTRONIC PLC,MDT,PwC,1369425000,83.09,1.13786E+11
7228,2017,MEDTRONIC PLC,MDT,PwC,1354218000,80.13,1.08513E+11
7228,2018,MEDTRONIC PLC,MDT,PwC,1340698000,88.81,1.19067E+11
7232,2016,PASSUR AEROSPACE INC,PSSR,BDO Seidman,7690000,3.55,27299500
7232,2017,PASSUR AEROSPACE INC,PSSR,BDO Seidman,7697000,2.69,20704930
7232,2018,PASSUR AEROSPACE INC,PSSR,BDO Seidman,7696000,1.455,11197680
7241,2016,CVS HEALTH CORP,CVS,E&Y,1061000000,78.91,83723510000
7241,2017,CVS HEALTH CORP,CVS,E&Y,1014000000,72.5,73515000000
7241,2018,CVS HEALTH CORP,CVS,E&Y,1295000000,65.52,84848400000
7251,2016,MENTOR GRAPHICS CORP,MENT,KPMG,110383000,36.91,4074236530
7257,2016,MERCK & CO,MRK,PwC,2748731000,58.87,1.61818E+11
7257,2017,MERCK & CO,MRK,PwC,2696612000,56.27,1.51738E+11
7257,2018,MERCK & CO,MRK,PwC,2592560000,76.41,1.98098E+11
7260,2016,MEREDITH CORP,MDP,KPMG,44556000,51.91,2312901960
7260,2017,MEREDITH CORP,MDP,KPMG,44552000,59.45,2648616400
7260,2018,MEREDITH CORP,MDP,KPMG,44900000,51,2289900000
7277,2016,MESA ROYALTY TRUST,MTR,KPMG,1864000,10.9,20317600
7277,2017,MESA ROYALTY TRUST,MTR,KPMG,1864000,18.45,34390800
7277,2018,MESA ROYALTY TRUST,MTR,KPMG,1864000,10.85,20224400
7291,2016,METHODE ELECTRONICS INC,MEI,E&Y,36787000,44.55,1638860850
7291,2017,METHODE ELECTRONICS INC,MEI,E&Y,36852000,39.9,1470394800
7291,2018,METHODE ELECTRONICS INC,MEI,E&Y,36987000,29.51,1091486370
7295,2018,EVI INDUSTRIES INC,EVI,BDO Seidman,11187000,40.3,450836100
7309,2016,MEXCO ENERGY CORP,MXC,Grant Thornton,2037000,3.86,7862820
7316,2016,MICHAELS COS INC,MIK,E&Y,193311000,19.67,3802427370
7316,2017,MICHAELS COS INC,MIK,E&Y,181919000,26.87,4888163530
7316,2018,MICHAELS COS INC,MIK,E&Y,157774000,13.86,2186747640
7343,2016,MICRON TECHNOLOGY INC,MU,PwC,1040000000,16.49,17149600000
7343,2017,MICRON TECHNOLOGY INC,MU,PwC,1112000000,31.97,35550640000
7343,2018,MICRON TECHNOLOGY INC,MU,PwC,1161000000,52.52,60975720000
7344,2016,MICROPAC INDUSTRIES INC,MPAD,KPMG,2578000,8.5,21913000
7346,2016,MICROSEMI CORP,MSCC,PwC,113600000,41.98,4768928000
7346,2017,MICROSEMI CORP,MSCC,PwC,116300000,51.48,5987124000
7366,2016,ENTERGY CORP,ETR,Deloitte,179130000,73.47,13160681100
7366,2017,ENTERGY CORP,ETR,Deloitte,180518000,81.39,14692360020
7366,2018,ENTERGY CORP,ETR,Deloitte,189056000,86.07,16272049920
7389,2016,MIKROS SYSTEMS CORP,MKRS,BDO Seidman,35425000,0.2398,8494915
7389,2017,MIKROS SYSTEMS CORP,MKRS,BDO Seidman,35562000,0.4831,17180002.2
7401,2016,MILLER (HERMAN) INC,MLHR,E&Y,59716000,31.55,1884039800
7401,2017,MILLER (HERMAN) INC,MLHR,E&Y,59231000,32.75,1939815250
7401,2018,MILLER (HERMAN) INC,MLHR,E&Y,58794000,35.49,2086599060
7420,2016,MSA SAFETY INC,MSA,E&Y,37736000,69.33,2616236880
7420,2017,MSA SAFETY INC,MSA,E&Y,38223000,77.52,2963046960
7420,2018,MSA SAFETY INC,MSA,E&Y,38527000,94.27,3631940290
7422,2016,EXCO RESOURCES INC,EXCE,KPMG,282974000,0.8737,247234383.8
7422,2017,EXCO RESOURCES INC,EXCE,KPMG,21630000,0.21,4542300
7422,2018,EXCO RESOURCES INC,EXCE,KPMG,21585000,0.019,410115
7435,2016,3M CO,MMM,PwC,596726000,178.57,1.06557E+11
7435,2017,3M CO,MMM,PwC,594884000,235.37,1.40018E+11
7435,2018,3M CO,MMM,PwC,576575000,190.54,1.09861E+11
7437,2016,ALLETE INC,ALE,PwC,49560000,64.19,3181256400
7437,2017,ALLETE INC,ALE,PwC,51117000,74.36,3801060120
7437,2018,ALLETE INC,ALE,PwC,51509000,76.22,3926015980
7471,2016,MITSUI & CO LTD,MITSY,Deloitte,88203000,289.419,25527624057
7471,2017,MITSUI & CO LTD,MITSY,Deloitte,86896000,340.386,29578181856
7486,2016,MODINE MANUFACTURING CO,MOD,PwC,50100000,12.2,611220000
7486,2017,MODINE MANUFACTURING CO,MOD,PwC,50500000,21.15,1068075000
7486,2018,MODINE MANUFACTURING CO,MOD,PwC,50700000,13.87,703209000
7526,2016,QUIDEL CORP,QDEL,E&Y,32897000,21.42,704653740
7526,2017,QUIDEL CORP,QDEL,E&Y,34540000,43.35,1497309000
7526,2018,QUIDEL CORP,QDEL,E&Y,39386000,48.82,1922824520
7549,2016,MOOG INC  -CL A,MOG.A,E&Y,35866000,59.54,2135461640
7549,2017,MOOG INC  -CL A,MOG.A,E&Y,35783000,83.43,2985375690
7549,2018,MOOG INC  -CL A,MOG.A,E&Y,34798000,85.97,2991584060
7566,2016,RUBY TUESDAY INC,RT,KPMG,60755000,2.2,133661000
7585,2016,MOTOROLA SOLUTIONS INC,MSI,KPMG,164700000,82.89,13651983000
7585,2017,MOTOROLA SOLUTIONS INC,MSI,KPMG,161200000,90.34,14562808000
7585,2018,MOTOROLA SOLUTIONS INC,MSI,KPMG,163500000,115.04,18809040000
7620,2016,MURPHY OIL CORP,MUR,KPMG,172202000,31.13,5360648260
7620,2017,MURPHY OIL CORP,MUR,KPMG,172573000,31.05,5358391650
7620,2018,MURPHY OIL CORP,MUR,KPMG,173059000,23.39,4047850010
7636,2016,MYERS INDUSTRIES INC,MYE,E&Y,30020000,14.3,429286000
7636,2017,MYERS INDUSTRIES INC,MYE,E&Y,30496000,19.5,594672000
7636,2018,MYERS INDUSTRIES INC,MYE,E&Y,35374000,15.11,534501140
7637,2016,MYLAN NV,MYL,Deloitte,535328000,38.15,20422763200
7637,2017,MYLAN NV,MYL,Deloitte,524207000,42.31,22179198170
7637,2018,MYLAN NV,MYL,Deloitte,515799000,27.4,14132892600
7647,2016,BANK OF AMERICA CORP,BAC,PwC,10052626000,22.1,2.22163E+11
7647,2017,BANK OF AMERICA CORP,BAC,PwC,10287302000,29.52,3.03681E+11
7647,2018,BANK OF AMERICA CORP,BAC,PwC,9669286000,24.64,2.38251E+11
7648,2016,NCR CORP,NCR,PwC,124600000,40.56,5053776000
7648,2017,NCR CORP,NCR,PwC,122000000,33.99,4146780000
7648,2018,NCR CORP,NCR,PwC,118700000,23.08,2739596000
7658,2016,NL INDUSTRIES,NL,PwC,48706000,8.15,396953900
7658,2017,NL INDUSTRIES,NL,PwC,48715000,14.25,694188750
7658,2018,NL INDUSTRIES,NL,PwC,48727000,3.51,171031770
7682,2016,NANOMETRICS INC,NANO,PwC,25071000,25.06,628279260
7682,2017,NANOMETRICS INC,NANO,PwC,24629000,24.92,613754680
7682,2018,NANOMETRICS INC,NANO,PwC,24372000,27.33,666086760
7696,2016,NATHAN'S FAMOUS INC,NATH,Grant Thornton,4176000,62.65,261626400
7696,2017,NATHAN'S FAMOUS INC,NATH,Grant Thornton,4185000,73.9,309271500
7733,2016,NATIONAL FUEL GAS CO,NFG,PwC,85119000,54.07,4602384330
7733,2017,NATIONAL FUEL GAS CO,NFG,PwC,85543000,56.61,4842589230
7733,2018,NATIONAL FUEL GAS CO,NFG,PwC,85957000,56.06,4818749420
7741,2016,NATIONAL HEALTHCARE CORP,NHC,E&Y,15163000,75.79,1149203770
7741,2017,NATIONAL HEALTHCARE CORP,NHC,E&Y,15212000,60.94,927019280
7741,2018,NATIONAL HEALTHCARE CORP,NHC,E&Y,15255000,78.45,1196754750
7750,2016,TENET HEALTHCARE CORP,THC,Deloitte,99686000,14.84,1479340240
7750,2017,TENET HEALTHCARE CORP,THC,Deloitte,100972000,15.16,1530735520
7750,2018,TENET HEALTHCARE CORP,THC,Deloitte,102537000,17.14,1757484180
7759,2016,GP STRATEGIES CORP,GPX,KPMG,16741000,28.6,478792600
7759,2017,GP STRATEGIES CORP,GPX,KPMG,16748000,23.2,388553600
7759,2018,GP STRATEGIES CORP,GPX,KPMG,16620000,12.61,209578200
7762,2016,NATIONAL PRESTO INDS INC,NPK,BDO Seidman,6951000,106.4,739586400
7762,2017,NATIONAL PRESTO INDS INC,NPK,BDO Seidman,6968000,99.45,692967600
7762,2018,NATIONAL PRESTO INDS INC,NPK,BDO Seidman,6981000,116.92,816218520
7799,2016,NATURES SUNSHINE PRODS INC,NATR,Deloitte,18757000,15,281355000
7799,2017,NATURES SUNSHINE PRODS INC,NATR,Deloitte,18919000,11.55,218514450
7799,2018,NATURES SUNSHINE PRODS INC,NATR,Deloitte,19204000,8.15,156512600
7849,2016,NEW JERSEY RESOURCES CORP,NJR,Deloitte,86086000,32.86,2828785960
7849,2017,NEW JERSEY RESOURCES CORP,NJR,Deloitte,86556000,42.15,3648335400
7849,2018,NEW JERSEY RESOURCES CORP,NJR,Deloitte,88293000,46.1,4070307300
7866,2016,NEW YORK TIMES CO  -CL A,NYT,E&Y,161153000,13.3,2143334900
7866,2017,NEW YORK TIMES CO  -CL A,NYT,E&Y,162209000,18.5,3000866500
7866,2018,NEW YORK TIMES CO  -CL A,NYT,E&Y,165091000,22.29,3679878390
7875,2016,NEWELL BRANDS INC,NWL,PwC,482500000,44.65,21543625000
7875,2017,NEWELL BRANDS INC,NWL,PwC,485200000,30.9,14992680000
7875,2018,NEWELL BRANDS INC,NWL,PwC,422800000,18.59,7859852000
7881,2016,NEWMONT GOLDCORP CORP,NEM,E&Y,530465000,34.07,18072942550
7881,2017,NEWMONT GOLDCORP CORP,NEM,E&Y,533085000,37.52,20001349200
7881,2018,NEWMONT GOLDCORP CORP,NEM,E&Y,533000000,34.65,18468450000
7882,2016,NEWPARK RESOURCES,NR,Deloitte,84681000,7.5,635107500
7882,2017,NEWPARK RESOURCES,NR,Deloitte,89205000,8.6,767163000
7882,2018,NEWPARK RESOURCES,NR,Deloitte,90832000,6.87,624015840
7906,2016,NIKE INC  -CL B,NKE,PwC,1643000000,52.99,87062570000
7906,2017,NIKE INC  -CL B,NKE,PwC,1601000000,71.8,1.14952E+11
7906,2018,NIKE INC  -CL B,NKE,PwC,1568000000,77.14,1.20956E+11
7908,2016,NIPPON TELEGRAPH & TELEPHONE,NTTYY,KPMG,2015368000,42.84,86338365120
7908,2017,NIPPON TELEGRAPH & TELEPHONE,NTTYY,KPMG,1971076000,46.093,90852806068
7912,2016,NOBLE ENERGY INC,NBL,KPMG,433399000,38.06,16495165940
7912,2017,NOBLE ENERGY INC,NBL,KPMG,489956000,29.14,14277317840
7912,2018,NOBLE ENERGY INC,NBL,KPMG,482203000,18.76,9046128280
7921,2016,NORDSON CORP,NDSN,E&Y,57307000,100.13,5738149910
7921,2017,NORDSON CORP,NDSN,E&Y,57715000,126.69,7311913350
7921,2018,NORDSON CORP,NDSN,E&Y,58037000,122.67,7119398790
7922,2016,NORDSTROM INC,JWN,Deloitte,170000000,44.22,7517400000
7922,2017,NORDSTROM INC,JWN,Deloitte,167000000,49.31,8234770000
7922,2018,NORDSTROM INC,JWN,Deloitte,157600000,46.41,7314216000
7923,2016,NORFOLK SOUTHERN CORP,NSC,KPMG,290418000,108.07,31385473260
7923,2017,NORFOLK SOUTHERN CORP,NSC,KPMG,284157000,144.9,41174349300
7923,2018,NORFOLK SOUTHERN CORP,NSC,KPMG,268098000,149.54,40091374920
7938,2016,NACCO INDUSTRIES  -CL A,NC,E&Y,6779000,90.55,613838450
7938,2017,NACCO INDUSTRIES  -CL A,NC,E&Y,6852000,37.65,257977800
7938,2018,NACCO INDUSTRIES  -CL A,NC,E&Y,6922000,33.9,234655800
7951,2016,MOVADO GROUP INC,MOV,PwC,22952000,27.15,623146800
7951,2017,MOVADO GROUP INC,MOV,PwC,22938000,30.6,701902800
7951,2018,MOVADO GROUP INC,MOV,PwC,23020000,31.95,735489000
7970,2016,EVERSOURCE ENERGY,ES,Deloitte,316886000,55.23,17501613780
7970,2017,EVERSOURCE ENERGY,ES,Deloitte,316886000,63.18,20020857480
7970,2018,EVERSOURCE ENERGY,ES,Deloitte,316886000,65.04,20610265440
7974,2016,NISOURCE INC,NI,Deloitte,323160000,22.14,7154762400
7974,2017,NISOURCE INC,NI,Deloitte,337016000,25.67,8651200720
7974,2018,NISOURCE INC,NI,Deloitte,372363000,25.35,9439402050
7977,2016,XCEL ENERGY INC,XEL,Deloitte,507223000,40.7,20643976100
7977,2017,XCEL ENERGY INC,XEL,Deloitte,507763000,48.11,24428477930
7977,2018,XCEL ENERGY INC,XEL,Deloitte,514037000,49.27,25326602990
7982,2016,NORTHERN TRUST CORP,NTRS,KPMG,228605000,89.05,20357275250
7982,2017,NORTHERN TRUST CORP,NTRS,KPMG,226127000,99.89,22587826030
7982,2018,NORTHERN TRUST CORP,NTRS,KPMG,219012000,83.59,18307213080
7985,2016,NORTHROP GRUMMAN CORP,NOC,Deloitte,175068000,232.58,40717315440
7985,2017,NORTHROP GRUMMAN CORP,NOC,Deloitte,174086000,306.91,53428734260
7985,2018,NORTHROP GRUMMAN CORP,NOC,Deloitte,170607000,244.9,41781654300
7991,2016,TEREX CORP,TEX,PwC,105000000,31.53,3310650000
7991,2017,TEREX CORP,TEX,PwC,80200000,48.22,3867244000
7991,2018,TEREX CORP,TEX,PwC,69600000,27.57,1918872000
7993,2016,NORTHWEST NATURAL HLDNG CO,NWN,PwC,28630000,59.8,1712074000
7993,2017,NORTHWEST NATURAL HLDNG CO,NWN,PwC,28736000,59.65,1714102400
7993,2018,NORTHWEST NATURAL HLDNG CO,NWN,PwC,28880000,60.46,1746084800
8001,2016,NORTHWESTERN CORP,NWE,Deloitte,48332000,56.87,2748640840
8001,2017,NORTHWESTERN CORP,NWE,Deloitte,49372000,59.7,2947508400
8001,2018,NORTHWESTERN CORP,NWE,Deloitte,50324000,59.44,2991258560
8007,2016,WELLS FARGO & CO,WFC,KPMG,5016109000,55.11,2.76438E+11
8007,2017,WELLS FARGO & CO,WFC,KPMG,4891617000,60.67,2.96774E+11
8007,2018,WELLS FARGO & CO,WFC,KPMG,4581254000,46.08,2.11104E+11
8020,2016,NOVO NORDISK A/S,NVO,PwC,2504333000,35.86,89805381380
8020,2017,NOVO NORDISK A/S,NVO,PwC,2444000000,53.67,1.31169E+11
8020,2018,NOVO NORDISK A/S,NVO,PwC,2394000000,46.07,1.10292E+11
8030,2016,NUCOR CORP,NUE,PwC,318737000,59.52,18971226240
8030,2017,NUCOR CORP,NUE,PwC,317969000,63.58,20216469020
8030,2018,NUCOR CORP,NUE,PwC,305591000,51.81,15832669710
8068,2016,OCCIDENTAL PETROLEUM CORP,OXY,KPMG,764238000,71.23,54436672740
8068,2017,OCCIDENTAL PETROLEUM CORP,OXY,KPMG,765105000,73.66,56357634300
8068,2018,OCCIDENTAL PETROLEUM CORP,OXY,KPMG,749390000,61.38,45997558200
8079,2016,OCEANEERING INTERNATIONAL,OII,E&Y,98065000,28.21,2766413650
8079,2017,OCEANEERING INTERNATIONAL,OII,E&Y,98279000,21.14,2077618060
8079,2018,OCEANEERING INTERNATIONAL,OII,E&Y,98539000,12.1,1192321900
8087,2016,ITERIS INC,ITI,Deloitte,32488000,5.44,176734720
8087,2017,ITERIS INC,ITI,Deloitte,33186000,4.96,164602560
8087,2018,ITERIS INC,ITI,Deloitte,33377000,4.17,139182090
8092,2016,BRISTOW GROUP INC,BRSWQ,KPMG,35214000,15.21,535604940
8092,2017,BRISTOW GROUP INC,BRSWQ,KPMG,35527000,13,461851000
8099,2016,FIRSTENERGY CORP,FE,PwC,442344000,30.97,13699393680
8099,2017,FIRSTENERGY CORP,FE,PwC,445334000,30.62,13636127080
8099,2018,FIRSTENERGY CORP,FE,PwC,511915000,37.55,19222408250
8105,2016,OIL DRI CORP AMERICA,ODC,Grant Thornton,7260000,37.45,271887000
8105,2017,OIL DRI CORP AMERICA,ODC,Grant Thornton,7297000,41.36,301803920
8105,2018,OIL DRI CORP AMERICA,ODC,Grant Thornton,7317000,42.36,309948120
8113,2016,OGE ENERGY CORP,OGE,E&Y,199700000,33.45,6679965000
8113,2017,OGE ENERGY CORP,OGE,E&Y,199700000,32.91,6572127000
8113,2018,OGE ENERGY CORP,OGE,E&Y,199700000,39.19,7826243000
8123,2016,OLIN CORP,OLN,KPMG,165400000,25.61,4235894000
8123,2017,OLIN CORP,OLN,KPMG,167100000,35.58,5945418000
8123,2018,OLIN CORP,OLN,KPMG,165300000,20.11,3324183000
8148,2016,ONE LIBERTY PROPERTIES INC,OLP,E&Y,17600000,25.12,442112000
8148,2017,ONE LIBERTY PROPERTIES INC,OLP,E&Y,18261000,25.92,473325120
8148,2018,ONE LIBERTY PROPERTIES INC,OLP,E&Y,18736000,24.22,453785920
8151,2016,ONEOK INC,OKE,PwC,210682000,57.41,12095253620
8151,2017,ONEOK INC,OKE,PwC,388704000,53.45,20776228800
8151,2018,ONEOK INC,OKE,PwC,411533000,53.95,22202205350
8169,2016,ORBOTECH LTD,ORBK,PwC,47808000,33.41,1597265280
8169,2017,ORBOTECH LTD,ORBK,PwC,48378000,50.24,2430510720
8199,2016,OTTER TAIL CORP,OTTR,Deloitte,39348000,40.8,1605398400
8199,2017,OTTER TAIL CORP,OTTR,Deloitte,39557000,44.45,1758308650
8199,2018,OTTER TAIL CORP,OTTR,Deloitte,39665000,49.64,1968970600
8210,2016,OVERSEAS SHIPHOLDING GROUP,OSG,PwC,70271000,3.83,269137930
8210,2017,OVERSEAS SHIPHOLDING GROUP,OSG,E&Y,78278000,2.74,214481720
8210,2018,OVERSEAS SHIPHOLDING GROUP,OSG,E&Y,84835000,1.66,140826100
8213,2016,OWENS & MINOR INC,OMI,KPMG,61031000,35.29,2153783990
8213,2017,OWENS & MINOR INC,OMI,KPMG,61476000,18.88,1160666880
8213,2018,OWENS & MINOR INC,OMI,KPMG,62294000,6.33,394321020
8214,2016,OWENS CORNING,OC,PwC,112700000,51.56,5810812000
8214,2017,OWENS CORNING,OC,PwC,111500000,91.94,10251310000
8214,2018,OWENS CORNING,OC,PwC,109500000,43.98,4815810000
8215,2016,OWENS-ILLINOIS INC,OI,E&Y,162338000,17.41,2826304580
8215,2017,OWENS-ILLINOIS INC,OI,E&Y,163079000,22.17,3615461430
8215,2018,OWENS-ILLINOIS INC,OI,E&Y,155658000,17.24,2683543920
8219,2016,OXFORD INDUSTRIES INC,OXM,E&Y,16769000,55.02,922630380
8219,2017,OXFORD INDUSTRIES INC,OXM,E&Y,16839000,78.8,1326913200
8219,2018,OXFORD INDUSTRIES INC,OXM,E&Y,16959000,76.58,1298720220
8240,2016,PHH CORP,PHH,Deloitte,53599000,15.16,812560840
8240,2017,PHH CORP,PHH,Deloitte,32547000,10.3,335234100
8245,2016,PNC FINANCIAL SVCS GROUP INC,PNC,PwC,485000000,116.96,56725600000
8245,2017,PNC FINANCIAL SVCS GROUP INC,PNC,PwC,473000000,144.29,68249170000
8245,2018,PNC FINANCIAL SVCS GROUP INC,PNC,PwC,457000000,116.91,53427870000
8247,2016,PPG INDUSTRIES INC,PPG,PwC,257330000,94.76,24384590800
8247,2017,PPG INDUSTRIES INC,PPG,PwC,251174000,116.82,29342146680
8247,2018,PPG INDUSTRIES INC,PPG,PwC,235861000,102.23,24112070030
8253,2016,PACCAR INC,PCAR,E&Y,350700000,63.9,22409730000
8253,2017,PACCAR INC,PCAR,E&Y,351800000,71.08,25005944000
8253,2018,PACCAR INC,PCAR,E&Y,346600000,57.14,19804724000
8264,2016,PG&E CORP,PCG,Deloitte,506892000,60.77,30803826840
8264,2017,PG&E CORP,PCG,Deloitte,514756000,44.83,23076511480
8264,2018,PG&E CORP,PCG,Deloitte,520339000,23.75,12358051250
8266,2016,NEVADA GOLD & CASINOS INC,UWN,E&Y,17548000,2.22,38956560
8266,2017,NEVADA GOLD & CASINOS INC,UWN,E&Y,16848000,2.08,35043840
8272,2016,SEMPRA ENERGY,SRE,Deloitte,250153000,100.64,25175397920
8272,2017,SEMPRA ENERGY,SRE,Deloitte,251359000,106.92,26875304280
8272,2018,SEMPRA ENERGY,SRE,Deloitte,273770000,108.19,29619176300
8334,2016,PAR TECHNOLOGY CORP,PAR,BDO Seidman,15771000,5.58,88002180
8334,2017,PAR TECHNOLOGY CORP,PAR,BDO Seidman,15969000,9.35,149310150
8334,2018,PAR TECHNOLOGY CORP,PAR,BDO Seidman,16172000,21.75,351741000
8350,2016,PARK OHIO HOLDINGS CORP,PKOH,E&Y,12400000,42.6,528240000
8350,2017,PARK OHIO HOLDINGS CORP,PKOH,E&Y,12529000,45.95,575707550
8350,2018,PARK OHIO HOLDINGS CORP,PKOH,E&Y,12626000,30.69,387491940
8357,2016,PARKER DRILLING CO,PKD,KPMG,125118000,2.6,325306800
8357,2017,PARKER DRILLING CO,PKD,KPMG,138936000,1,138936000
8357,2018,PARKER DRILLING CO,PKD,KPMG,9385000,0.34,3190900
8358,2016,PARKER-HANNIFIN CORP,PH,Deloitte,134012000,108.05,14479996600
8358,2017,PARKER-HANNIFIN CORP,PH,Deloitte,133192000,159.82,21286745440
8358,2018,PARKER-HANNIFIN CORP,PH,Deloitte,132414000,155.85,20636721900
8402,2016,PAYCHEX INC,PAYX,PwC,359400000,59.23,21287262000
8402,2017,PAYCHEX INC,PAYX,PwC,359000000,65.58,23543220000
8402,2018,PAYCHEX INC,PAYX,PwC,359300000,85.79,30824347000
8431,2016,AMERICAN FINANCIAL GROUP INC,AFG,E&Y,86924000,88.12,7659742880
8431,2017,AMERICAN FINANCIAL GROUP INC,AFG,E&Y,88275000,108.54,9581368500
8431,2018,AMERICAN FINANCIAL GROUP INC,AFG,E&Y,89292000,90.53,8083604760
8440,2016,PENN VIRGINIA CORP,PVAC,Grant Thornton,14992000,49,734608000
8440,2017,PENN VIRGINIA CORP,PVAC,Grant Thornton,15019000,39.11,587393090
8440,2018,PENN VIRGINIA CORP,PVAC,Grant Thornton,15081000,54.06,815278860
8446,2016,PENNEY (J C) CO,JCP,KPMG,308300000,6.65,2050195000
8446,2017,PENNEY (J C) CO,JCP,KPMG,312000000,3.71,1157520000
8446,2018,PENNEY (J C) CO,JCP,KPMG,316100000,1.32,417252000
8455,2016,PPL CORP,PPL,Deloitte,679731000,34.05,23144840550
8455,2017,PPL CORP,PPL,Deloitte,693398000,30.95,21460668100
8455,2018,PPL CORP,PPL,Deloitte,720323000,28.33,20406750590
8457,2016,PENNSYLVANIA RE INVS TRUST,PEI,KPMG,69553000,18.96,1318724880
8457,2017,PENNSYLVANIA RE INVS TRUST,PEI,KPMG,69983000,11.89,832097870
8457,2018,PENNSYLVANIA RE INVS TRUST,PEI,KPMG,70495000,5.94,418740300
8463,2016,PENTAIR PLC,PNR,Deloitte,181765000,56.07,10191563550
8463,2017,PENTAIR PLC,PNR,Deloitte,180307000,70.62,12733280340
8463,2018,PENTAIR PLC,PNR,Deloitte,171364000,37.78,6474131920
8479,2016,PEPSICO INC,PEP,KPMG,1428000000,104.63,1.49412E+11
8479,2017,PEPSICO INC,PEP,KPMG,1420000000,119.92,1.70286E+11
8479,2018,PEPSICO INC,PEP,KPMG,1409000000,110.48,1.55666E+11
8486,2016,TUTOR PERINI CORP,TPC,Deloitte,49211000,28,1377908000
8486,2017,TUTOR PERINI CORP,TPC,Deloitte,49781000,25.35,1261948350
8486,2018,TUTOR PERINI CORP,TPC,Deloitte,50026000,15.97,798915220
8512,2016,PDC ENERGY INC,PDCE,PwC,65676000,72.58,4766764080
8512,2017,PDC ENERGY INC,PDCE,PwC,65899000,51.54,3396434460
8512,2018,PDC ENERGY INC,PDCE,PwC,66104000,29.76,1967255040
8515,2016,PHI INC,PHIKQ,Deloitte,15686000,18.02,282661720
8515,2017,PHI INC,PHIKQ,Deloitte,15803000,11.57,182840710
8515,2018,PHI INC,PHIKQ,Deloitte,15825000,1.85,29276250
8530,2016,PFIZER INC,PFE,KPMG,6070000000,32.48,1.97154E+11
8530,2017,PFIZER INC,PFE,KPMG,5979000000,36.22,2.16559E+11
8530,2018,PFIZER INC,PFE,KPMG,5717000000,43.65,2.49547E+11
8539,2016,EXELON CORP,EXC,PwC,924035000,35.49,32794002150
8539,2017,EXELON CORP,EXC,PwC,963336000,39.41,37965071760
8539,2018,EXELON CORP,EXC,PwC,968188000,45.1,43665278800
8542,2016,AQUA AMERICA INC,WTR,PwC,177394000,30.04,5328915760
8542,2017,AQUA AMERICA INC,WTR,PwC,177714000,39.23,6971720220
8542,2018,AQUA AMERICA INC,WTR,PwC,178092000,34.19,6088965480
8543,2016,ALTRIA GROUP INC,MO,PwC,1943272000,67.62,1.31404E+11
8543,2017,ALTRIA GROUP INC,MO,PwC,1901259000,71.41,1.35769E+11
8543,2018,ALTRIA GROUP INC,MO,PwC,1874058000,49.39,92559724620
8546,2016,KONINKLIJKE PHILIPS NV,PHG,E&Y,922437000,30.57,28198899090
8546,2017,KONINKLIJKE PHILIPS NV,PHG,E&Y,926192000,37.8,35010057600
8546,2018,KONINKLIJKE PHILIPS NV,PHG,E&Y,914184000,35.11,32097000240
8549,2016,CONOCOPHILLIPS,COP,E&Y,1237269000,50.14,62036667660
8549,2017,CONOCOPHILLIPS,COP,E&Y,1177107000,54.89,64611403230
8549,2018,CONOCOPHILLIPS,COP,E&Y,1138349000,62.35,70976060150
8551,2016,PVH CORP,PVH,E&Y,78552000,93.81,7368963120
8551,2017,PVH CORP,PVH,E&Y,77179000,155.08,11968919320
8551,2018,PVH CORP,PVH,E&Y,75403000,109.11,8227221330
8579,2016,PIER 1 IMPORTS INC/DE,PIR,E&Y,83182000,6.73,559814860
8579,2017,PIER 1 IMPORTS INC/DE,PIR,E&Y,83258000,3.1,258099800
8579,2018,PIER 1 IMPORTS INC/DE,PIR,E&Y,85614000,1.35,115578900
8582,2016,SENECA FOODS CORP,SENEA,BDO Seidman,9795000,36.1,353599500
8582,2017,SENECA FOODS CORP,SENEA,BDO Seidman,9745000,27.7,269936500
8582,2018,SENECA FOODS CORP,SENEA,BDO Seidman,9543000,24.6,234757800
8599,2016,AGILYSYS INC,AGYS,Grant Thornton,23211000,9.45,219343950
8599,2017,AGILYSYS INC,AGYS,Grant Thornton,23325000,11.92,278034000
8599,2018,AGILYSYS INC,AGYS,Grant Thornton,23501000,21.17,497516170
8605,2016,PIPER JAFFRAY COS,PJC,E&Y,12392000,72.5,898420000
8605,2017,PIPER JAFFRAY COS,PJC,E&Y,12911000,86.25,1113573750
8605,2018,PIPER JAFFRAY COS,PJC,E&Y,12995000,65.84,855590800
8606,2016,PITNEY BOWES INC,PBI,PwC,185669000,15.19,2820312110
8606,2017,PITNEY BOWES INC,PBI,PwC,186604000,11.18,2086232720
8606,2018,PITNEY BOWES INC,PBI,PwC,187675000,5.91,1109159250
8633,2016,PLANTRONICS INC,PLT,PwC,33416000,54.11,1808139760
8633,2017,PLANTRONICS INC,PLT,PwC,33251000,60.37,2007362870
8633,2018,PLANTRONICS INC,PLT,PwC,39518000,46.11,1822174980
8644,2016,KINROSS GOLD CORP,KGC,KPMG,1245050000,3.11,3872105500
8644,2017,KINROSS GOLD CORP,KGC,KPMG,1247004000,4.32,5387057280
8644,2018,KINROSS GOLD CORP,KGC,KPMG,1250229000,3.24,4050741960
8692,2016,POTLATCHDELTIC CORP,PCH,KPMG,40519000,41.65,1687616350
8692,2017,POTLATCHDELTIC CORP,PCH,KPMG,40612000,49.9,2026538800
8692,2018,POTLATCHDELTIC CORP,PCH,KPMG,67570000,31.64,2137914800
8699,2016,POWELL INDUSTRIES INC,POWL,PwC,11393000,40.05,456289650
8699,2017,POWELL INDUSTRIES INC,POWL,PwC,11429000,29.99,342755710
8699,2018,POWELL INDUSTRIES INC,POWL,PwC,11475000,36.26,416083500
8762,2016,PROCTER & GAMBLE CO,PG,Deloitte,2668074000,84.67,2.25906E+11
8762,2017,PROCTER & GAMBLE CO,PG,Deloitte,2553297000,87.15,2.2252E+11
8762,2018,PROCTER & GAMBLE CO,PG,Deloitte,2498093000,78.06,1.95001E+11
8807,2016,PNM RESOURCES INC,PNM,KPMG,79654000,34.3,2732132200
8807,2017,PNM RESOURCES INC,PNM,KPMG,79654000,40.45,3222004300
8807,2018,PNM RESOURCES INC,PNM,KPMG,79654000,41.09,3272982860
8810,2016,PUBLIC SERVICE ENTRP GRP INC,PEG,Deloitte,504866000,43.88,22153520080
8810,2017,PUBLIC SERVICE ENTRP GRP INC,PEG,Deloitte,505000000,51.5,26007500000
8810,2018,PUBLIC SERVICE ENTRP GRP INC,PEG,Deloitte,504000000,52.05,26233200000
8815,2016,PUBLIX SUPER MARKETS INC,PUSH,KPMG,763198000,20,15263960000
8823,2016,PULTEGROUP INC,PHM,E&Y,319090000,18.38,5864874200
8823,2017,PULTEGROUP INC,PHM,E&Y,286752000,33.25,9534504000
8823,2018,PULTEGROUP INC,PHM,E&Y,277110000,25.99,7202088900
8832,2016,ARGAN INC,AGX,Grant Thornton,15458000,73.75,1140027500
8832,2017,ARGAN INC,AGX,Grant Thornton,15568000,43.6,678764800
8832,2018,ARGAN INC,AGX,Grant Thornton,15574000,42.22,657534280
8850,2016,QUAKER CHEMICAL CORP,KWR,PwC,13278000,127.94,1698787320
8850,2017,QUAKER CHEMICAL CORP,KWR,PwC,13308000,150.79,2006713320
8850,2018,QUAKER CHEMICAL CORP,KWR,PwC,13338000,177.71,2370295980
8858,2016,NEXTGEN HEALTHCARE INC,NXGN,PwC,62455000,15.24,951814200
8858,2017,NEXTGEN HEALTHCARE INC,NXGN,PwC,63995000,13.65,873531750
8858,2018,NEXTGEN HEALTHCARE INC,NXGN,PwC,64838000,16.83,1091223540
8867,2016,QUANTUM CORP,QMCO,PwC,272504000,0.87,237078480
8898,2016,RAYMOND JAMES FINANCIAL CORP,RJF,KPMG,141545000,58.21,8239334450
8898,2017,RAYMOND JAMES FINANCIAL CORP,RJF,KPMG,144097000,84.33,12151700010
8898,2018,RAYMOND JAMES FINANCIAL CORP,RJF,KPMG,145642000,92.05,13406346100
8901,2016,RPC INC,RES,Grant Thornton,217489000,19.81,4308457090
8901,2017,RPC INC,RES,Grant Thornton,216544000,25.53,5528368320
8901,2018,RPC INC,RES,Grant Thornton,214544000,9.87,2117549280
8902,2016,RPM INTERNATIONAL INC,RPM,Deloitte,133563000,54.23,7243121490
8902,2017,RPM INTERNATIONAL INC,RPM,Deloitte,133647000,49.5,6615526500
8902,2018,RPM INTERNATIONAL INC,RPM,Deloitte,130994000,53.52,7010798880
8947,2016,U S LIME & MINERALS,USLM,Grant Thornton,5574000,75.75,422230500
8947,2017,U S LIME & MINERALS,USLM,Grant Thornton,5589000,77.1,430911900
8947,2018,U S LIME & MINERALS,USLM,Grant Thornton,5607000,71,398097000
8958,2016,RAVEN INDUSTRIES INC,RAVN,PwC,36076000,25.05,903703800
8958,2017,RAVEN INDUSTRIES INC,RAVN,Deloitte,35792000,38.55,1379781600
8958,2018,RAVEN INDUSTRIES INC,RAVN,Deloitte,35957000,36.99,1330049430
8972,2016,RAYTHEON CO,RTN,PwC,292800000,142,41577600000
8972,2017,RAYTHEON CO,RTN,PwC,288400000,187.85,54175940000
8972,2018,RAYTHEON CO,RTN,PwC,282100000,153.35,43260035000
9016,2016,REGAL BELOIT CORP,RBC,Deloitte,44800000,69.25,3102400000
9016,2017,REGAL BELOIT CORP,RBC,Deloitte,44300000,76.6,3393380000
9016,2018,REGAL BELOIT CORP,RBC,Deloitte,42800000,70.05,2998140000
9023,2016,REGIS CORP/MN,RGS,PwC,46154000,12.45,574617300
9023,2017,REGIS CORP/MN,RGS,PwC,46400000,10.27,476528000
9023,2018,REGIS CORP/MN,RGS,PwC,45259000,16.54,748583860
9063,2016,AUTONATION INC,AN,KPMG,100652000,48.65,4896719800
9063,2017,AUTONATION INC,AN,KPMG,91560000,51.33,4699774800
9063,2018,AUTONATION INC,AN,KPMG,90022000,35.7,3213785400
9125,2016,RICHARDSON ELECTRONICS LTD,RELL,BDO Seidman,12849000,6.04,77607960
9125,2017,RICHARDSON ELECTRONICS LTD,RELL,BDO Seidman,12943000,9.74,126064820
9135,2016,RICOH CO LTD,RICOY,KPMG,724882000,8.22,5958530040
9135,2017,RICOH CO LTD,RICOY,KPMG,724871000,9.751,7068217121
9155,2016,RITE AID CORP,RAD,Deloitte,1053690000,6,6322140000
9155,2017,RITE AID CORP,RAD,Deloitte,1067318000,1.97,2102616460
9155,2018,RITE AID CORP,RAD,Deloitte,1080320000,0.74,799436800
9203,2016,ROCKWELL AUTOMATION,ROK,Deloitte,128500000,122.34,15720690000
9203,2017,ROCKWELL AUTOMATION,ROK,Deloitte,128400000,178.21,22882164000
9203,2018,ROCKWELL AUTOMATION,ROK,Deloitte,121100000,187.52,22708672000
9216,2016,ROGERS CORP,ROG,PwC,18021000,76.81,1384193010
9216,2017,ROGERS CORP,ROG,PwC,18255000,161.92,2955849600
9216,2018,ROGERS CORP,ROG,PwC,18395000,99.06,1822208700
9225,2016,ROLLINS INC,ROL,Grant Thornton,217792000,33.78,7357013760
9225,2017,ROLLINS INC,ROL,Grant Thornton,217992000,46.53,10143167760
9225,2018,ROLLINS INC,ROL,Grant Thornton,327308000,36.1,11815818800
9248,2016,ROSS STORES INC,ROST,Deloitte,391893000,66.11,25908046230
9248,2017,ROSS STORES INC,ROST,Deloitte,379618000,82.39,31276727020
9248,2018,ROSS STORES INC,ROST,Deloitte,368242000,92.12,33922453040
9258,2016,ROWAN COMPANIES PLC,RDC,Deloitte,125500000,18.89,2370695000
9258,2017,ROWAN COMPANIES PLC,RDC,Deloitte,126300000,15.66,1977858000
9258,2018,ROWAN COMPANIES PLC,RDC,Deloitte,127100000,8.39,1066369000
9273,2016,ROYAL GOLD INC,RGLD,E&Y,65094000,72.02,4688069880
9273,2017,ROYAL GOLD INC,RGLD,E&Y,65180000,78.17,5095120600
9273,2018,ROYAL GOLD INC,RGLD,E&Y,65360000,92.84,6068022400
9299,2016,RYDER SYSTEM INC,R,PwC,53463000,74.44,3979785720
9299,2017,RYDER SYSTEM INC,R,PwC,52955000,84.17,4457222350
9299,2018,RYDER SYSTEM INC,R,PwC,53116000,48.15,2557535400
9317,2016,SEI INVESTMENTS CO,SEIC,KPMG,159031000,49.36,7849770160
9317,2017,SEI INVESTMENTS CO,SEIC,KPMG,157069000,71.86,11286978340
9317,2018,SEI INVESTMENTS CO,SEIC,KPMG,153634000,46.2,7097890800
9324,2016,SJW GROUP,SJW,KPMG,20456000,55.98,1145126880
9324,2017,SJW GROUP,SJW,KPMG,20521000,63.83,1309855430
9324,2018,SJW GROUP,SJW,KPMG,28404000,55.62,1579830480
9355,2016,SAFEGUARD SCIENTIFICS INC,SFE,KPMG,20364000,13.45,273895800
9355,2017,SAFEGUARD SCIENTIFICS INC,SFE,KPMG,20574000,11.2,230428800
9355,2018,SAFEGUARD SCIENTIFICS INC,SFE,KPMG,20659000,8.62,178080580
9445,2016,SCANA CORP,SCG,Deloitte,142900000,73.28,10471712000
9445,2017,SCANA CORP,SCG,Deloitte,143000000,39.78,5688540000
9465,2016,SCHLUMBERGER LTD,SLB,PwC,1391476000,83.95,1.16814E+11
9465,2017,SCHLUMBERGER LTD,SLB,PwC,1383933000,67.39,93263244870
9465,2018,SCHLUMBERGER LTD,SLB,PwC,1382964000,36.08,49897341120
9466,2016,SCHOLASTIC CORP,SCHL,E&Y,35040000,42.53,1490251200
9466,2017,SCHOLASTIC CORP,SCHL,E&Y,34976000,44.99,1573570240
9466,2018,SCHOLASTIC CORP,SCHL,E&Y,35067000,33.09,1160367030
9472,2016,SCHULMAN (A.) INC,SHLM,PwC,29441000,25.5,750745500
9472,2017,SCHULMAN (A.) INC,SHLM,PwC,29466000,30.4,895766400
9538,2016,SEABOARD CORP,SEB,KPMG,1171000,3951.99,4627780290
9538,2017,SEABOARD CORP,SEB,KPMG,1171000,4410,5164110000
9538,2018,SEABOARD CORP,SEB,KPMG,1169000,3538.01,4135933690
9555,2016,SEALED AIR CORP,SEE,E&Y,193482000,45.34,8772473880
9555,2017,SEALED AIR CORP,SEE,E&Y,168596000,49.3,8311782800
9555,2018,SEALED AIR CORP,SEE,E&Y,155654000,34.84,5422985360
9599,2016,SEMTECH CORP,SMTC,Deloitte,65793000,32.95,2167879350
9599,2017,SEMTECH CORP,SMTC,Deloitte,66280000,35.8,2372824000
9599,2018,SEMTECH CORP,SMTC,Deloitte,65238000,48.56,3167957280
9611,2016,SERVICE CORP INTERNATIONAL,SCI,PwC,189405000,28.4,5379102000
9611,2017,SERVICE CORP INTERNATIONAL,SCI,PwC,186615000,37.32,6964471800
9611,2018,SERVICE CORP INTERNATIONAL,SCI,PwC,181471000,40.26,7306022460
9664,2016,SHENANDOAH TELECOMMUN CO,SHEN,KPMG,48935000,27.3,1335925500
9664,2017,SHENANDOAH TELECOMMUN CO,SHEN,KPMG,49328000,33.8,1667286400
9664,2018,SHENANDOAH TELECOMMUN CO,SHEN,KPMG,49630000,44.25,2196127500
9667,2016,SHERWIN-WILLIAMS CO,SHW,E&Y,93013000,268.74,24996313620
9667,2017,SHERWIN-WILLIAMS CO,SHW,E&Y,93884000,410.04,38496195360
9667,2018,SHERWIN-WILLIAMS CO,SHW,E&Y,93117000,393.46,36637814820
9698,2016,SIFCO INDUSTRIES,SIF,Grant Thornton,5525000,9.9129,54768772.5
9698,2017,SIFCO INDUSTRIES,SIF,Grant Thornton,5596000,5.7,31897200
9698,2018,SIFCO INDUSTRIES,SIF,Grant Thornton,5690000,5.05,28734500
9728,2016,MCEWEN MINING INC,MUX,E&Y,299570000,2.91,871748700
9728,2017,MCEWEN MINING INC,MUX,E&Y,337051000,2.28,768476280
9728,2018,MCEWEN MINING INC,MUX,E&Y,344560000,1.82,627099200
9771,2016,SMITH (A.O.),AOS,E&Y,173441000,47.35,8212431350
9771,2017,SMITH (A.O.),AOS,E&Y,171663000,61.28,10519508640
9771,2018,SMITH (A.O.),AOS,E&Y,168159000,42.7,7180389300
9777,2016,SMUCKER (JM) CO,SJM,E&Y,113440000,126.72,14375116800
9777,2017,SMUCKER (JM) CO,SJM,E&Y,113573000,114.08,12956407840
9777,2018,SMUCKER (JM) CO,SJM,E&Y,113742000,122.63,13948181460
9778,2016,SNAP-ON INC,SNA,Deloitte,57950000,171.27,9925096500
9778,2017,SNAP-ON INC,SNA,Deloitte,56690000,174.3,9881067000
9778,2018,SNAP-ON INC,SNA,Deloitte,55611000,145.29,8079722190
9783,2016,KEYCORP,KEY,E&Y,1079314000,18.27,19719066780
9783,2017,KEYCORP,KEY,E&Y,1069084000,20.17,21563424280
9783,2018,KEYCORP,KEY,E&Y,1019503000,14.78,15068254340
9815,2016,SONOCO PRODUCTS CO,SON,PwC,99193000,52.7,5227471100
9815,2017,SONOCO PRODUCTS CO,SON,PwC,99414000,53.14,5282859960
9815,2018,SONOCO PRODUCTS CO,SON,PwC,99829000,53.13,5303914770
9818,2016,SONY CORP,SNE,PwC,1262690000,33.73,42590533700
9818,2017,SONY CORP,SNE,PwC,1265425000,48.34,61170644500
9818,2018,SONY CORP,SNE,PwC,1250747000,42.24,52831553280
9831,2016,SOUTH JERSEY INDUSTRIES INC,SJI,Deloitte,79478000,33.69,2677613820
9831,2017,SOUTH JERSEY INDUSTRIES INC,SJI,Deloitte,79549000,31.23,2484315270
9831,2018,SOUTH JERSEY INDUSTRIES INC,SJI,Deloitte,85506000,27.8,2377066800
9835,2016,PIONEER ENERGY SERVICES CORP,PES,KPMG,77147000,6.85,528456950
9835,2017,PIONEER ENERGY SERVICES CORP,PES,KPMG,77719000,3.05,237042950
9835,2018,PIONEER ENERGY SERVICES CORP,PES,KPMG,78215000,1.23,96204450
9846,2016,EDISON INTERNATIONAL,EIX,PwC,325811000,71.99,23455133890
9846,2017,EDISON INTERNATIONAL,EIX,PwC,325811000,63.24,20604287640
9846,2018,EDISON INTERNATIONAL,EIX,PwC,325811000,56.77,18496290470
9849,2016,AMERICAN STATES WATER CO,AWR,PwC,36571000,45.56,1666174760
9849,2017,AMERICAN STATES WATER CO,AWR,PwC,36681000,57.91,2124196710
9849,2018,AMERICAN STATES WATER CO,AWR,PwC,36758000,67.04,2464256320
9850,2016,SOUTHERN CO,SO,Deloitte,990394000,49.19,48717480860
9850,2017,SOUTHERN CO,SO,Deloitte,1007603000,48.09,48455628270
9850,2018,SOUTHERN CO,SO,Deloitte,1033788000,43.92,45403968960
9882,2016,SOUTHWEST AIRLINES,LUV,E&Y,615161000,49.84,30659624240
9882,2017,SOUTHWEST AIRLINES,LUV,E&Y,588551000,65.45,38520662950
9882,2018,SOUTHWEST AIRLINES,LUV,E&Y,552603000,46.48,25684987440
9890,2016,SOUTHWEST GAS HOLDINGS INC,SWX,PwC,47482000,76.62,3638070840
9890,2017,SOUTHWEST GAS HOLDINGS INC,SWX,PwC,48090000,80.48,3870283200
9890,2018,SOUTHWEST GAS HOLDINGS INC,SWX,PwC,53026000,76.5,4056489000
9899,2016,AT&T INC,T,E&Y,6138994000,42.53,2.61091E+11
9899,2017,AT&T INC,T,E&Y,6139425000,38.88,2.38701E+11
9899,2018,AT&T INC,T,E&Y,7281629000,28.54,2.07818E+11
9904,2016,SOUTHWESTERN ENERGY CO,SWN,PwC,495217000,10.82,5358247940
9904,2017,SOUTHWESTERN ENERGY CO,SWN,PwC,512103000,5.58,2857534740
9904,2018,SOUTHWESTERN ENERGY CO,SWN,PwC,546315000,3.41,1862934150
9919,2016,SPARTAN MOTORS INC,SPAR,BDO Seidman,34383000,9.25,318042750
9919,2017,SPARTAN MOTORS INC,SPAR,BDO Seidman,35097000,15.75,552777750
9919,2018,SPARTAN MOTORS INC,SPAR,BDO Seidman,35321000,7.23,255370830
9922,2016,SPARTON CORP,SPA,BDO Seidman,9845000,21.77,214325650
9922,2017,SPARTON CORP,SPA,BDO Seidman,9861000,21.99,216843390
9922,2018,SPARTON CORP,SPA,BDO Seidman,9835000,18.99,186766650
9969,2016,STAAR SURGICAL CO,STAA,BDO Seidman,40732000,10.85,441942200
9969,2017,STAAR SURGICAL CO,STAA,BDO Seidman,41383000,15.5,641436500
9969,2018,STAAR SURGICAL CO,STAA,BDO Seidman,44195000,31.91,1410262450
10000,2016,STANDARD MOTOR PRODS,SMP,KPMG,22835000,53.22,1215278700
10000,2017,STANDARD MOTOR PRODS,SMP,KPMG,22512000,44.91,1011013920
10000,2018,STANDARD MOTOR PRODS,SMP,KPMG,22433000,48.43,1086430190
10002,2016,CALATLANTIC GROUP INC,CAA,E&Y,114429000,34.01,3891730290
10008,2017,STANDEX INTERNATIONAL CORP,SXI,Grant Thornton,12663000,90.7,1148534100
10008,2018,STANDEX INTERNATIONAL CORP,SXI,Grant Thornton,12706000,102.2,1298553200
10016,2016,STANLEY BLACK & DECKER INC,SWK,E&Y,152560000,114.69,17497106400
10016,2017,STANLEY BLACK & DECKER INC,SWK,E&Y,154038000,169.69,26138708220
10016,2018,STANLEY BLACK & DECKER INC,SWK,E&Y,151303000,119.74,18117021220
10030,2016,STARRETT (L.S.) CO  -CL A,SCX,Grant Thornton,7023000,11.91,83643930
10030,2017,STARRETT (L.S.) CO  -CL A,SCX,Grant Thornton,7029000,8.6,60449400
10030,2018,STARRETT (L.S.) CO  -CL A,SCX,Grant Thornton,7023000,6.4,44947200
10035,2016,STATE STREET CORP,STT,E&Y,381939000,77.72,29684299080
10035,2017,STATE STREET CORP,STT,E&Y,367650000,97.61,35886316500
10035,2018,STATE STREET CORP,STT,E&Y,379947000,63.07,23963257290
10056,2016,STEPAN CO,SCL,Deloitte,22425000,81.48,1827189000
10056,2017,STEPAN CO,SCL,Deloitte,22509000,78.97,1777535730
10056,2018,STEPAN CO,SCL,Deloitte,22506000,74,1665444000
10086,2016,STEWART INFORMATION SERVICES,STC,KPMG,23431000,46.08,1079700480
10086,2017,STEWART INFORMATION SERVICES,STC,KPMG,23720000,42.3,1003356000
10086,2018,STEWART INFORMATION SERVICES,STC,KPMG,23719000,41.4,981966600
10096,2016,PUBLIC STORAGE,PSA,E&Y,173289000,223.5,38730091500
10096,2017,PUBLIC STORAGE,PSA,E&Y,173853000,209,36335277000
10096,2018,PUBLIC STORAGE,PSA,E&Y,174131000,202.41,35245855710
10115,2016,STRYKER CORP,SYK,E&Y,375000000,119.81,44928750000
10115,2017,STRYKER CORP,SYK,E&Y,374400000,154.84,57972096000
10115,2018,STRYKER CORP,SYK,E&Y,374400000,156.75,58687200000
10121,2016,NAVIENT CORP,NAVI,KPMG,290864000,16.43,4778895520
10121,2017,NAVIENT CORP,NAVI,KPMG,263051000,13.32,3503839320
10121,2018,NAVIENT CORP,NAVI,KPMG,247437000,8.81,2179919970
10137,2016,SUMITOMO MITSUI FINANCIAL GR,SMFG,KPMG,7050134000,7.25,51113471500
10137,2017,SUMITOMO MITSUI FINANCIAL GR,SMFG,KPMG,7052792000,8.5,59948732000
10137,2018,SUMITOMO MITSUI FINANCIAL GR,SMFG,KPMG,6978003000,7.03,49055361090
10187,2016,SUNTRUST BANKS INC,STI,E&Y,491188000,54.85,26941661800
10187,2017,SUNTRUST BANKS INC,STI,E&Y,470931000,64.59,30417433290
10187,2018,SUNTRUST BANKS INC,STI,E&Y,446888000,50.44,22541030720
10190,2016,SUPERVALU INC,SVU,KPMG,268000000,3.78,1013040000
10190,2017,SUPERVALU INC,SVU,KPMG,38000000,14.23,540740000
10195,2016,SUPERIOR INDUSTRIES INTL,SUP,Deloitte,25144000,26.35,662544400
10195,2017,SUPERIOR INDUSTRIES INTL,SUP,Deloitte,24917000,14.85,370017450
10195,2018,SUPERIOR INDUSTRIES INTL,SUP,Deloitte,25019000,4.81,120341390
10221,2016,SILVERBOW RESOURCES INC,SBOW,BDO Seidman,10054000,33.7,338819800
10221,2017,SILVERBOW RESOURCES INC,SBOW,BDO Seidman,11571000,29.72,343890120
10221,2018,SILVERBOW RESOURCES INC,SBOW,BDO Seidman,11692000,23.64,276398880
10235,2016,TRINITY PLACE HOLDINGS INC,TPHS,BDO Seidman,25664000,9.27,237905280
10235,2017,TRINITY PLACE HOLDINGS INC,TPHS,BDO Seidman,31452000,6.95,218591400
10235,2018,TRINITY PLACE HOLDINGS INC,TPHS,BDO Seidman,31647000,4.34,137347980
10236,2016,SYNALLOY CORP,SYNL,KPMG,8669000,10.95,94925550
10236,2017,SYNALLOY CORP,SYNL,KPMG,8733000,13.4,117022200
10236,2018,SYNALLOY CORP,SYNL,KPMG,8876000,16.59,147252840
10247,2016,SYSCO CORP,SYY,E&Y,559597000,50.74,28393951780
10247,2017,SYSCO CORP,SYY,E&Y,530039000,50.33,26676862870
10247,2018,SYSCO CORP,SYY,E&Y,520642000,68.29,35554642180
10275,2016,TDK CORP,TTDKY,KPMG,126200000,63.268,7984421600
10275,2017,TDK CORP,TTDKY,KPMG,126245000,87.541,11051613545
10278,2016,TEL OFFSHORE TRUST,TELOZ,Deloitte,4752000,0.14,665280
10297,2016,TRC COS INC,TRR,Deloitte,31084000,6.32,196450880
10353,2016,TEAM INC,TISI,KPMG,29785000,39.25,1169061250
10353,2017,TEAM INC,TISI,KPMG,29953000,14.9,446299700
10353,2018,TEAM INC,TISI,KPMG,30184000,14.65,442195600
10390,2016,TEJON RANCH CO,TRC,E&Y,20810000,25.43,529198300
10390,2017,TEJON RANCH CO,TRC,E&Y,25895000,20.76,537580200
10390,2018,TEJON RANCH CO,TRC,E&Y,25972000,16.58,430615760
10405,2016,ALLEGHENY TECHNOLOGIES INC,ATI,E&Y,108925000,15.93,1735175250
10405,2017,ALLEGHENY TECHNOLOGIES INC,ATI,E&Y,125857000,24.14,3038187980
10405,2018,ALLEGHENY TECHNOLOGIES INC,ATI,E&Y,125684000,21.77,2736140680
10407,2016,TELEFLEX INC,TFX,PwC,44073000,161.15,7102363950
10407,2017,TELEFLEX INC,TFX,PwC,45167000,248.82,11238452940
10407,2018,TELEFLEX INC,TFX,PwC,46016000,258.48,11894215680
10411,2016,TELEPHONE & DATA SYSTEMS INC,TDS,PwC,110000000,28.87,3175700000
10411,2017,TELEPHONE & DATA SYSTEMS INC,TDS,PwC,111000000,27.8,3085800000
10411,2018,TELEPHONE & DATA SYSTEMS INC,TDS,PwC,114000000,32.54,3709560000
10441,2016,TENNANT CO,TNC,KPMG,17688000,71.2,1259385600
10441,2017,TENNANT CO,TNC,KPMG,17881000,72.65,1299054650
10441,2018,TENNANT CO,TNC,KPMG,18125000,52.11,944493750
10443,2016,TENNECO INC,TEN,PwC,54236000,62.47,3388122920
10443,2017,TENNECO INC,TEN,PwC,51441000,58.54,3011356140
10443,2018,TENNECO INC,TEN,PwC,80876000,27.39,2215193640
10453,2016,TERADYNE INC,TER,PwC,199177000,25.4,5059095800
10453,2017,TERADYNE INC,TER,PwC,195548000,41.87,8187594760
10453,2018,TERADYNE INC,TER,PwC,175522000,31.38,5507880360
10466,2016,ANDEAVOR,ANDV,E&Y,116900000,87.45,10222905000
10466,2017,ANDEAVOR,ANDV,E&Y,153286000,114.34,17526721240
10499,2016,TEXAS INSTRUMENTS INC,TXN,E&Y,995984000,72.97,72676952480
10499,2017,TEXAS INSTRUMENTS INC,TXN,E&Y,983159000,104.44,1.02681E+11
10499,2018,TEXAS INSTRUMENTS INC,TXN,E&Y,945150000,94.5,89316675000
10519,2016,TEXTRON INC,TXT,E&Y,270287000,48.56,13125136720
10519,2017,TEXTRON INC,TXT,E&Y,261471000,56.59,14796643890
10519,2018,TEXTRON INC,TXT,E&Y,235621000,45.99,10836209790
10530,2016,THERMO FISHER SCIENTIFIC INC,TMO,PwC,393448000,141.1,55515512800
10530,2017,THERMO FISHER SCIENTIFIC INC,TMO,PwC,401315000,189.88,76201692200
10530,2018,THERMO FISHER SCIENTIFIC INC,TMO,PwC,402122000,223.79,89990882380
10549,2016,THOR INDUSTRIES INC,THO,Deloitte,52483000,76.54,4017048820
10549,2017,THOR INDUSTRIES INC,THO,Deloitte,52586000,105.35,5539935100
10549,2018,THOR INDUSTRIES INC,THO,Deloitte,52695000,94.85,4998120750
10565,2016,TIDEWATER INC,TDW,Deloitte,47121000,1.15,54189150
10565,2017,TIDEWATER INC,TDW,Deloitte,22116000,24.4,539630400
10565,2018,TIDEWATER INC,TDW,Deloitte,36978000,19.13,707389140
10567,2016,SIX FLAGS ENTERTAINMENT CORP,SIX,KPMG,90849000,59.96,5447306040
10567,2017,SIX FLAGS ENTERTAINMENT CORP,SIX,KPMG,84488000,66.57,5624366160
10567,2018,SIX FLAGS ENTERTAINMENT CORP,SIX,KPMG,83962000,55.63,4670806060
10581,2016,TIMKEN CO,TKR,E&Y,77450000,39.7,3074765000
10581,2017,TIMKEN CO,TKR,E&Y,77703000,49.15,3819102450
10581,2018,TIMKEN CO,TKR,E&Y,75954000,37.32,2834603280
10609,2016,TOOTSIE ROLL INDUSTRIES INC,TR,PwC,61839000,39.75,2458100250
10609,2017,TOOTSIE ROLL INDUSTRIES INC,TR,PwC,62766000,36.4,2284682400
10609,2018,TOOTSIE ROLL INDUSTRIES INC,TR,Grant Thornton,64040000,33.4,2138936000
10614,2016,GLOBE LIFE INC,GL,Deloitte,118031000,73.76,8705966560
10614,2017,GLOBE LIFE INC,GL,Deloitte,114593000,90.71,10394731030
10614,2018,GLOBE LIFE INC,GL,Deloitte,110693000,74.53,8249949290
10618,2016,TORO CO,TTC,KPMG,108427000,47.88,5191484760
10618,2017,TORO CO,TTC,KPMG,106883000,62.85,6717596550
10618,2018,TORO CO,TTC,KPMG,105601000,56.33,5948504330
10622,2016,TOSHIBA CORP,TOSYY,PwC,705635000,12.998,9171843730
10622,2017,TOSHIBA CORP,TOSYY,PwC,1086076000,17.264,18750016064
10631,2016,TOTAL SYSTEM SERVICES INC,TSS,KPMG,183451000,49.03,8994602530
10631,2017,TOTAL SYSTEM SERVICES INC,TSS,KPMG,180903000,79.09,14307618270
10631,2018,TOTAL SYSTEM SERVICES INC,TSS,KPMG,180586000,81.29,14679835940
10726,2016,TRIBUNE MEDIA CO,TRCO,PwC,86320000,34.98,3019473600
10726,2017,TRIBUNE MEDIA CO,TRCO,PwC,87334000,42.47,3709074980
10726,2018,TRIBUNE MEDIA CO,TRCO,PwC,87695000,45.38,3979599100
10735,2016,TRINITY INDUSTRIES,TRN,E&Y,152100000,27.76,4222296000
10735,2017,TRINITY INDUSTRIES,TRN,E&Y,150800000,37.46,5648968000
10735,2018,TRINITY INDUSTRIES,TRN,E&Y,133200000,20.59,2742588000
10777,2016,TWIN DISC INC,TWIN,PwC,11350000,10.74,121899000
10777,2017,TWIN DISC INC,TWIN,PwC,11519000,16.14,185916660
10789,2016,TYLER TECHNOLOGIES INC,TYL,E&Y,36766000,142.77,5249081820
10789,2017,TYLER TECHNOLOGIES INC,TYL,E&Y,37886000,177.05,6707716300
10789,2018,TYLER TECHNOLOGIES INC,TYL,E&Y,38275000,185.82,7112260500
10793,2016,TYSON FOODS INC  -CL A,TSN,PwC,361000000,74.67,26955870000
10793,2017,TYSON FOODS INC  -CL A,TSN,PwC,367607000,70.45,25897913150
10793,2018,TYSON FOODS INC  -CL A,TSN,PwC,366000000,59.53,21787980000
10795,2016,UNITED AIRLINES HOLDINGS INC,UAL,E&Y,314613000,72.88,22928995440
10795,2017,UNITED AIRLINES HOLDINGS INC,UAL,E&Y,286973000,67.4,19341980200
10795,2018,UNITED AIRLINES HOLDINGS INC,UAL,E&Y,269915000,83.73,22599982950
10801,2016,UGI CORP,UGI,E&Y,172960000,45.24,7824710400
10801,2017,UGI CORP,UGI,E&Y,173144000,46.86,8113527840
10801,2018,UGI CORP,UGI,E&Y,173749000,55.48,9639594520
10816,2016,USG CORP,USG,Deloitte,146167000,28.88,4221302960
10816,2017,USG CORP,USG,Deloitte,140942000,38.56,5434723520
10816,2018,USG CORP,USG,Deloitte,140071000,42.66,5975428860
10839,2016,UNIFI INC,UFI,KPMG,17847000,27.23,485973810
10839,2017,UNIFI INC,UFI,KPMG,18230000,30.8,561484000
10839,2018,UNIFI INC,UFI,KPMG,18353000,31.7,581790100
10840,2016,UNIFIRST CORP,UNF,E&Y,20265000,128.39,2601823350
10840,2017,UNIFIRST CORP,UNF,E&Y,20269000,143.6,2910628400
10840,2018,UNIFIRST CORP,UNF,E&Y,19141000,185.2,3544913200
10845,2016,UNILEVER PLC,UL,KPMG,1276915000,40.7,51970440500
10845,2017,UNILEVER PLC,UL,KPMG,1225693000,55.34,67829850620
10845,2018,UNILEVER PLC,UL,KPMG,1162856000,52.25,60759226000
10846,2016,UNILEVER NV,UN,KPMG,1562774000,41.06,64167500440
10846,2017,UNILEVER NV,UN,KPMG,1513189000,56.32,85222804480
10846,2018,UNILEVER NV,UN,KPMG,1451379000,53.8,78084190200
10860,2016,AMEREN CORP,AEE,PwC,242600000,52.46,12726796000
10860,2017,AMEREN CORP,AEE,PwC,242600000,58.99,14310974000
10860,2018,AMEREN CORP,AEE,PwC,244500000,65.23,15948735000
10867,2016,UNION PACIFIC CORP,UNP,Deloitte,815824000,103.68,84584632320
10867,2017,UNION PACIFIC CORP,UNP,Deloitte,780918000,134.1,1.04721E+11
10867,2018,UNION PACIFIC CORP,UNP,Deloitte,725057000,138.23,1.00225E+11
10877,2016,UNIT CORP,UNT,PwC,51494000,26.87,1383643780
10877,2017,UNIT CORP,UNT,PwC,52880000,22,1163360000
10877,2018,UNIT CORP,UNT,PwC,54056000,14.28,771919680
10894,2016,UDR INC,UDR,E&Y,267259000,36.48,9749608320
10894,2017,UDR INC,UDR,E&Y,267822000,38.52,10316503440
10894,2018,UDR INC,UDR,E&Y,275546000,39.62,10917132520
10903,2016,UNITEDHEALTH GROUP INC,UNH,Deloitte,952000000,160.04,1.52358E+11
10903,2017,UNITEDHEALTH GROUP INC,UNH,Deloitte,969000000,220.46,2.13626E+11
10903,2018,UNITEDHEALTH GROUP INC,UNH,Deloitte,960000000,249.12,2.39155E+11
10916,2016,UMB FINANCIAL CORP,UMBF,KPMG,49673000,77.12,3830781760
10916,2017,UMB FINANCIAL CORP,UMBF,KPMG,49895000,71.92,3588448400
10916,2018,UMB FINANCIAL CORP,UMBF,KPMG,49117000,60.97,2994663490
10920,2016,UNITED PARCEL SERVICE INC,UPS,Deloitte,868000000,114.64,99507520000
10920,2017,UNITED PARCEL SERVICE INC,UPS,Deloitte,859000000,119.15,1.0235E+11
10920,2018,UNITED PARCEL SERVICE INC,UPS,Deloitte,858000000,97.53,83680740000
10981,2016,ESSENDANT INC,ESND,E&Y,37484000,20.9,783415600
10981,2017,ESSENDANT INC,ESND,E&Y,37624000,9.27,348774480
10983,2016,UNITED TECHNOLOGIES CORP,UTX,PwC,808701000,109.62,88649803620
10983,2017,UNITED TECHNOLOGIES CORP,UTX,PwC,799130000,127.57,1.01945E+11
10983,2018,UNITED TECHNOLOGIES CORP,UTX,PwC,861482000,106.48,91730603360
10984,2016,SPRINT CORP,S,Deloitte,3989000000,8.68,34624520000
10984,2017,SPRINT CORP,S,Deloitte,4005000000,4.88,19544400000
10984,2018,SPRINT CORP,S,Deloitte,4081000000,5.65,23057650000
10991,2016,SCIENTIFIC GAMES CORP,SGMS,Deloitte,88000000,14,1232000000
10991,2017,SCIENTIFIC GAMES CORP,SGMS,Deloitte,89900000,51.3,4611870000
10991,2018,SCIENTIFIC GAMES CORP,SGMS,Deloitte,91900000,17.88,1643172000
10999,2016,UNITIL CORP,UTL,Deloitte,14065000,45.34,637707100
10999,2017,UNITIL CORP,UTL,Deloitte,14816000,45.62,675905920
10999,2018,UNITIL CORP,UTL,Deloitte,14877000,50.64,753371280
11012,2016,SENSIENT TECHNOLOGIES CORP,SXT,E&Y,44238000,78.58,3476222040
11012,2017,SENSIENT TECHNOLOGIES CORP,SXT,E&Y,43196000,73.15,3159787400
11012,2018,SENSIENT TECHNOLOGIES CORP,SXT,E&Y,42224000,55.85,2358210400
11017,2016,UNIVERSAL CORP/VA,UVV,E&Y,25275000,70.75,1788206250
11017,2017,UNIVERSAL CORP/VA,UVV,E&Y,24931000,48.5,1209153500
11017,2018,UNIVERSAL CORP/VA,UVV,E&Y,24990000,57.63,1440173700
11032,2016,UNIVERSAL HEALTH SVCS INC,UHS,PwC,96630000,106.38,10279499400
11032,2017,UNIVERSAL HEALTH SVCS INC,UHS,PwC,94227000,113.35,10680630450
11032,2018,UNIVERSAL HEALTH SVCS INC,UHS,PwC,91350000,116.56,10647756000
11060,2016,VF CORP,VFC,PwC,414013000,53.35,22087593550
11060,2017,VF CORP,VFC,PwC,395822000,74,29290828000
11060,2018,VF CORP,VFC,PwC,396825000,86.91,34488060750
11065,2016,VSE CORP,VSEC,E&Y,10799000,38.84,419433160
11065,2017,VSE CORP,VSEC,E&Y,10839000,48.43,524932770
11065,2018,VSE CORP,VSEC,E&Y,10886000,29.91,325600260
11094,2016,VALMONT INDUSTRIES INC,VMI,Deloitte,22521000,140.9,3173208900
11094,2017,VALMONT INDUSTRIES INC,VMI,Deloitte,22694000,165.85,3763799900
11094,2018,VALMONT INDUSTRIES INC,VMI,Deloitte,21948000,110.95,2435130600
11096,2016,VALSPAR CORP,VAL.1,E&Y,79423000,99.6,7910530800
11115,2016,VARIAN MEDICAL SYSTEMS INC,VAR,PwC,93700000,99.53,9325961000
11115,2017,VARIAN MEDICAL SYSTEMS INC,VAR,PwC,91700000,100.06,9175502000
11115,2018,VARIAN MEDICAL SYSTEMS INC,VAR,PwC,91200000,111.93,10208016000
11124,2016,VEECO INSTRUMENTS INC,VECO,KPMG,40588000,29.15,1183140200
11124,2017,VEECO INSTRUMENTS INC,VECO,KPMG,48144000,14.85,714938400
11124,2018,VEECO INSTRUMENTS INC,VECO,KPMG,48025000,7.41,355865250
11161,2016,VICON INDUSTRIES INC,VCON,BDO Seidman,9349000,0.709,6628441
11161,2017,VICON INDUSTRIES INC,VCON,BDO Seidman,9349000,0.38,3552620
11178,2016,VILLAGE SUPER MARKET  -CL A,VLGEA,KPMG,14156000,31.64,447895840
11178,2017,VILLAGE SUPER MARKET  -CL A,VLGEA,KPMG,14389000,24.73,355839970
11178,2018,VILLAGE SUPER MARKET  -CL A,VLGEA,KPMG,14383000,26.93,387334190
11185,2016,VIRCO MFG. CORP,VIRC,E&Y,15180000,4.4,66792000
11185,2017,VIRCO MFG. CORP,VIRC,E&Y,15357000,4.7,72177900
11185,2018,VIRCO MFG. CORP,VIRC,Deloitte,15542000,4.24,65898080
11191,2016,VISHAY INTERTECHNOLOGY INC,VSH,E&Y,145976000,16.2,2364811200
11191,2017,VISHAY INTERTECHNOLOGY INC,VSH,E&Y,144004000,20.75,2988083000
11191,2018,VISHAY INTERTECHNOLOGY INC,VSH,E&Y,144215000,18.01,2597312150
11213,2016,VOLT INFO SCIENCES INC,VISI,E&Y,20918000,6.55,137012900
11213,2017,VOLT INFO SCIENCES INC,VISI,E&Y,21026000,4.3,90411800
11213,2018,VOLT INFO SCIENCES INC,VISI,E&Y,21179000,3.68,77938720
11217,2016,VOLVO AB,VLVLY,PwC,2031442000,11.6,23564727200
11217,2017,VOLVO AB,VLVLY,PwC,2031854000,18.49,37568980460
11217,2018,VOLVO AB,VLVLY,Deloitte,2032914000,13.03,26488869420
11220,2016,VORNADO REALTY TRUST,VNO,Deloitte,189101000,104.37,19736471370
11220,2017,VORNADO REALTY TRUST,VNO,Deloitte,189984000,78.18,14852949120
11220,2018,VORNADO REALTY TRUST,VNO,Deloitte,190535000,62.03,11818886050
11228,2016,VULCAN MATERIALS CO,VMC,Deloitte,132339000,125.15,16562225850
11228,2017,VULCAN MATERIALS CO,VMC,Deloitte,132324000,128.37,16986431880
11228,2018,VULCAN MATERIALS CO,VMC,Deloitte,131762000,98.8,13018085600
11234,2016,WD-40 CO,WDFC,PwC,14208000,118.35,1681516800
11234,2017,WD-40 CO,WDFC,PwC,13984000,108.95,1523556800
11234,2018,WD-40 CO,WDFC,PwC,13850000,177.45,2457682500
11259,2016,WALMART INC,WMT,E&Y,3048000000,66.74,2.03424E+11
11259,2017,WALMART INC,WMT,E&Y,2952000000,106.6,3.14683E+11
11259,2018,WALMART INC,WMT,E&Y,2878000000,95.83,2.75799E+11
11264,2016,WALGREENS BOOTS ALLIANCE INC,WBA,Deloitte,1082987000,80.71,87407880770
11264,2017,WALGREENS BOOTS ALLIANCE INC,WBA,Deloitte,1023849000,81.5,83443693500
11264,2018,WALGREENS BOOTS ALLIANCE INC,WBA,Deloitte,952133000,68.56,65278238480
11296,2016,WGL HOLDINGS INC,WGL,Deloitte,51081000,62.7,3202778700
11296,2017,WGL HOLDINGS INC,WGL,Deloitte,51219000,84.2,4312639800
11300,2016,GRAHAM HOLDINGS CO,GHC,PwC,5576000,511.95,2854633200
11300,2017,GRAHAM HOLDINGS CO,GHC,PwC,5504000,558.35,3073158400
11300,2018,GRAHAM HOLDINGS CO,GHC,PwC,5301000,640.58,3395714580
11301,2016,WASHINGTON REIT,WRE,E&Y,74606000,32.69,2438870140
11301,2017,WASHINGTON REIT,WRE,E&Y,78510000,31.12,2443231200
11301,2018,WASHINGTON REIT,WRE,E&Y,79910000,23,1837930000
11304,2016,AVISTA CORP,AVA,Deloitte,64188000,39.99,2566878120
11304,2017,AVISTA CORP,AVA,Deloitte,65494000,51.49,3372286060
11304,2018,AVISTA CORP,AVA,Deloitte,65688000,42.48,2790426240
11313,2016,WATSCO INC,WSO,KPMG,35531000,148.12,5262851720
11313,2017,WATSCO INC,WSO,KPMG,37229000,170.04,6330419160
11313,2018,WATSCO INC,WSO,KPMG,37462000,139.14,5212462680
11340,2016,WEINGARTEN REALTY INVST,WRI,Deloitte,128072000,35.79,4583696880
11340,2017,WEINGARTEN REALTY INVST,WRI,Deloitte,128447000,32.87,4222052890
11340,2018,WEINGARTEN REALTY INVST,WRI,Deloitte,128333000,24.81,3183941730
11343,2016,WEIS MARKETS INC,WMK,E&Y,26898000,66.84,1797862320
11376,2016,WEST PHARMACEUTICAL SVSC INC,WST,PwC,73100000,84.83,6201073000
11376,2017,WEST PHARMACEUTICAL SVSC INC,WST,PwC,73900000,98.67,7291713000
11376,2018,WEST PHARMACEUTICAL SVSC INC,WST,PwC,74100000,98.03,7264023000
11399,2016,WESTERN DIGITAL CORP,WDC,KPMG,284000000,47.26,13421840000
11399,2017,WESTERN DIGITAL CORP,WDC,KPMG,294000000,88.6,26048400000
11399,2018,WESTERN DIGITAL CORP,WDC,KPMG,296000000,77.41,22913360000
11440,2016,WESTMORELAND COAL CO,WLBAQ,E&Y,18571000,17.67,328149570
11440,2017,WESTMORELAND COAL CO,WLBAQ,E&Y,18772000,1.21,22714120
11456,2016,WEYERHAEUSER CO,WY,KPMG,748528000,30.09,22523207520
11456,2017,WEYERHAEUSER CO,WY,KPMG,755223000,35.26,26629162980
11456,2018,WEYERHAEUSER CO,WY,KPMG,746391000,21.86,16316107260
11462,2016,HANDY & HARMAN LTD,HNH,BDO Seidman,12241000,25.55,312757550
11465,2016,WHIRLPOOL CORP,WHR,E&Y,74000000,181.77,13450980000
11465,2017,WHIRLPOOL CORP,WHR,E&Y,70646000,168.64,11913741440
11465,2018,WHIRLPOOL CORP,WHR,E&Y,64000000,106.87,6839680000
11499,2016,WILEY (JOHN) & SONS  -CL A,JW.A,KPMG,57167000,52.7,3012700900
11499,2017,WILEY (JOHN) & SONS  -CL A,JW.A,KPMG,57411000,65.95,3786255450
11499,2018,WILEY (JOHN) & SONS  -CL A,JW.A,KPMG,56629000,46.18,2615127220
11506,2016,WILLIAMS COS INC,WMB,E&Y,750000000,31.14,23355000000
11506,2017,WILLIAMS COS INC,WMB,E&Y,826000000,30.49,25184740000
11506,2018,WILLIAMS COS INC,WMB,E&Y,1210000000,22.05,26680500000
11511,2016,WILLIAMS-SONOMA INC,WSM,Deloitte,87325000,48.21,4209938250
11511,2017,WILLIAMS-SONOMA INC,WSM,Deloitte,83726000,51.23,4289282980
11511,2018,WILLIAMS-SONOMA INC,WSM,Deloitte,78813000,54.43,4289791590
11537,2016,WINNEBAGO INDUSTRIES,WGO,Deloitte,26901000,24.07,647507070
11537,2017,WINNEBAGO INDUSTRIES,WGO,Deloitte,31593000,36.15,1142086950
11537,2018,WINNEBAGO INDUSTRIES,WGO,Deloitte,31533000,36.95,1165144350
11538,2016,J. ALEXANDER'S HOLDINGS INC,JAX,KPMG,14695000,10.75,157971250
11538,2017,J. ALEXANDER'S HOLDINGS INC,JAX,KPMG,14695000,9.7,142541500
11538,2018,J. ALEXANDER'S HOLDINGS INC,JAX,KPMG,14695000,8.23,120939850
11550,2016,WEC ENERGY GROUP INC,WEC,Deloitte,315615000,58.65,18510819750
11550,2017,WEC ENERGY GROUP INC,WEC,Deloitte,315575000,66.43,20963647250
11550,2018,WEC ENERGY GROUP INC,WEC,Deloitte,315523000,69.26,21853122980
11554,2016,ALLIANT ENERGY CORP,LNT,Deloitte,227674000,37.89,8626567860
11554,2017,ALLIANT ENERGY CORP,LNT,Deloitte,231349000,42.61,9857780890
11554,2018,ALLIANT ENERGY CORP,LNT,Deloitte,236063000,42.25,9973661750
11566,2016,WOLVERINE WORLD WIDE,WWW,E&Y,97125000,21.95,2131893750
11566,2017,WOLVERINE WORLD WIDE,WWW,E&Y,96060000,31.88,3062392800
11566,2018,WOLVERINE WORLD WIDE,WWW,E&Y,91703000,31.89,2924408670
11580,2016,WOODWARD INC,WWD,Deloitte,61429000,62.48,3838083920
11580,2017,WOODWARD INC,WWD,Deloitte,61035000,77.61,4736926350
11580,2018,WOODWARD INC,WWD,Deloitte,61555000,80.86,4977337300
11584,2016,FOOT LOCKER INC,FL,KPMG,131496000,68.54,9012735840
11584,2017,FOOT LOCKER INC,FL,KPMG,119829000,49.15,5889595350
11584,2018,FOOT LOCKER INC,FL,KPMG,112222000,55.89,6272087580
11600,2016,WORTHINGTON INDUSTRIES,WOR,KPMG,62802000,41.97,2635799940
11600,2017,WORTHINGTON INDUSTRIES,WOR,KPMG,58877000,47.95,2823152150
11600,2018,WORTHINGTON INDUSTRIES,WOR,KPMG,55468000,34.14,1893677520
11636,2016,XEROX HOLDINGS CORP,XRX,PwC,1014375000,8.73,8855493750
11636,2017,XEROX HOLDINGS CORP,XRX,PwC,254613000,29.15,7421968950
11636,2018,XEROX HOLDINGS CORP,XRX,PwC,229623000,19.76,4537350480
11644,2016,KEY ENERGY SERVICES INC,KEG,Grant Thornton,20096000,31.95,642067200
11644,2017,KEY ENERGY SERVICES INC,KEG,Grant Thornton,20218000,11.79,238370220
11644,2018,KEY ENERGY SERVICES INC,KEG,Grant Thornton,20363000,2.07,42151410
11649,2016,YRC WORLDWIDE INC,YRCW,KPMG,32473000,13.28,431241440
11649,2017,YRC WORLDWIDE INC,YRCW,KPMG,32733000,14.38,470700540
11649,2018,YRC WORLDWIDE INC,YRCW,KPMG,33090000,3.15,104233500
11670,2016,SPECTRUM BRND HLDG INC,SPB,KPMG,200789000,15.7,3152387300
11670,2017,SPECTRUM BRND HLDG INC,SPB,KPMG,200625000,15.61,3131756250
11670,2018,SPECTRUM BRND HLDG INC,SPB,KPMG,53400000,74.72,3990048000
11672,2016,TJX COS INC (THE),TJX,PwC,646319000,74.92,48422219480
11672,2017,TJX COS INC (THE),TJX,PwC,628009000,80.32,50441682880
11672,2018,TJX COS INC (THE),TJX,PwC,1217183000,49.73,60530510590
11687,2016,ZIONS BANCORPORATION NA,ZION,E&Y,203085000,43.04,8740778400
11687,2017,ZIONS BANCORPORATION NA,ZION,E&Y,197532000,50.83,10040551560
11687,2018,ZIONS BANCORPORATION NA,ZION,E&Y,187554000,40.74,7640949960
11708,2016,FUNCTION(X) INC,FNCX,BDO Seidman,60260000,0.285,17174100
11721,2016,OSHKOSH CORP,OSK,Deloitte,73925000,56,4139800000
11721,2017,OSHKOSH CORP,OSK,Deloitte,75013000,82.54,6191573020
11721,2018,OSHKOSH CORP,OSK,Deloitte,72371000,71.24,5155710040
11729,2016,WHITE MTNS INS GROUP LTD,WTM,PwC,4564000,836.05,3815732200
11729,2017,WHITE MTNS INS GROUP LTD,WTM,PwC,3750000,851.28,3192300000
11729,2018,WHITE MTNS INS GROUP LTD,WTM,PwC,3173000,857.69,2721450370
11745,2016,QUALYS INC,QLYS,Grant Thornton,35841000,31.65,1134367650
11745,2017,QUALYS INC,QLYS,Grant Thornton,38598000,59.35,2290791300
11745,2018,QUALYS INC,QLYS,Grant Thornton,39015000,74.74,2915981100
11749,2016,SKF AB,SKFRY,PwC,455351000,18.449,8400770599
11749,2017,SKF AB,SKFRY,PwC,455351000,22.253,10132925803
11749,2018,SKF AB,SKFRY,PwC,455351000,15.165,6905397915
11756,2016,ALEXANDER & BALDWIN INC,ALEX,Deloitte,49000000,44.87,2198630000
11756,2017,ALEXANDER & BALDWIN INC,ALEX,Deloitte,49300000,27.74,1367582000
11756,2018,ALEXANDER & BALDWIN INC,ALEX,Deloitte,72000000,18.38,1323360000
11770,2016,STIFEL FINANCIAL CORP,SF,E&Y,66641000,49.95,3328717950
11770,2017,STIFEL FINANCIAL CORP,SF,E&Y,70865000,59.56,4220719400
11770,2018,STIFEL FINANCIAL CORP,SF,E&Y,70802000,41.42,2932618840
11781,2016,ENCANA CORP,ECA,PwC,973000000,11.74,11423020000
11781,2017,ENCANA CORP,ECA,PwC,973100000,13.33,12971423000
11781,2018,ENCANA CORP,ECA,PwC,952500000,5.78,5505450000
11796,2016,LCI INDUSTRIES,LCII,KPMG,24750000,107.75,2666812500
11796,2017,LCI INDUSTRIES,LCII,KPMG,24990000,130,3248700000
11796,2018,LCI INDUSTRIES,LCII,KPMG,24861000,66.8,1660714800
11811,2016,HENRY (JACK) & ASSOCIATES,JKHY,PwC,78695000,87.27,6867712650
11811,2017,HENRY (JACK) & ASSOCIATES,JKHY,PwC,77423000,103.87,8041927010
11811,2018,HENRY (JACK) & ASSOCIATES,JKHY,PwC,77171000,130.36,10060011560
11842,2016,ASSOCIATED BANC-CORP,ASB,KPMG,152121000,24.7,3757388700
11842,2017,ASSOCIATED BANC-CORP,ASB,KPMG,152844000,25.4,3882237600
11842,2018,ASSOCIATED BANC-CORP,ASB,KPMG,164440000,19.79,3254267600
11854,2016,NMI HOLDINGS INC,NMIH,BDO Seidman,59145000,10.65,629894250
11854,2017,NMI HOLDINGS INC,NMIH,BDO Seidman,60518000,17,1028806000
11854,2018,NMI HOLDINGS INC,NMIH,BDO Seidman,66319000,17.85,1183794150
11856,2016,BB&T CORP,BBT,PwC,809475000,47.02,38061514500
11856,2017,BB&T CORP,BBT,PwC,782006000,49.72,38881338320
11856,2018,BB&T CORP,BBT,PwC,763326000,43.32,33067282320
11861,2016,VALLEY NATIONAL BANCORP,VLY,KPMG,263639000,11.64,3068757960
11861,2017,VALLEY NATIONAL BANCORP,VLY,KPMG,264469000,11.22,2967342180
11861,2018,VALLEY NATIONAL BANCORP,VLY,KPMG,331431000,8.88,2943107280
11877,2017,BLUEGREEN VACATNS CORP,BXG,Grant Thornton,74734000,18.26,1364642840
11877,2018,BLUEGREEN VACATNS CORP,BXG,Grant Thornton,74446000,12.93,962586780
11896,2016,FIRST MIDWEST BANCORP INC,FMBI,E&Y,81325000,25.23,2051829750
11896,2017,FIRST MIDWEST BANCORP INC,FMBI,E&Y,102717000,24.01,2466235170
11896,2018,FIRST MIDWEST BANCORP INC,FMBI,E&Y,106375000,19.81,2107288750
11903,2016,AEP INDUSTRIES INC,AEPI,KPMG,5114000,109.55,560238700
11922,2016,NATURAL GROCERS VITAMIN CTGE,NGVC,KPMG,22453000,11.16,250575480
11922,2017,NATURAL GROCERS VITAMIN CTGE,NGVC,KPMG,22448000,5.58,125259840
11922,2018,NATURAL GROCERS VITAMIN CTGE,NGVC,KPMG,22373000,16.89,377879970
11923,2016,ANADARKO PETROLEUM CORP,APC,KPMG,551200000,69.73,38435176000
11923,2017,ANADARKO PETROLEUM CORP,APC,KPMG,530800000,53.64,28472112000
11923,2018,ANADARKO PETROLEUM CORP,APC,KPMG,489400000,43.84,21455296000
11925,2016,NOBLE CORP PLC,NE,PwC,243239000,5.92,1439974880
11925,2017,NOBLE CORP PLC,NE,PwC,244971000,4.52,1107268920
11925,2018,NOBLE CORP PLC,NE,PwC,246794000,2.62,646600280
11929,2016,ACURA PHARMACEUTICALS INC,ACUR,BDO Seidman,11834000,0.7665,9070761
11929,2017,ACURA PHARMACEUTICALS INC,ACUR,BDO Seidman,20796000,0.403864,8398755.744
11930,2016,CCA INDUSTRIES INC,CAWW,BDO Seidman,7007000,2.57,18007990
11930,2017,CCA INDUSTRIES INC,CAWW,BDO Seidman,7007000,3,21021000
11930,2018,CCA INDUSTRIES INC,CAWW,BDO Seidman,7457000,2.35,17523950
11944,2016,TUESDAY MORNING CORP,TUES,E&Y,44561000,7.02,312818220
11944,2017,TUESDAY MORNING CORP,TUES,E&Y,45121000,1.9,85729900
11944,2018,TUESDAY MORNING CORP,TUES,E&Y,45865000,3.05,139888250
12010,2016,INTELSAT SA,I,KPMG,118000000,2.67,315060000
12010,2017,INTELSAT SA,I,KPMG,119600000,3.39,405444000
12010,2018,INTELSAT SA,I,KPMG,138000000,21.39,2951820000
12081,2016,GLADSTONE LAND CORP,LAND,PwC,10025000,11.24,112681000
12081,2017,GLADSTONE LAND CORP,LAND,PwC,13792000,13.43,185226560
12081,2018,GLADSTONE LAND CORP,LAND,PwC,17891000,11.48,205388680
12123,2016,BIG LOTS INC,BIG,Deloitte,44259000,50,2212950000
12123,2017,BIG LOTS INC,BIG,Deloitte,41925000,60.78,2548201500
12123,2018,BIG LOTS INC,BIG,Deloitte,40042000,31.54,1262924680
12124,2016,MORGAN STANLEY,MS,Deloitte,1852482000,42.25,78267364500
12124,2017,MORGAN STANLEY,MS,Deloitte,1788087000,52.47,93820924890
12124,2018,MORGAN STANLEY,MS,Deloitte,1699829000,39.65,67398219850
12138,2016,PRICE (T. ROWE) GROUP,TROW,KPMG,244784000,75.26,18422443840
12138,2017,PRICE (T. ROWE) GROUP,TROW,KPMG,245111000,104.93,25719497230
12138,2018,PRICE (T. ROWE) GROUP,TROW,KPMG,238069000,92.32,21978530080
12140,2016,NATIONAL RETAIL PROPERTIES,NNN,E&Y,147150000,44.2,6504030000
12140,2017,NATIONAL RETAIL PROPERTIES,NNN,E&Y,153577000,43.13,6623776010
12140,2018,NATIONAL RETAIL PROPERTIES,NNN,E&Y,161504000,48.51,7834559040
12141,2016,MICROSOFT CORP,MSFT,Deloitte,7808000000,51.17,3.99535E+11
12141,2017,MICROSOFT CORP,MSFT,Deloitte,7708000000,68.93,5.31312E+11
12141,2018,MICROSOFT CORP,MSFT,Deloitte,7677000000,98.61,7.57029E+11
12142,2016,ORACLE CORP,ORCL,E&Y,4137000000,45.39,1.87778E+11
12142,2017,ORACLE CORP,ORCL,E&Y,3997000000,46.72,1.8674E+11
12142,2018,ORACLE CORP,ORCL,E&Y,3359000000,50.6,1.69965E+11
12151,2016,COTY INC,COTY,Deloitte,337100000,25.99,8761229000
12151,2017,COTY INC,COTY,Deloitte,747900000,18.76,14030604000
12151,2018,COTY INC,COTY,Deloitte,750700000,14.1,10584870000
12171,2016,TECH DATA CORP,TECD,E&Y,35227000,85.56,3014022120
12171,2017,TECH DATA CORP,TECD,E&Y,38162000,100.27,3826503740
12171,2018,TECH DATA CORP,TECD,E&Y,36940000,95.63,3532572200
12181,2016,REPLIGEN CORP,RGEN,E&Y,33844000,30.82,1043072080
12181,2017,REPLIGEN CORP,RGEN,E&Y,43587000,36.28,1581336360
12181,2018,REPLIGEN CORP,RGEN,E&Y,43917000,52.74,2316182580
12215,2016,CYPRESS SEMICONDUCTOR CORP,CY,PwC,323583000,11.44,3701789520
12215,2017,CYPRESS SEMICONDUCTOR CORP,CY,PwC,352220000,15.24,5367832800
12215,2018,CYPRESS SEMICONDUCTOR CORP,CY,PwC,361452000,12.72,4597669440
12216,2016,LINEAR TECHNOLOGY CORP,LLTC,E&Y,239654000,46.53,11151100620
12250,2016,AMAG PHARMACEUTICALS INC,AMAG,PwC,34336000,34.8,1194892800
12250,2017,AMAG PHARMACEUTICALS INC,AMAG,PwC,34083000,13.25,451599750
12250,2018,AMAG PHARMACEUTICALS INC,AMAG,PwC,34607000,15.19,525680330
12252,2016,XOMA CORP,XOMA,E&Y,6114000,4.22,25801080
12252,2017,XOMA CORP,XOMA,E&Y,8249000,35.6,293664400
12252,2018,XOMA CORP,XOMA,Deloitte,8691000,12.65,109941150
12262,2016,ASTEC INDUSTRIES INC,ASTE,KPMG,23046000,67.46,1554683160
12262,2017,ASTEC INDUSTRIES INC,ASTE,KPMG,23070000,58.5,1349595000
12262,2018,ASTEC INDUSTRIES INC,ASTE,KPMG,22513000,30.19,679667470
12266,2016,WERNER ENTERPRISES INC,WERN,KPMG,72167000,26.95,1944900650
12266,2017,WERNER ENTERPRISES INC,WERN,KPMG,72409000,38.65,2798607850
12266,2018,WERNER ENTERPRISES INC,WERN,KPMG,70442000,29.54,2080856680
12294,2016,MPLX LP,MPLX,PwC,357193000,34.62,12366021660
12294,2017,MPLX LP,MPLX,PwC,407130000,35.47,14440901100
12294,2018,MPLX LP,MPLX,PwC,794090000,30.3,24060927000
12368,2016,SCA-SVENSKA CELLULOSA AB,SVCBY,E&Y,702342000,28.323,19892432466
12368,2017,SCA-SVENSKA CELLULOSA AB,SVCBY,E&Y,702342000,10.327,7253085834
12368,2018,SCA-SVENSKA CELLULOSA AB,SVCBY,E&Y,702342000,7.751,5443852842
12377,2016,RESEARCH FRONTIERS INC,REFR,BDO Seidman,24044000,1.82,43760080
12377,2017,RESEARCH FRONTIERS INC,REFR,BDO Seidman,24044000,1.04,25005760
12377,2018,RESEARCH FRONTIERS INC,REFR,BDO Seidman,27665000,1.56,43157400
12379,2016,AMERICAN WOODMARK CORP,AMWD,KPMG,16233000,91.9,1491812700
12379,2017,AMERICAN WOODMARK CORP,AMWD,KPMG,17504000,82.2,1438828800
12379,2018,AMERICAN WOODMARK CORP,AMWD,KPMG,16849000,89.93,1515230570
12383,2016,NORSK HYDRO ASA,NHYDY,KPMG,2042894000,4.798,9801805412
12383,2017,NORSK HYDRO ASA,NHYDY,KPMG,2044697000,7.623,15586725231
12383,2018,NORSK HYDRO ASA,NHYDY,KPMG,2046303000,4.528,9265659984
12384,2016,ROYAL DUTCH SHELL PLC,RDS.A,E&Y,4077545000,54.38,2.21737E+11
12384,2017,ROYAL DUTCH SHELL PLC,RDS.A,E&Y,4162261000,66.71,2.77664E+11
12384,2018,ROYAL DUTCH SHELL PLC,RDS.A,E&Y,4089480000,58.27,2.38294E+11
12389,2016,HARLEY-DAVIDSON INC,HOG,E&Y,175948000,58.34,10264806320
12389,2017,HARLEY-DAVIDSON INC,HOG,E&Y,168091000,50.88,8552470080
12389,2018,HARLEY-DAVIDSON INC,HOG,E&Y,159658000,34.12,5447530960
12392,2016,SKYWEST INC,SKYW,E&Y,51766000,36.45,1886870700
12392,2017,SKYWEST INC,SKYW,E&Y,51755000,53.1,2748190500
12392,2018,SKYWEST INC,SKYW,E&Y,51388000,44.47,2285224360
12395,2016,TOLL BROTHERS INC,TOL,E&Y,161783000,27.44,4439325520
12395,2017,TOLL BROTHERS INC,TOL,E&Y,157205000,46.04,7237718200
12395,2018,TOLL BROTHERS INC,TOL,E&Y,146163000,33.66,4919846580
12403,2016,FREDS INC,FRED,BDO Seidman,37940000,14.57,552785800
12403,2017,FREDS INC,FRED,BDO Seidman,37125000,3.31,122883750
12403,2018,FREDS INC,FRED,BDO Seidman,34989000,2.78,97269420
12407,2016,U S GLOBAL INVESTORS INC,GROW,BDO Seidman,15247000,1.7,25919900
12407,2017,U S GLOBAL INVESTORS INC,GROW,BDO Seidman,15185000,1.52,23081200
12407,2018,U S GLOBAL INVESTORS INC,GROW,BDO Seidman,15145000,1.61,24383450
12413,2016,ENGILITY HOLDINGS INC,EGL,PwC,36776000,33.7,1239351200
12413,2017,ENGILITY HOLDINGS INC,EGL,PwC,36822000,28.37,1044640140
12421,2016,TRANS WORLD ENTMT CORP,TWMC,KPMG,36115000,2.75,99316250
12421,2017,TRANS WORLD ENTMT CORP,TWMC,KPMG,36149000,1.75,63260750
12421,2018,TRANS WORLD ENTMT CORP,TWMC,KPMG,36259000,0.585,21211515
12428,2016,PORTLAND GENERAL ELECTRIC CO,POR,Deloitte,88947000,43.33,3854073510
12428,2017,PORTLAND GENERAL ELECTRIC CO,POR,Deloitte,89114000,45.58,4061816120
12428,2018,PORTLAND GENERAL ELECTRIC CO,POR,Deloitte,89268000,45.85,4092937800
12432,2016,HI-CRUSH PARTNERS LP,HCR,PwC,63668000,19.8,1260626400
12432,2017,HI-CRUSH PARTNERS LP,HCR,Deloitte,89009000,10.7,952396300
12432,2018,HI-CRUSH PARTNERS LP,HCR,Deloitte,100875000,3.58,361132500
12433,2016,MERIDIAN BIOSCIENCE INC,VIVO,Grant Thornton,42107000,19.29,812244030
12433,2017,MERIDIAN BIOSCIENCE INC,VIVO,Grant Thornton,42207000,14.3,603560100
12433,2018,MERIDIAN BIOSCIENCE INC,VIVO,Grant Thornton,42400000,14.9,631760000
12441,2016,GARTNER INC,IT,KPMG,82651000,101.07,8353536570
12441,2017,GARTNER INC,IT,KPMG,90823000,123.15,11184852450
12441,2018,GARTNER INC,IT,KPMG,89702000,127.84,11467503680
12445,2016,WATTS WATER TECHNOLOGIES INC,WTS,KPMG,34210000,65.2,2230492000
12445,2017,WATTS WATER TECHNOLOGIES INC,WTS,KPMG,34103000,75.95,2590122850
12445,2018,WATTS WATER TECHNOLOGIES INC,WTS,KPMG,33976000,64.53,2192471280
12459,2016,NVR INC,NVR,KPMG,3693000,1669,6163617000
12459,2017,NVR INC,NVR,KPMG,3691000,3508.22,12948840020
12459,2018,NVR INC,NVR,KPMG,3578000,2436.99,8719550220
12471,2016,WORLD FUEL SERVICES CORP,INT,PwC,69900000,45.91,3209109000
12471,2017,WORLD FUEL SERVICES CORP,INT,PwC,67700000,28.14,1905078000
12471,2018,WORLD FUEL SERVICES CORP,INT,PwC,67000000,21.41,1434470000
12485,2017,ALTICE USA INC,ATUS,KPMG,737069000,21.23,15647974870
12485,2018,ALTICE USA INC,ATUS,KPMG,709040000,16.52,11713340800
12522,2016,RADA ELECTRONIC INDS,RADA,E&Y,21247000,1.16,24646520
12522,2017,RADA ELECTRONIC INDS,RADA,E&Y,31392000,3.08,96687360
12522,2018,RADA ELECTRONIC INDS,RADA,E&Y,37517000,2.58,96793860
12540,2016,ADOBE INC,ADBE,KPMG,494254000,102.81,50814253740
12540,2017,ADOBE INC,ADBE,KPMG,491262000,181.47,89149315140
12540,2018,ADOBE INC,ADBE,KPMG,487663000,250.89,1.2235E+11
12544,2016,ST JOE CO,JOE,KPMG,74343000,19,1412517000
12544,2017,ST JOE CO,JOE,KPMG,65898000,18.05,1189458900
12544,2018,ST JOE CO,JOE,Grant Thornton,60672000,13.17,799050240
12545,2016,HARTE HANKS INC,HHS,Deloitte,61645000,1.51,93083950
12545,2017,HARTE HANKS INC,HHS,Deloitte,62100000,0.9487,58914270
12545,2018,HARTE HANKS INC,HHS,Deloitte,6260000,2.42,15149200
12556,2016,PURE MULTI-FAMILY REIT LP,PMULF,KPMG,56269000,6.1884,348215079.6
12556,2017,PURE MULTI-FAMILY REIT LP,PMULF,KPMG,76930000,6.0013,461680009
12556,2018,PURE MULTI-FAMILY REIT LP,PMULF,KPMG,76937000,5.92,455467040
12575,2016,CYANOTECH CORP,CYAN,Grant Thornton,5685000,3.85,21887250
12575,2017,CYANOTECH CORP,CYAN,Grant Thornton,5772000,5.1,29437200
12575,2018,CYANOTECH CORP,CYAN,Grant Thornton,5880000,3.24,19051200
12578,2016,VALHI INC,VHI,PwC,342000000,3.46,1183320000
12578,2017,VALHI INC,VHI,PwC,342000000,6.17,2110140000
12578,2018,VALHI INC,VHI,PwC,342100000,1.93,660253000
12589,2016,ENCOMPASS HEALTH CORP,EHC,PwC,88930000,41.24,3667473200
12589,2017,ENCOMPASS HEALTH CORP,EHC,PwC,98306000,49.41,4857299460
12589,2018,ENCOMPASS HEALTH CORP,EHC,PwC,98926000,61.7,6103734200
12598,2016,P.A.M. TRANSPORTATION SVCS,PTSI,Grant Thornton,6397000,25.98,166194060
12598,2017,P.A.M. TRANSPORTATION SVCS,PTSI,Grant Thornton,6161000,34.43,212123230
12598,2018,P.A.M. TRANSPORTATION SVCS,PTSI,Grant Thornton,5957000,39.41,234765370
12603,2016,CNO FINANCIAL GROUP INC,CNO,PwC,173754000,19.15,3327389100
12603,2017,CNO FINANCIAL GROUP INC,CNO,PwC,166858000,24.69,4119724020
12603,2018,CNO FINANCIAL GROUP INC,CNO,PwC,162202000,14.88,2413565760
12615,2016,M/I HOMES INC,MHO,Deloitte,24677000,25.18,621366860
12615,2017,M/I HOMES INC,MHO,Deloitte,27857000,34.4,958280800
12615,2018,M/I HOMES INC,MHO,Deloitte,27516000,21.02,578386320
12616,2016,WACOAL HOLDINGS CORP,WACLY,Deloitte,27443000,61.653,1691943279
12616,2017,WACOAL HOLDINGS CORP,WACLY,Deloitte,13473000,143.63,1935126990
12625,2016,MARTEN TRANSPORT LTD,MRTN,Grant Thornton,32635000,23.3,760395500
12625,2017,MARTEN TRANSPORT LTD,MRTN,Grant Thornton,54533000,20.3,1107019900
12625,2018,MARTEN TRANSPORT LTD,MRTN,Grant Thornton,54467000,16.19,881820730
12635,2016,FISERV INC,FISV,Deloitte,215500000,106.28,22903340000
12635,2017,FISERV INC,FISV,Deloitte,207600000,131.13,27222588000
12635,2018,FISERV INC,FISV,Deloitte,392500000,73.49,28844825000
12673,2016,BARCLAYS PLC,BCS,PwC,4241000000,11,46651000000
12673,2017,BARCLAYS PLC,BCS,KPMG,4265000000,10.9,46488500000
12673,2018,BARCLAYS PLC,BCS,KPMG,4283250000,7.54,32295705000
12686,2016,JURA ENERGY CORP,JECFF,PwC,69076000,0.0431,2977175.6
12686,2017,JURA ENERGY CORP,JECFF,PwC,69076000,0.0716,4945841.6
12686,2018,JURA ENERGY CORP,JECFF,PwC,69076000,0.05,3453800
12689,2016,KB HOME,KBH,E&Y,85073000,15.84,1347556320
12689,2017,KB HOME,KBH,E&Y,87027000,31.36,2729166720
12689,2018,KB HOME,KBH,E&Y,86925000,21.11,1834986750
12711,2016,CEL-SCI CORP,CVM,BDO Seidman,155962000,0.305,47568410
12711,2017,CEL-SCI CORP,CVM,BDO Seidman,11903000,1.66,19758980
12711,2018,CEL-SCI CORP,CVM,BDO Seidman,28034000,4.05,113537700
12726,2016,UNUM GROUP,UNM,E&Y,229823000,43.93,10096124390
12726,2017,UNUM GROUP,UNM,E&Y,222547000,54.89,12215604830
12726,2018,UNUM GROUP,UNM,E&Y,214553000,29.38,6303567140
12756,2016,COCA-COLA EUROPEAN PARTNERS,CCEP,E&Y,483076000,31.4,15168586400
12756,2017,COCA-COLA EUROPEAN PARTNERS,CCEP,E&Y,484586000,39.85,19310752100
12756,2018,COCA-COLA EUROPEAN PARTNERS,CCEP,E&Y,474920000,45.85,21775082000
12761,2016,SUNOPTA INC,STKL,Deloitte,85744000,7.05,604495200
12761,2017,SUNOPTA INC,STKL,Deloitte,86757000,7.75,672366750
12761,2018,SUNOPTA INC,STKL,E&Y,87423000,3.87,338327010
12785,2016,PILGRIM'S PRIDE CORP,PPC,KPMG,249046000,18.99,4729383540
12785,2017,PILGRIM'S PRIDE CORP,PPC,KPMG,248753000,31.06,7726268180
12785,2018,PILGRIM'S PRIDE CORP,PPC,KPMG,248965000,15.51,3861447150
12788,2016,HARMAN INTERNATIONAL INDS,HAR,KPMG,70045000,71.82,5030631900
12796,2016,CORELOGIC INC,CLGX,PwC,84368000,36.83,3107273440
12796,2017,CORELOGIC INC,CLGX,PwC,80885000,46.21,3737695850
12796,2018,CORELOGIC INC,CLGX,PwC,80092000,33.42,2676674640
12803,2016,GIGAMON INC,GIMO,PwC,36303000,45.55,1653601650
12825,2016,J & J SNACK FOODS CORP,JJSF,Grant Thornton,18668000,119.12,2223732160
12825,2017,J & J SNACK FOODS CORP,JJSF,Grant Thornton,18663000,131.3,2450451900
12825,2018,J & J SNACK FOODS CORP,JJSF,Grant Thornton,18754000,150.89,2829791060
12833,2016,DELEK LOGISTICS PARTNERS LP,DKL,E&Y,24328000,28.55,694564400
12833,2017,DELEK LOGISTICS PARTNERS LP,DKL,E&Y,24383000,31.7,772941100
12833,2018,DELEK LOGISTICS PARTNERS LP,DKL,E&Y,24404000,29.25,713817000
12840,2016,HEARTLAND EXPRESS INC,HTLD,KPMG,83287000,20.36,1695723320
12840,2017,HEARTLAND EXPRESS INC,HTLD,KPMG,83303000,23.34,1944292020
12840,2018,HEARTLAND EXPRESS INC,HTLD,Grant Thornton,81930000,18.3,1499319000
12850,2016,CERNER CORP,CERN,KPMG,329641000,47.37,15615094170
12850,2017,CERNER CORP,CERN,KPMG,332461000,67.39,22404546790
12850,2018,CERNER CORP,CERN,KPMG,324308000,52.44,17006711520
12874,2016,ICAD INC,ICAD,BDO Seidman,16075000,3.235,52002625
12874,2017,ICAD INC,ICAD,BDO Seidman,16526000,3.44,56849440
12874,2018,ICAD INC,ICAD,BDO Seidman,16881000,3.7,62459700
12886,2016,TWENTY-FIRST CENTURY FOX INC,TFCFA,E&Y,1869824000,27.05,50578739200
12886,2017,TWENTY-FIRST CENTURY FOX INC,TFCFA,E&Y,1851058000,28.34,52458983720
12886,2018,TWENTY-FIRST CENTURY FOX INC,TFCFA,E&Y,1852553000,49.69,92053358570
12892,2016,SUNOCO LP,SUN,Grant Thornton,98181000,26.89,2640087090
12892,2017,SUNOCO LP,SUN,Grant Thornton,99668000,28.4,2830571200
12892,2018,SUNOCO LP,SUN,Grant Thornton,82665000,27.19,2247661350
12909,2016,MARKEL CORP,MKL,KPMG,13955000,904.5,12622297500
12909,2017,MARKEL CORP,MKL,KPMG,13904000,1139.13,15838463520
12909,2018,MARKEL CORP,MKL,KPMG,13888000,1038.05,14416438400
12915,2016,ORASURE TECHNOLOGIES INC,OSUR,KPMG,56001000,8.78,491688780
12915,2017,ORASURE TECHNOLOGIES INC,OSUR,KPMG,60662000,18.86,1144085320
12915,2018,ORASURE TECHNOLOGIES INC,OSUR,KPMG,61276000,11.68,715703680
12945,2016,PLEXUS CORP,PLXS,PwC,33457000,46.78,1565118460
12945,2017,PLEXUS CORP,PLXS,PwC,33464000,56.08,1876661120
12945,2018,PLEXUS CORP,PLXS,PwC,31838000,58.51,1862841380
12964,2016,CADIZ INC,CDZI,PwC,21769000,12.5,272112500
12964,2017,CADIZ INC,CDZI,PwC,22987000,14.25,327564750
12964,2018,CADIZ INC,CDZI,PwC,24655000,10.3,253946500
12972,2016,INGLES MARKETS INC  -CL A,IMKTA,Deloitte,20259000,39.54,801040860
12972,2017,INGLES MARKETS INC  -CL A,IMKTA,Deloitte,20260000,25.7,520682000
12972,2018,INGLES MARKETS INC  -CL A,IMKTA,Deloitte,20260000,34.25,693905000
12976,2016,SEARS HOMETOWN & OUTLET STR,SHOS,BDO Seidman,22716000,3.65,82913400
12976,2017,SEARS HOMETOWN & OUTLET STR,SHOS,BDO Seidman,22702000,2.45,55619900
12976,2018,SEARS HOMETOWN & OUTLET STR,SHOS,BDO Seidman,22702000,2.08,47220160
13003,2016,JOY GLOBAL INC,JOY,E&Y,98322000,27.83,2736301260
13030,2016,SIEM INDUSTRIES INC,SEMUF,PwC,15120000,62,937440000
13030,2017,SIEM INDUSTRIES INC,SEMUF,PwC,15108000,63.3,956336400
13030,2018,SIEM INDUSTRIES INC,SEMUF,PwC,15041000,50,752050000
13041,2016,SYNOVUS FINANCIAL CORP,SNV,KPMG,122266000,41.08,5022687280
13041,2017,SYNOVUS FINANCIAL CORP,SNV,KPMG,118897000,47.94,5699922180
13041,2018,SYNOVUS FINANCIAL CORP,SNV,KPMG,115866000,31.99,3706553340
13071,2016,RADNET INC,RDNT,E&Y,46575000,6.45,300408750
13071,2017,RADNET INC,RDNT,E&Y,47724000,10.1,482012400
13071,2018,RADNET INC,RDNT,E&Y,48977000,10.17,498096090
13092,2016,JACK IN THE BOX INC,JACK,KPMG,32408000,95.94,3109223520
13092,2017,JACK IN THE BOX INC,JACK,KPMG,29432000,101.92,2999709440
13092,2018,JACK IN THE BOX INC,JACK,KPMG,25736000,83.83,2157448880
13125,2016,HCP INC,HCP,Deloitte,468081000,29.72,13911367320
13125,2017,HCP INC,HCP,Deloitte,469436000,26.08,12242890880
13125,2018,HCP INC,HCP,Deloitte,477496000,27.93,13336463280
13128,2016,ECOLOGY AND ENVIRONMENT INC,EEI,E&Y,4290000,10.1516,43550364
13128,2017,ECOLOGY AND ENVIRONMENT INC,EEI,E&Y,4302000,12.3671,53203264.2
13128,2018,ECOLOGY AND ENVIRONMENT INC,EEI,E&Y,4313000,13.15,56715950
13142,2016,CAPSTEAD MORTGAGE CORP,CMO,E&Y,95989000,10.19,978127910
13142,2017,CAPSTEAD MORTGAGE CORP,CMO,E&Y,95698000,8.65,827787700
13142,2018,CAPSTEAD MORTGAGE CORP,CMO,E&Y,85277000,6.67,568797590
13145,2016,INTL CONSOL AIRLINES GROUP,ICAGY,E&Y,1060234000,10.896,11552309664
13145,2017,INTL CONSOL AIRLINES GROUP,ICAGY,E&Y,1024024000,17.613,18036134712
13145,2018,INTL CONSOL AIRLINES GROUP,ICAGY,E&Y,991656000,15.742,15610648752
13184,2016,CYTRX CORP,CYTR,BDO Seidman,111323000,0.3722,41434420.6
13184,2017,CYTRX CORP,CYTR,BDO Seidman,28038000,1.69,47384220
13184,2018,CYTRX CORP,CYTR,BDO Seidman,33638000,0.4488,15096734.4
13189,2016,CEDAR REALTY TRUST INC,CDR,E&Y,82052000,6.53,535799560
13189,2017,CEDAR REALTY TRUST INC,CDR,E&Y,87958000,6.08,534784640
13189,2018,CEDAR REALTY TRUST INC,CDR,E&Y,87465000,3.14,274640100
13200,2016,PHOTRONICS INC,PLAB,Deloitte,68080000,9.7,660376000
13200,2017,PHOTRONICS INC,PLAB,Deloitte,68666000,9.7,666060200
13200,2018,PHOTRONICS INC,PLAB,Deloitte,67142000,9.74,653963080
13312,2016,BHP GROUP LTD,BHP,KPMG,2661222000,28.56,76004500320
13312,2017,BHP GROUP LTD,BHP,KPMG,2661811000,35.59,94733853490
13312,2018,BHP GROUP LTD,BHP,KPMG,2661763000,50.01,1.33115E+11
13323,2016,SANDERSON FARMS INC,SAFM,E&Y,22693000,89.98,2041916140
13323,2017,SANDERSON FARMS INC,SAFM,E&Y,22803000,149.57,3410644710
13323,2018,SANDERSON FARMS INC,SAFM,E&Y,22100000,98.39,2174419000
13341,2016,PROGRESSIVE CORP-OHIO,PGR,PwC,579900000,35.5,20586450000
13341,2017,PROGRESSIVE CORP-OHIO,PGR,PwC,581700000,56.32,32761344000
13341,2018,PROGRESSIVE CORP-OHIO,PGR,PwC,583200000,60.33,35184456000
13342,2016,RLI CORP,RLI,KPMG,43945000,63.13,2774247850
13342,2017,RLI CORP,RLI,KPMG,44148000,60.66,2678017680
13342,2018,RLI CORP,RLI,KPMG,44504000,68.99,3070330960
13354,2016,VOXX INTERNATIONAL CORP,VOXX,Grant Thornton,24160000,4.95,119592000
13354,2017,VOXX INTERNATIONAL CORP,VOXX,Grant Thornton,24199000,5.4,130674600
13354,2018,VOXX INTERNATIONAL CORP,VOXX,Grant Thornton,24199000,5,120995000
13362,2016,NAKED BRAND GROUP INC,NAKD.1,BDO Seidman,6561000,1.21,7938810
13362,2017,NAKED BRAND GROUP INC,NAKD.1,BDO Seidman,10342000,1.43,14789060
13375,2016,GCI LIBERTY INC -OLD,GNCMA,Grant Thornton,35795000,19.45,696212750
13375,2017,GCI LIBERTY INC -OLD,GNCMA,Grant Thornton,35950000,39.02,1402769000
13381,2016,DESTINATION XL GROUP INC,DXLG,KPMG,50760000,3.55,180198000
13381,2017,DESTINATION XL GROUP INC,DXLG,KPMG,48730000,2.6,126698000
13381,2018,DESTINATION XL GROUP INC,DXLG,KPMG,49486000,2.58,127673880
13406,2016,CALGON CARBON CORP,CCC.1,Deloitte,50750000,17,862750000
13406,2017,CALGON CARBON CORP,CCC.1,Deloitte,50926000,21.3,1084723800
13421,2016,CADENCE DESIGN SYSTEMS INC,CDNS,KPMG,278099000,25.22,7013656780
13421,2017,CADENCE DESIGN SYSTEMS INC,CDNS,KPMG,282067000,41.82,11796041940
13421,2018,CADENCE DESIGN SYSTEMS INC,CDNS,KPMG,280015000,43.48,12175052200
13431,2017,BERRY PETROLEUM,BRY,KPMG,32920000,8.9,292988000
13431,2018,BERRY PETROLEUM,BRY,KPMG,81202000,8.75,710517500
13440,2016,LEVEL 3 COMMUNICATIONS INC,LVLT,KPMG,360022000,56.36,20290839920
13453,2016,OPPENHEIMER HOLDINGS INC,OPY,Deloitte,13361000,18.6,248514600
13453,2017,OPPENHEIMER HOLDINGS INC,OPY,Deloitte,13239000,26.8,354805200
13453,2018,OPPENHEIMER HOLDINGS INC,OPY,Deloitte,13042000,25.55,333223100
13498,2016,CARNIVAL CORP/PLC (USA),CCL,PwC,726000000,51.41,37323660000
13498,2017,CARNIVAL CORP/PLC (USA),CCL,PwC,718000000,65.64,47129520000
13498,2018,CARNIVAL CORP/PLC (USA),CCL,PwC,696000000,60.29,41961840000
13510,2016,DUKE REALTY CORP,DRE,KPMG,354756000,26.56,9422319360
13510,2017,DUKE REALTY CORP,DRE,KPMG,356361000,27.21,9696582810
13510,2018,DUKE REALTY CORP,DRE,KPMG,358851000,25.9,9294240900
13520,2016,CALEDONIA MINING CORP PLC,CMCL,KPMG,52787000,1.14,60177180
13520,2017,CALEDONIA MINING CORP PLC,CMCL,KPMG,10603000,7.39,78356170
13520,2018,CALEDONIA MINING CORP PLC,CMCL,BDO Seidman,10603000,5.2537,55704981.1
13526,2016,BUCKEYE PARTNERS LP,BPL,Deloitte,140264000,66.16,9279866240
13526,2017,BUCKEYE PARTNERS LP,BPL,Deloitte,146677000,49.55,7267845350
13526,2018,BUCKEYE PARTNERS LP,BPL,Deloitte,153755000,28.99,4457357450
13540,2016,WHITEWAVE FOODS CO,WWAV,Deloitte,177251000,55.6,9855155600
13561,2016,MBIA INC,MBI,PwC,135201000,10.7,1446650700
13561,2017,MBIA INC,MBI,PwC,91484000,7.32,669662880
13561,2018,MBIA INC,MBI,PwC,89822000,8.92,801212240
13562,2016,BRANDYWINE REALTY TRUST,BDN,PwC,174241000,16.51,2876718910
13562,2017,BRANDYWINE REALTY TRUST,BDN,PwC,177391000,18.19,3226742290
13562,2018,BRANDYWINE REALTY TRUST,BDN,PwC,175896000,12.87,2263781520
13570,2016,MIDDLEBY CORP,MIDD,E&Y,57540000,128.81,7411727400
13570,2017,MIDDLEBY CORP,MIDD,E&Y,55731000,134.95,7520898450
13570,2018,MIDDLEBY CORP,MIDD,E&Y,55703000,102.73,5722369190
13579,2016,EQUITY COMMONWEALTH,EQC,E&Y,123994000,30.24,3749578560
13579,2017,EQUITY COMMONWEALTH,EQC,E&Y,124218000,30.51,3789891180
13579,2018,EQUITY COMMONWEALTH,EQC,E&Y,121572000,30.01,3648375720
13580,2016,UNIVERSAL HEALTH RLTY INCOME,UHT,KPMG,13599000,65.59,891958410
13580,2017,UNIVERSAL HEALTH RLTY INCOME,UHT,KPMG,13735000,75.11,1031635850
13580,2018,UNIVERSAL HEALTH RLTY INCOME,UHT,KPMG,13747000,61.37,843653390
13599,2016,CELGENE CORP,CELG,KPMG,778600000,115.75,90122950000
13599,2017,CELGENE CORP,CELG,KPMG,759300000,104.36,79240548000
13599,2018,CELGENE CORP,CELG,KPMG,700200000,64.09,44875818000
13602,2016,AMERICA'S CAR-MART INC,CRMT,Grant Thornton,7608000,37.3,283778400
13602,2017,AMERICA'S CAR-MART INC,CRMT,Grant Thornton,6849000,53.3,365051700
13602,2018,AMERICA'S CAR-MART INC,CRMT,Grant Thornton,6699000,99.05,663535950
13619,2016,ABIOMED INC,ABMD,Deloitte,43673000,125.2,5467859600
13619,2017,ABIOMED INC,ABMD,Deloitte,44375000,290.99,12912681250
13619,2018,ABIOMED INC,ABMD,Deloitte,45123000,285.59,12886677570
13623,2016,CONMED CORP,CNMD,PwC,27828000,44.17,1229162760
13623,2017,CONMED CORP,CNMD,PwC,27961000,50.97,1425172170
13623,2018,CONMED CORP,CNMD,PwC,28132000,64.2,1806074400
13646,2016,TIFFANY & CO,TIF,PwC,124500000,78.72,9800640000
13646,2017,TIFFANY & CO,TIF,PwC,124500000,106.65,13277925000
13646,2018,TIFFANY & CO,TIF,PwC,121500000,88.73,10780695000
13649,2018,NATIONAL HOLDINGS CORP,NHLD,BDO Seidman,12542000,3.2,40134400
13657,2016,ALLIANCE HEALTHCARE SVCS INC,AIQ.1,Deloitte,10813000,9.6,103804800
13664,2016,GCI LIBERTY INC,GLIBA,KPMG,85423000,36.87,3149546010
13664,2017,GCI LIBERTY INC,GLIBA,KPMG,86142000,54.24,4672342080
13664,2018,GCI LIBERTY INC,GLIBA,KPMG,106501000,41.16,4383581160
13683,2016,TELEFONICA SA,TEF,E&Y,4896576000,9.2,45048499200
13683,2017,TELEFONICA SA,TEF,PwC,5126444000,9.68,49623977920
13683,2018,TELEFONICA SA,TEF,PwC,5126636000,8.46,43371340560
13700,2016,DENTSPLY SIRONA INC,XRAY,PwC,230100000,57.73,13283673000
13700,2017,DENTSPLY SIRONA INC,XRAY,PwC,226800000,65.83,14930244000
13700,2018,DENTSPLY SIRONA INC,XRAY,PwC,223000000,37.21,8297830000
13709,2016,ICAHN ENTERPRISES LP,IEP,Grant Thornton,144741000,59.92,8672880720
13709,2017,ICAHN ENTERPRISES LP,IEP,Grant Thornton,173564000,53,9198892000
13709,2018,ICAHN ENTERPRISES LP,IEP,Grant Thornton,191366000,57.08,10923171280
13710,2016,CEDAR FAIR  -LP,FUN,Deloitte,56201000,64.2,3608104200
13710,2017,CEDAR FAIR  -LP,FUN,Deloitte,56359000,64.99,3662771410
13710,2018,CEDAR FAIR  -LP,FUN,Deloitte,56564000,47.3,2675477200
13714,2016,CBS CORP,CBS,PwC,412000000,63.62,26211440000
13714,2017,CBS CORP,CBS,PwC,383000000,59,22597000000
13714,2018,CBS CORP,CBS,PwC,373000000,43.72,16307560000
13721,2016,ZOETIS INC,ZTS,KPMG,492855000,53.53,26382528150
13721,2017,ZOETIS INC,ZTS,KPMG,486130000,72.04,35020805200
13721,2018,ZOETIS INC,ZTS,KPMG,479562000,85.54,41021733480
13733,2016,PSYCHEMEDICS CORP,PMD,BDO Seidman,5460000,24.68,134752800
13733,2017,PSYCHEMEDICS CORP,PMD,BDO Seidman,5492000,20.56,112915520
13733,2018,PSYCHEMEDICS CORP,PMD,BDO Seidman,5507000,15.87,87396090
13782,2016,MULTI-COLOR CORP,LABL,Grant Thornton,16952000,71,1203592000
13782,2017,MULTI-COLOR CORP,LABL,Grant Thornton,20446000,66.05,1350458300
13782,2018,MULTI-COLOR CORP,LABL,Grant Thornton,20543000,49.89,1024890270
13789,2016,AIR METHODS CORP,AIRM,KPMG,36401000,31.85,1159371850
13800,2016,ALMOST FAMILY INC,AFAM,E&Y,10387000,44.1,458066700
13800,2017,ALMOST FAMILY INC,AFAM,E&Y,13992000,55.35,774457200
13824,2016,FAIR ISAAC CORP,FICO,Deloitte,30935000,124.59,3854191650
13824,2017,FAIR ISAAC CORP,FICO,Deloitte,30243000,140.5,4249141500
13824,2018,FAIR ISAAC CORP,FICO,Deloitte,29015000,228.55,6631378250
13835,2016,REGULUS THERAPEUTICS INC,RGLS,E&Y,52925000,2.25,119081250
13835,2017,REGULUS THERAPEUTICS INC,RGLS,E&Y,103955000,1.04,108113200
13835,2018,REGULUS THERAPEUTICS INC,RGLS,E&Y,8818000,0.9306,8206030.8
13839,2016,CAMBREX CORP,CBM,BDO Seidman,32344000,53.95,1744958800
13839,2017,CAMBREX CORP,CBM,BDO Seidman,32847000,48,1576656000
13839,2018,CAMBREX CORP,CBM,BDO Seidman,33606000,37.76,1268962560
13861,2016,TILE SHOP HOLDINGS INC,TTS,E&Y,51607000,19.55,1008916850
13861,2017,TILE SHOP HOLDINGS INC,TTS,E&Y,52157000,9.6,500707200
13861,2018,TILE SHOP HOLDINGS INC,TTS,E&Y,52708000,5.48,288839840
13871,2016,SUMMIT MIDSTREAM PARTNERS LP,SMLP,Deloitte,72111000,25.15,1813591650
13871,2017,SUMMIT MIDSTREAM PARTNERS LP,SMLP,Deloitte,73086000,20.5,1498263000
13871,2018,SUMMIT MIDSTREAM PARTNERS LP,SMLP,Deloitte,73391000,10.05,737579550
13888,2018,MR COOPER GROUP INC,COOP,E&Y,90821000,11.67,1059881070
13962,2016,FERRELLGAS PARTNERS  -LP,FGP,Grant Thornton,98003000,19.68,1928699040
13962,2017,FERRELLGAS PARTNERS  -LP,FGP,Grant Thornton,97153000,4.5,437188500
13962,2018,FERRELLGAS PARTNERS  -LP,FGP,Grant Thornton,97153000,3.16,307003480
13963,2016,VECTOR GROUP LTD,VGR,Deloitte,127739000,22.74,2904784860
13963,2017,VECTOR GROUP LTD,VGR,Deloitte,134365000,22.38,3007088700
13963,2018,VECTOR GROUP LTD,VGR,Deloitte,140915000,9.73,1371102950
13971,2016,METHANEX CORP,MEOH,KPMG,89824000,43.8,3934291200
13971,2017,METHANEX CORP,MEOH,KPMG,83770000,60.55,5072273500
13971,2018,METHANEX CORP,MEOH,KPMG,77263000,48.17,3721758710
13988,2016,SCHWAB (CHARLES) CORP,SCHW,Deloitte,1332750000,39.47,52603642500
13988,2017,SCHWAB (CHARLES) CORP,SCHW,Deloitte,1345333000,51.37,69109756210
13988,2018,SCHWAB (CHARLES) CORP,SCHW,Deloitte,1332427000,41.53,55335693310
14010,2016,TRANSGLOBE ENERGY CORP,TGA,Deloitte,72206000,1.69,122028140
14010,2017,TRANSGLOBE ENERGY CORP,TGA,Deloitte,72206000,1.439,103904434
14010,2018,TRANSGLOBE ENERGY CORP,TGA,Deloitte,72206000,1.87,135025220
14027,2016,CLEAN HARBORS INC,CLH,Deloitte,57298000,55.65,3188633700
14027,2017,CLEAN HARBORS INC,CLH,Deloitte,56501000,54.2,3062354200
14027,2018,CLEAN HARBORS INC,CLH,Deloitte,55847000,49.35,2756049450
14078,2016,BOMBARDIER INC  -CL B,BDRBF,E&Y,2193044000,1.61,3530800840
14078,2017,BOMBARDIER INC  -CL B,BDRBF,E&Y,2193698000,2.4,5264875200
14078,2018,BOMBARDIER INC  -CL B,BDRBF,E&Y,2373442000,1.47,3488959740
14084,2016,ALBANY INTL CORP  -CL A,AIN,KPMG,32110000,46.3,1486693000
14084,2017,ALBANY INTL CORP  -CL A,AIN,KPMG,32199000,61.45,1978628550
14084,2018,ALBANY INTL CORP  -CL A,AIN,KPMG,32266000,62.43,2014366380
14108,2016,CYBEROPTICS CORP,CYBE,Grant Thornton,6902000,26.1,180142200
14108,2017,CYBEROPTICS CORP,CYBE,Grant Thornton,6980000,15,104700000
14108,2018,CYBEROPTICS CORP,CYBE,Grant Thornton,7101000,17.63,125190630
14140,2016,BANCO SANTANDER SA,SAN,PwC,14582341000,5.18,75536526380
14140,2017,BANCO SANTANDER SA,SAN,PwC,16136154000,6.54,1.0553E+11
14140,2018,BANCO SANTANDER SA,SAN,PwC,16224000000,4.48,72683520000
14155,2016,VANTAGE DRILLING INTL,VTGGF,BDO Seidman,5000000,88,440000000
14155,2017,VANTAGE DRILLING INTL,VTGGF,BDO Seidman,5000000,185,925000000
14155,2018,VANTAGE DRILLING INTL,VTGGF,BDO Seidman,5000000,210,1050000000
14163,2016,MCCLATCHY CO  -CL A,MNI,Deloitte,7575000,13.18,99838500
14163,2017,MCCLATCHY CO  -CL A,MNI,Deloitte,7696000,8.93,68725280
14163,2018,MCCLATCHY CO  -CL A,MNI,Deloitte,7812000,7.65,59761800
14169,2016,LANDAUER INC,LDR,BDO Seidman,9727000,44.48,432656960
14172,2016,FULTON FINANCIAL CORP,FULT,KPMG,174040000,18.8,3271952000
14172,2017,FULTON FINANCIAL CORP,FULT,KPMG,175170000,17.9,3135543000
14172,2018,FULTON FINANCIAL CORP,FULT,KPMG,170184000,15.48,2634448320
14192,2016,GAINSCO INC,GANS,BDO Seidman,4902000,14.3,70098600
14192,2017,GAINSCO INC,GANS,BDO Seidman,5078000,20.75,105368500
14192,2018,GAINSCO INC,GANS,BDO Seidman,4785000,30,143550000
14219,2016,BANCORPSOUTH BANK,BXS,KPMG,93697000,31.05,2909291850
14219,2017,BANCORPSOUTH BANK,BXS,KPMG,90312000,31.45,2840312400
14219,2018,BANCORPSOUTH BANK,BXS,KPMG,99797000,26.14,2608693580
14225,2016,FASTENAL CO,FAST,KPMG,289162000,46.98,13584830760
14225,2017,FASTENAL CO,FAST,KPMG,287592000,54.69,15728406480
14225,2018,FASTENAL CO,FAST,KPMG,285902000,52.29,14949815580
14229,2016,TAT TECHNOLOGIES LTD,TATT,PwC,8828000,8.75,77245000
14229,2017,TAT TECHNOLOGIES LTD,TATT,PwC,8848000,10.5,92904000
14229,2018,TAT TECHNOLOGIES LTD,TATT,PwC,8875000,6.15,54581250
14256,2016,MAXIM INTEGRATED PRODUCTS,MXIM,Deloitte,283909000,35.69,10132712210
14256,2017,MAXIM INTEGRATED PRODUCTS,MXIM,PwC,282912000,44.9,12702748800
14256,2018,MAXIM INTEGRATED PRODUCTS,MXIM,PwC,278664000,58.66,16346430240
14269,2016,HERBALIFE NUTRITION LTD,HLF,PwC,93100000,48.14,4481834000
14269,2017,HERBALIFE NUTRITION LTD,HLF,PwC,82300000,67.72,5573356000
14269,2018,HERBALIFE NUTRITION LTD,HLF,PwC,142800000,58.95,8418060000
14275,2016,FIRST REPUBLIC BANK,FRC,KPMG,154292000,92.14,14216464880
14275,2017,FIRST REPUBLIC BANK,FRC,KPMG,161696000,86.64,14009341440
14275,2018,FIRST REPUBLIC BANK,FRC,KPMG,164902000,86.9,14329983800
14282,2016,AMPHENOL CORP,APH,Deloitte,308300000,67.2,20717760000
14282,2017,AMPHENOL CORP,APH,Deloitte,305700000,87.8,26840460000
14282,2018,AMPHENOL CORP,APH,Deloitte,298500000,81.02,24184470000
14304,2016,AKORN INC,AKRX,BDO Seidman,124390000,21.83,2715433700
14304,2017,AKORN INC,AKRX,BDO Seidman,125091000,32.23,4031682930
14304,2018,AKORN INC,AKRX,BDO Seidman,125492000,3.39,425417880
14311,2016,POLARIS INC,PII,E&Y,63109000,82.39,5199550510
14311,2017,POLARIS INC,PII,E&Y,63075000,123.99,7820669250
14311,2018,POLARIS INC,PII,E&Y,60890000,76.68,4669045200
14313,2016,NORBORD INC,OSB,KPMG,85800000,25.25,2166450000
14313,2017,NORBORD INC,OSB,KPMG,86400000,33.81,2921184000
14313,2018,NORBORD INC,OSB,KPMG,81700000,26.59,2172403000
14320,2016,INTERCEPT PHARMA INC,ICPT,KPMG,24820000,108.65,2696693000
14320,2017,INTERCEPT PHARMA INC,ICPT,KPMG,25173000,58.42,1470606660
14320,2018,INTERCEPT PHARMA INC,ICPT,KPMG,29694000,100.79,2992858260
14359,2016,PIONEER NATURAL RESOURCES CO,PXD,E&Y,169724000,180.07,30562200680
14359,2017,PIONEER NATURAL RESOURCES CO,PXD,E&Y,170189000,172.85,29417168650
14359,2018,PIONEER NATURAL RESOURCES CO,PXD,E&Y,169499000,131.52,22292508480
14369,2016,US CELLULAR CORP,USM,PwC,85000000,43.72,3716200000
14369,2017,US CELLULAR CORP,USM,PwC,85000000,37.63,3198550000
14369,2018,US CELLULAR CORP,USM,PwC,86000000,51.97,4469420000
14370,2016,MANPOWERGROUP,MAN,Deloitte,66969000,88.87,5951535030
14370,2017,MANPOWERGROUP,MAN,Deloitte,66077000,126.11,8332970470
14370,2018,MANPOWERGROUP,MAN,Deloitte,60752000,64.8,3936729600
14402,2016,SILVER BAY REALTY TRUST CORP,SBY,E&Y,35380000,17.14,606413200
14403,2016,DYNEX CAPITAL INC,DX,BDO Seidman,49153000,6.82,335223460
14403,2017,DYNEX CAPITAL INC,DX,BDO Seidman,55832000,7.01,391382320
14403,2018,DYNEX CAPITAL INC,DX,BDO Seidman,62817000,5.72,359313240
14412,2016,SOTHEBY'S,BID,Deloitte,52971000,39.86,2111424060
14412,2017,SOTHEBY'S,BID,Deloitte,52462000,51.6,2707039200
14412,2018,SOTHEBY'S,BID,Deloitte,46347000,39.74,1841829780
14418,2016,MGM RESORTS INTERNATIONAL,MGM,Deloitte,574124000,28.83,16551994920
14418,2017,MGM RESORTS INTERNATIONAL,MGM,Deloitte,566276000,33.39,18907955640
14418,2018,MGM RESORTS INTERNATIONAL,MGM,Deloitte,527480000,24.26,12796664800
14447,2016,LVMH MOET HENNESSY LOUIS V,LVMUY,E&Y,2510144000,38.266,96053170304
14447,2017,LVMH MOET HENNESSY LOUIS V,LVMUY,E&Y,2513808000,58.935,1.48151E+11
14447,2018,LVMH MOET HENNESSY LOUIS V,LVMUY,E&Y,2514470000,59.032,1.48434E+11
14477,2016,WASTE MANAGEMENT INC,WM,E&Y,439316000,70.91,31151897560
14477,2017,WASTE MANAGEMENT INC,WM,E&Y,433318000,86.3,37395343400
14477,2018,WASTE MANAGEMENT INC,WM,E&Y,423983000,88.99,37730247170
14489,2018,DELL TECHNOLOGIES INC,DELL,PwC,719000000,48.59,34936210000
14535,2016,EW SCRIPPS  -CL A,SSP,Deloitte,81975000,19.33,1584576750
14535,2017,EW SCRIPPS  -CL A,SSP,Deloitte,81632000,15.63,1275908160
14535,2018,EW SCRIPPS  -CL A,SSP,Deloitte,80670000,15.73,1268939100
14538,2016,TEVA PHARMACEUTICALS,TEVA,PwC,1015000000,36.25,36793750000
14538,2017,TEVA PHARMACEUTICALS,TEVA,PwC,1017000000,18.95,19272150000
14551,2016,SILVERCREST ASSET MGT,SAMG,Deloitte,8074000,13.15,106173100
14551,2017,SILVERCREST ASSET MGT,SAMG,Deloitte,8142000,16.05,130679100
14551,2018,SILVERCREST ASSET MGT,SAMG,Deloitte,8518000,13.23,112693140
14561,2016,II-VI INC,IIVI,E&Y,61874000,18.76,1160756240
14561,2017,II-VI INC,IIVI,E&Y,63141000,34.3,2165736300
14561,2018,II-VI INC,IIVI,E&Y,63297000,43.45,2750254650
14563,2016,MERCER INTL INC,MERC,PwC,64694000,10.65,688991100
14563,2017,MERCER INTL INC,MERC,PwC,65017000,14.3,929743100
14563,2018,MERCER INTL INC,MERC,PwC,65202000,10.44,680708880
14583,2016,PACIFIC OFFICE PROPERTIES TR,PCFO,E&Y,3941000,0.11,433510
14583,2017,PACIFIC OFFICE PROPERTIES TR,PCFO,E&Y,3992000,0.1499,598400.8
14590,2016,FREEPORT-MCMORAN INC,FCX,E&Y,1445000000,13.19,19059550000
14590,2017,FREEPORT-MCMORAN INC,FCX,E&Y,1448000000,18.96,27454080000
14590,2018,FREEPORT-MCMORAN INC,FCX,E&Y,1449000000,10.31,14939190000
14592,2016,ALLIANCEBERNSTEIN HOLDING LP,AB,PwC,96652000,23.45,2266489400
14592,2017,ALLIANCEBERNSTEIN HOLDING LP,AB,PwC,96462000,25.05,2416373100
14592,2018,ALLIANCEBERNSTEIN HOLDING LP,AB,PwC,96558000,27.32,2637964560
14597,2016,JUNIPER PHARMACEUTICALS INC,JNP,PwC,10844000,5.6,60726400
14597,2017,JUNIPER PHARMACEUTICALS INC,JNP,PwC,10844000,4.85,52593400
14603,2016,AVID BIOSERVICES INC,CDMO,E&Y,308098000,0.6156,189665128.8
14603,2017,AVID BIOSERVICES INC,CDMO,E&Y,55689000,3.67,204378630
14603,2018,AVID BIOSERVICES INC,CDMO,E&Y,56136000,4.79,268891440
14605,2016,WPP PLC,WPP,Deloitte,253399000,110.66,28041133340
14605,2017,WPP PLC,WPP,Deloitte,251140000,90.56,22743238400
14605,2018,WPP PLC,WPP,Deloitte,249401000,54.8,13667174800
14611,2016,UBM PLC,UBMPY,E&Y,393909000,9.039,3560543451
14620,2016,ELECTROLUX AB,ELUXY,PwC,143699000,49.821,7159227879
14620,2017,ELECTROLUX AB,ELUXY,PwC,143699000,64.562,9277494838
14620,2018,ELECTROLUX AB,ELUXY,Deloitte,143699000,42.207,6065103693
14624,2016,OFFICE DEPOT INC,ODP,Deloitte,515090000,4.52,2328206800
14624,2017,OFFICE DEPOT INC,ODP,Deloitte,553984000,3.54,1961103360
14624,2018,OFFICE DEPOT INC,ODP,Deloitte,543833000,2.58,1403089140
14790,2016,MERITAGE HOMES CORP,MTH,Deloitte,40031000,34.8,1393078800
14790,2017,MERITAGE HOMES CORP,MTH,Deloitte,40331000,51.2,2064947200
14790,2018,MERITAGE HOMES CORP,MTH,Deloitte,38073000,36.72,1398040560
14793,2016,ARCH COAL INC,ARCH,E&Y,25002000,78.05,1951406100
14793,2017,ARCH COAL INC,ARCH,E&Y,21070000,93.16,1962881200
14793,2018,ARCH COAL INC,ARCH,E&Y,17831000,82.99,1479794690
14802,2016,NATIONAL AUSTRALIA BK,NABZY,E&Y,5295042000,10.664,56466327888
14802,2017,NATIONAL AUSTRALIA BK,NABZY,E&Y,5351738000,12.358,66136778204
14802,2018,NATIONAL AUSTRALIA BK,NABZY,E&Y,5452688000,10.061,54859493968
14822,2016,BERKLEY (W R) CORP,WRB,KPMG,121194000,66.51,8060612940
14822,2017,BERKLEY (W R) CORP,WRB,KPMG,121515000,71.65,8706549750
14822,2018,BERKLEY (W R) CORP,WRB,KPMG,121996000,73.91,9016724360
14824,2016,CINCINNATI FINANCIAL CORP,CINF,Deloitte,164387000,75.75,12452315250
14824,2017,CINCINNATI FINANCIAL CORP,CINF,Deloitte,163899000,74.97,12287508030
14824,2018,CINCINNATI FINANCIAL CORP,CINF,Deloitte,162843000,77.42,12607305060
14828,2016,OLD REPUBLIC INTL CORP,ORI,KPMG,262720000,19,4991680000
14828,2017,OLD REPUBLIC INTL CORP,ORI,KPMG,269239000,21.38,5756329820
14828,2018,OLD REPUBLIC INTL CORP,ORI,KPMG,302715000,20.57,6226847550
14891,2016,MGP INGREDIENTS INC,MGPI,KPMG,16659000,49.98,832616820
14891,2017,MGP INGREDIENTS INC,MGPI,KPMG,16797000,76.88,1291353360
14891,2018,MGP INGREDIENTS INC,MGPI,KPMG,16856000,57.05,961634800
14894,2016,VODAFONE GROUP PLC,VOD,PwC,2662208000,26.43,70362157440
14894,2017,VODAFONE GROUP PLC,VOD,PwC,2667577000,27.82,74211992140
14894,2018,VODAFONE GROUP PLC,VOD,PwC,2723038000,18.18,49504830840
14898,2016,3D SYSTEMS CORP,DDD,BDO Seidman,113615000,13.29,1509943350
14898,2017,3D SYSTEMS CORP,DDD,BDO Seidman,114806000,8.64,991923840
14898,2018,3D SYSTEMS CORP,DDD,BDO Seidman,115704000,10.17,1176709680
14934,2016,DEVON ENERGY CORP,DVN,KPMG,523000000,45.67,23885410000
14934,2017,DEVON ENERGY CORP,DVN,KPMG,525000000,41.4,21735000000
14934,2018,DEVON ENERGY CORP,DVN,KPMG,450000000,22.54,10143000000
14954,2016,LINDSAY CORP,LNN,KPMG,10630000,71.96,764934800
14954,2017,LINDSAY CORP,LNN,KPMG,10697000,86.57,926039290
14954,2018,LINDSAY CORP,LNN,KPMG,10758000,95.77,1030293660
14960,2016,LABORATORY CP OF AMER HLDGS,LH,PwC,102700000,128.38,13184626000
14960,2017,LABORATORY CP OF AMER HLDGS,LH,PwC,101900000,159.51,16254069000
14960,2018,LABORATORY CP OF AMER HLDGS,LH,PwC,98900000,126.36,12497004000
15027,2016,TOR MINERALS INTL INC,TORM,BDO Seidman,3542000,6.1,21606200
15027,2017,TOR MINERALS INTL INC,TORM,BDO Seidman,3542000,5.65,20012300
15027,2018,TOR MINERALS INTL INC,TORM,BDO Seidman,3542000,2.55,9032100
15037,2016,GOLDCORP INC,GG,Deloitte,853812000,13.6,11611843200
15037,2017,GOLDCORP INC,GG,Deloitte,867346000,12.77,11076008420
15037,2018,GOLDCORP INC,GG,Deloitte,867530000,9.8,8501794000
15044,2016,WORKDAY INC,WDAY,E&Y,203000000,83.09,16867270000
15044,2017,WORKDAY INC,WDAY,E&Y,212000000,119.89,25416680000
15044,2018,WORKDAY INC,WDAY,E&Y,222000000,181.53,40299660000
15060,2016,CALLON PETROLEUM CO/DE,CPE,Grant Thornton,201041000,15.37,3090000170
15060,2017,CALLON PETROLEUM CO/DE,CPE,Grant Thornton,201836000,12.15,2452307400
15060,2018,CALLON PETROLEUM CO/DE,CPE,Grant Thornton,227583000,6.49,1477013670
15093,2016,CVR REFINING LP,CVRR,Grant Thornton,147600000,10.4,1535040000
15093,2017,CVR REFINING LP,CVRR,Grant Thornton,147600000,16.55,2442780000
15101,2016,MFA FINANCIAL INC,MFA,KPMG,371854000,7.63,2837246020
15101,2017,MFA FINANCIAL INC,MFA,KPMG,397831000,7.92,3150821520
15101,2018,MFA FINANCIAL INC,MFA,KPMG,449787000,6.68,3004577160
15111,2016,RPT REALTY,RPT,Grant Thornton,79272000,16.58,1314329760
15111,2017,RPT REALTY,RPT,Grant Thornton,79366000,14.73,1169061180
15111,2018,RPT REALTY,RPT,Grant Thornton,79734000,11.95,952821300
15117,2016,TALLGRASS ENERGY PRT LP,TEP,PwC,72486000,47.45,3439460700
15117,2017,TALLGRASS ENERGY PRT LP,TEP,PwC,73200000,45.85,3356220000
15142,2016,ISTAR INC,STAR,PwC,72042000,12.37,891159540
15142,2017,ISTAR INC,STAR,PwC,68236000,11.3,771066800
15142,2018,ISTAR INC,STAR,Deloitte,68085000,9.17,624339450
15153,2016,FEDERAL AGRICULTURE MTG CP,AGM,PwC,10539000,57.27,603568530
15153,2017,FEDERAL AGRICULTURE MTG CP,AGM,PwC,10619000,78.24,830830560
15153,2018,FEDERAL AGRICULTURE MTG CP,AGM,PwC,10669000,60.44,644834360
15172,2016,FIAT CHRYSLER AUTOMOBILES NV,FCAU,E&Y,1527966000,9.12,13935049920
15172,2017,FIAT CHRYSLER AUTOMOBILES NV,FCAU,E&Y,1540090000,17.84,27475205600
15172,2018,FIAT CHRYSLER AUTOMOBILES NV,FCAU,E&Y,1550618000,14.46,22421936280
15181,2016,BBVA,BBVA,Deloitte,6559384000,6.77,44407029680
15181,2017,BBVA,BBVA,KPMG,6654547000,8.5,56563649500
15181,2018,BBVA,BBVA,KPMG,6620629000,5.29,35023127410
15197,2016,CHEMICAL FINANCIAL CORP,CHFC,KPMG,70599000,54.17,3824347830
15197,2017,CHEMICAL FINANCIAL CORP,CHFC,KPMG,71207000,53.47,3807438290
15197,2018,CHEMICAL FINANCIAL CORP,CHFC,KPMG,71460000,36.61,2616150600
15208,2016,FEDERAL HOME LOAN MORTG CORP,FMCC,PwC,3250047000,3.74,12155175780
15208,2017,FEDERAL HOME LOAN MORTG CORP,FMCC,PwC,3250055000,2.52,8190138600
15208,2018,FEDERAL HOME LOAN MORTG CORP,FMCC,PwC,3250059000,1.06,3445062540
15212,2016,CROSSAMERICA PARTNERS LP,CAPL,Grant Thornton,33525000,25.19,844494750
15212,2017,CROSSAMERICA PARTNERS LP,CAPL,Grant Thornton,34111000,23.75,810136250
15212,2018,CROSSAMERICA PARTNERS LP,CAPL,Grant Thornton,34444000,14.16,487727040
15215,2016,OVASCIENCE INC,OVAS,E&Y,35642000,1.53,54532260
15215,2017,OVASCIENCE INC,OVAS,E&Y,35725000,1.4,50015000
15235,2016,ALON USA PARTNERS LP,ALDW,KPMG,62520000,9.6,600192000
15247,2016,VALERO ENERGY CORP,VLO,KPMG,451502000,68.32,30846616640
15247,2017,VALERO ENERGY CORP,VLO,KPMG,433898000,91.91,39879565180
15247,2018,VALERO ENERGY CORP,VLO,KPMG,417597000,74.97,31307247090
15252,2016,TRIMAS CORP,TRS,Deloitte,45521000,23.5,1069743500
15252,2017,TRIMAS CORP,TRS,Deloitte,45724000,26.75,1223117000
15252,2018,TRIMAS CORP,TRS,Deloitte,45528000,27.29,1242459120
15267,2016,IDEX CORP,IEX,Deloitte,76441000,90.06,6884276460
15267,2017,IDEX CORP,IEX,Deloitte,76694000,131.97,10121307180
15267,2018,IDEX CORP,IEX,Deloitte,75953000,126.26,9589825780
15291,2016,HARVEST NATURAL RESOURCES,HNR,BDO Seidman,11043000,6.18,68245740
15319,2016,REPSOL SA,REPYY,Deloitte,1465550000,14.155,20744860250
15319,2017,REPSOL SA,REPYY,Deloitte,1524367000,17.706,26990442102
15319,2018,REPSOL SA,REPYY,PwC,1503238000,16.096,24196118848
15334,2016,AKZO NOBEL NV,AKZOY,PwC,756529000,20.881,15797082049
15334,2017,AKZO NOBEL NV,AKZOY,PwC,757862000,29.227,22150032674
15334,2018,AKZO NOBEL NV,AKZOY,PwC,768658000,26.826,20620019508
15337,2016,EMMIS COMMUNICATIONS CP-CL A,EMMS,E&Y,12420000,2.77,34403400
15337,2017,EMMIS COMMUNICATIONS CP-CL A,EMMS,E&Y,12791000,4.17,53338470
15337,2018,EMMIS COMMUNICATIONS CP-CL A,EMMS,E&Y,13052000,3.84,50119680
15343,2016,MUELLER INDUSTRIES,MLI,E&Y,57395000,39.96,2293504200
15343,2017,MUELLER INDUSTRIES,MLI,E&Y,57810000,35.43,2048208300
15343,2018,MUELLER INDUSTRIES,MLI,E&Y,56703000,23.36,1324582080
15350,2016,BP PRUDHOE BAY ROYALTY TRUST,BPT,KPMG,21400000,23.75,508250000
15350,2017,BP PRUDHOE BAY ROYALTY TRUST,BPT,KPMG,21400000,20.1,430140000
15350,2018,BP PRUDHOE BAY ROYALTY TRUST,BPT,KPMG,21400000,21.64,463096000
15362,2016,WESTPAC BANKING,WBK,PwC,3336843000,22.74,75879809820
15362,2017,WESTPAC BANKING,WBK,PwC,3386163000,25.22,85399030860
15362,2018,WESTPAC BANKING,WBK,PwC,3428823000,20.01,68610748230
15363,2016,TCF FINANCIAL CORP,TCF,KPMG,170992000,19.59,3349733280
15363,2017,TCF FINANCIAL CORP,TCF,KPMG,171669000,20.5,3519214500
15363,2018,TCF FINANCIAL CORP,TCF,KPMG,163923000,19.49,3194859270
15364,2016,ARGO GROUP INTL HOLDINGS LTD,ARGO,E&Y,30013000,65.9,1977856700
15364,2017,ARGO GROUP INTL HOLDINGS LTD,ARGO,E&Y,29600000,61.65,1824840000
15364,2018,ARGO GROUP INTL HOLDINGS LTD,ARGO,E&Y,33961000,67.25,2283877250
15396,2016,SUNCOKE ENERGY PARTNERS LP,SXCP,KPMG,46216000,19.25,889658000
15396,2017,SUNCOKE ENERGY PARTNERS LP,SXCP,KPMG,46227000,17.45,806661150
15396,2018,SUNCOKE ENERGY PARTNERS LP,SXCP,KPMG,46227000,10.64,491855280
15414,2016,BIO-TECHNE CORP,TECH,KPMG,37254000,112.77,4201133580
15414,2017,BIO-TECHNE CORP,TECH,KPMG,37356000,117.5,4389330000
15414,2018,BIO-TECHNE CORP,TECH,KPMG,37608000,147.95,5564103600
15417,2016,BROWN & BROWN INC,BRO,Deloitte,140104000,44.86,6285065440
15417,2017,BROWN & BROWN INC,BRO,Deloitte,138105000,51.46,7106883300
15417,2018,BROWN & BROWN INC,BRO,Deloitte,279583000,27.56,7705307480
15420,2016,AMBARELLA INC,AMBA,PwC,33369000,49.61,1655436090
15420,2017,AMBARELLA INC,AMBA,PwC,33490000,50.4,1687896000
15420,2018,AMBARELLA INC,AMBA,PwC,32304000,38,1227552000
15444,2016,CRH PLC,CRH,E&Y,832432000,34.38,28619012160
15444,2017,CRH PLC,CRH,E&Y,838608000,36.09,30265362720
15444,2018,CRH PLC,CRH,E&Y,815556000,26.35,21489900600
15459,2016,TREDEGAR CORP,TG,PwC,32934000,24,790416000
15459,2017,TREDEGAR CORP,TG,PwC,33017000,19.2,633926400
15459,2018,TREDEGAR CORP,TG,KPMG,33176000,15.86,526171360
15508,2016,ANGLO AMERICAN PLC,NGLOY,Deloitte,2556998000,7.167,18326004666
15508,2017,ANGLO AMERICAN PLC,NGLOY,Deloitte,2539942000,10.481,26621132102
15508,2018,ANGLO AMERICAN PLC,NGLOY,Deloitte,2533486000,11.13,28197699180
15509,2016,HSBC HLDGS PLC,HSBC,KPMG,3967646000,40.18,1.5942E+11
15509,2017,HSBC HLDGS PLC,HSBC,PwC,3974025000,51.64,2.05219E+11
15509,2018,HSBC HLDGS PLC,HSBC,PwC,3996183000,41.11,1.64283E+11
15520,2016,SIGNET JEWELERS LTD,SIG,KPMG,68300000,77.67,5304861000
15520,2017,SIGNET JEWELERS LTD,SIG,KPMG,60500000,52.9,3200450000
15520,2018,SIGNET JEWELERS LTD,SIG,KPMG,51900000,24.36,1264284000
15521,2016,STAPLES INC,SPLS,E&Y,652470000,9.2,6002724000
15533,2016,DOMINION DIAMOND CORP,DDC,KPMG,81976000,10.01,820579760
15539,2016,PARATEK PHARMACEUTCLS INC,PRTK,E&Y,23359000,15.4,359728600
15539,2017,PARATEK PHARMACEUTCLS INC,PRTK,E&Y,27941000,17.9,500143900
15539,2018,PARATEK PHARMACEUTCLS INC,PRTK,E&Y,32259000,5.13,165488670
15545,2016,AVIVA PLC,AVVIY,PwC,2028917000,11.81,23961509770
15545,2017,AVIVA PLC,AVVIY,PwC,2004958000,13.703,27473939474
15545,2018,AVIVA PLC,AVVIY,PwC,1949730000,9.565,18649167450
15552,2016,DANSKE BANK AS,DNKEY,Deloitte,1870520000,15.193,28418810360
15552,2017,DANSKE BANK AS,DNKEY,Deloitte,1788102000,19.483,34837591266
15552,2018,DANSKE BANK AS,DNKEY,Deloitte,1709591000,9.873,16878791943
15576,2016,DEUTSCHE BANK AG,DB,KPMG,1379070000,18.1,24961167000
15576,2017,DEUTSCHE BANK AG,DB,KPMG,2066402000,19.03,39323630060
15576,2018,DEUTSCHE BANK AG,DB,KPMG,2065429000,8.15,16833246350
15598,2016,AEGON NV,AEG,PwC,2593466000,5.53,14341866980
15598,2017,AEGON NV,AEG,PwC,2599674000,6.3,16377946200
15598,2018,AEGON NV,AEG,PwC,2604251000,4.65,12109767150
15613,2016,NOMURA HOLDINGS INC,NMR,E&Y,3528429000,6.27,22123249830
15613,2017,NOMURA HOLDINGS INC,NMR,E&Y,3392937000,5.85,19848681450
15613,2018,NOMURA HOLDINGS INC,NMR,E&Y,3310801000,3.59,11885775590
15617,2016,ING GROEP NV,ING,KPMG,3877883000,14.1,54678150300
15617,2017,ING GROEP NV,ING,KPMG,3884846000,18.46,71714257160
15617,2018,ING GROEP NV,ING,KPMG,3890590000,10.66,41473689400
15634,2016,ROYAL BANK OF SCOTLAND GROUP,RBS,E&Y,5911582000,5.53,32691048460
15634,2017,ROYAL BANK OF SCOTLAND GROUP,RBS,E&Y,5982283000,7.64,45704642120
15634,2018,ROYAL BANK OF SCOTLAND GROUP,RBS,E&Y,6024303000,5.59,33675853770
15659,2016,TOKIO MARINE HOLDINGS INC,TKOMY,PwC,750112000,42.143,31611970016
15659,2017,TOKIO MARINE HOLDINGS INC,TKOMY,PwC,725433000,44.88,32557433040
15668,2016,ORIX CORP,IX,KPMG,260517000,74.33,19364228610
15668,2017,ORIX CORP,IX,KPMG,256000000,89.86,23004160000
15668,2018,ORIX CORP,IX,KPMG,255992000,71.87,18398145040
15679,2016,UNITED OVERSEAS BANK LTD,UOVEY,E&Y,817846000,28.241,23096788886
15679,2017,UNITED OVERSEAS BANK LTD,UOVEY,E&Y,831328000,39.584,32907287552
15679,2018,UNITED OVERSEAS BANK LTD,UOVEY,E&Y,832854000,36.053,30026885262
15704,2016,THOMSON-REUTERS CORP,TRI,PwC,727443000,43.78,31847454540
15704,2017,THOMSON-REUTERS CORP,TRI,PwC,709302000,43.59,30918474180
15704,2018,THOMSON-REUTERS CORP,TRI,PwC,501493000,48.31,24227126830
15724,2016,ALLIANZ SE,AZSEY,KPMG,4550677000,16.56,75359211120
15724,2017,ALLIANZ SE,AZSEY,KPMG,4388799000,22.995,1.0092E+11
15724,2018,ALLIANZ SE,AZSEY,PwC,4234980000,20.021,84788534580
15743,2016,DBS GROUP HOLDINGS LTD,DBSDY,PwC,634028000,48.01,30439684280
15743,2017,DBS GROUP HOLDINGS LTD,DBSDY,PwC,639267000,74.379,47548040193
15743,2018,DBS GROUP HOLDINGS LTD,DBSDY,PwC,637875000,69.523,44346983625
15782,2016,PRUDENTIAL PLC,PUK,KPMG,1285181000,39.79,51137351990
15782,2017,PRUDENTIAL PLC,PUK,KPMG,1284688000,50.78,65236456640
15782,2018,PRUDENTIAL PLC,PUK,KPMG,1290222000,35.37,45635152140
15803,2016,NOVELION THERAPEUTICS INC,NVLN,Deloitte,18530000,8.42,156022600
15803,2017,NOVELION THERAPEUTICS INC,NVLN,Deloitte,18702000,3.12,58350240
15803,2018,NOVELION THERAPEUTICS INC,NVLN,Deloitte,19017000,0.84,15974280
15855,2016,SYMANTEC CORP,SYMC,KPMG,608000000,30.68,18653440000
15855,2017,SYMANTEC CORP,SYMC,KPMG,624000000,25.85,16130400000
15855,2018,SYMANTEC CORP,SYMC,KPMG,630000000,22.99,14483700000
15889,2016,ANZ-AUSTRALIA & NEW ZEALD BK,ANZBY,KPMG,2927477000,21.144,61898573688
15889,2017,ANZ-AUSTRALIA & NEW ZEALD BK,ANZBY,KPMG,2937415000,23.226,68224400790
15889,2018,ANZ-AUSTRALIA & NEW ZEALD BK,ANZBY,KPMG,2873618000,20.39,58593071020
15929,2016,LLOYDS BANKING GROUP PLC,LYG,PwC,17843500000,3.1,55314850000
15929,2017,LLOYDS BANKING GROUP PLC,LYG,PwC,17993237000,3.75,67474638750
15929,2018,LLOYDS BANKING GROUP PLC,LYG,PwC,17790898000,2.56,45544698880
16009,2016,SPORTSMANS WAREHOUSE HLDGS,SPWH,KPMG,42269000,7.44,314481360
16009,2017,SPORTSMANS WAREHOUSE HLDGS,SPWH,KPMG,42617000,5.07,216068190
16009,2018,SPORTSMANS WAREHOUSE HLDGS,SPWH,KPMG,42978000,5.14,220906920
16011,2016,YY INC  -ADR,YY,PwC,55484000,39.42,2187179280
16011,2017,YY INC  -ADR,YY,PwC,63161000,113.06,7140982660
16011,2018,YY INC  -ADR,YY,PwC,63496000,59.86,3800870560
16026,2016,SEADRILL PARTNERS LLC,SDLP,PwC,91822000,4.2,385652400
16026,2017,SEADRILL PARTNERS LLC,SDLP,PwC,91822000,3.66,336068520
16026,2018,SEADRILL PARTNERS LLC,SDLP,PwC,91822000,1.73,158852060
16101,2016,ABBVIE INC,ABBV,E&Y,1592513000,62.62,99723164060
16101,2017,ABBVIE INC,ABBV,E&Y,1592131000,96.71,1.53975E+11
16101,2018,ABBVIE INC,ABBV,E&Y,1478824000,92.19,1.36333E+11
16113,2016,ARTISAN PARTNERS ASSET MGMT,APAM,PwC,42149000,29.75,1253932750
16113,2017,ARTISAN PARTNERS ASSET MGMT,APAM,PwC,50463000,39.5,1993288500
16113,2018,ARTISAN PARTNERS ASSET MGMT,APAM,PwC,54071000,22.11,1195509810
16116,2016,CYRUSONE INC,CONE,Deloitte,83536000,44.73,3736565280
16116,2017,CYRUSONE INC,CONE,Deloitte,96138000,59.53,5723095140
16116,2018,CYRUSONE INC,CONE,Deloitte,108329000,52.88,5728437520
16149,2016,OFS CAPITAL CORP,OFS,BDO Seidman,9700000,13.76,133472000
16149,2017,OFS CAPITAL CORP,OFS,BDO Seidman,13340000,11.9,158746000
16149,2018,OFS CAPITAL CORP,OFS,BDO Seidman,13357000,10.6,141584200
16150,2016,STELLUS CAPITAL INVESTMENT,SCM,Grant Thornton,12480000,12.06,150508800
16150,2017,STELLUS CAPITAL INVESTMENT,SCM,Grant Thornton,15946000,13.14,209530440
16150,2018,STELLUS CAPITAL INVESTMENT,SCM,Grant Thornton,15954000,12.95,206604300
16188,2016,COGNEX CORP,CGNX,Grant Thornton,85939000,63.62,5467439180
16188,2017,COGNEX CORP,CGNX,Grant Thornton,173507000,61.16,10611688120
16188,2018,COGNEX CORP,CGNX,Grant Thornton,170820000,38.67,6605609400
16225,2016,WESTERN MIDSTRM PRTNRS LP,WES,KPMG,218929000,42.35,9271643150
16225,2017,WESTERN MIDSTRM PRTNRS LP,WES,KPMG,218933000,37.16,8135550280
16225,2018,WESTERN MIDSTRM PRTNRS LP,WES,KPMG,218938000,27.73,6071150740
16245,2016,PEOPLE'S UNITED FINL INC,PBCT,KPMG,308970000,19.36,5981659200
16245,2017,PEOPLE'S UNITED FINL INC,PBCT,KPMG,339980000,18.7,6357626000
16245,2018,PEOPLE'S UNITED FINL INC,PBCT,KPMG,371020000,14.43,5353818600
16269,2016,ENANTA PHARMACEUTICALS INC,ENTA,PwC,19036000,26.61,506547960
16269,2017,ENANTA PHARMACEUTICALS INC,ENTA,PwC,19120000,46.8,894816000
16269,2018,ENANTA PHARMACEUTICALS INC,ENTA,PwC,19395000,85.46,1657496700
16305,2016,ABSA GROUP LTD,AGRPY,PwC,423350000,24.671,10444467850
16305,2017,ABSA GROUP LTD,AGRPY,E&Y,422777000,29.401,12430066577
16305,2018,ABSA GROUP LTD,AGRPY,E&Y,420100000,22.498,9451409800
16348,2016,INTESA SANPAOLO SPA,ISNPY,KPMG,2641867000,15.353,40560584051
16348,2017,INTESA SANPAOLO SPA,ISNPY,KPMG,2641610000,19.957,52718610770
16348,2018,INTESA SANPAOLO SPA,ISNPY,KPMG,2915521000,13.305,38791006905
16384,2016,VOYA FINANCIAL INC,VOYA,E&Y,194639000,39.22,7633741580
16384,2017,VOYA FINANCIAL INC,VOYA,E&Y,171983000,49.47,8507999010
16384,2018,VOYA FINANCIAL INC,VOYA,E&Y,150978000,40.14,6060256920
16401,2016,CIRRUS LOGIC INC,CRUS,E&Y,64295000,60.69,3902063550
16401,2017,CIRRUS LOGIC INC,CRUS,E&Y,61960000,40.63,2517434800
16401,2018,CIRRUS LOGIC INC,CRUS,E&Y,58954000,42.07,2480194780
16428,2016,FAIRFAX FINANCIAL HOLDINGS,FRFHF,PwC,23094000,486.7,11239849800
16428,2017,FAIRFAX FINANCIAL HOLDINGS,FRFHF,PwC,27751000,530.34,14717465340
16428,2018,FAIRFAX FINANCIAL HOLDINGS,FRFHF,PwC,27238000,440.08,11986899040
16453,2016,NEOGEN CORP,NEOG,BDO Seidman,38199000,63.29,2417614710
16453,2017,NEOGEN CORP,NEOG,BDO Seidman,51736000,75.71,3916932560
16453,2018,NEOGEN CORP,NEOG,BDO Seidman,52217000,56.35,2942427950
16456,2016,HANGER INC,HNGR,PwC,36041000,11.4993,414446271.3
16456,2017,HANGER INC,HNGR,PwC,36372000,15.75,572859000
16456,2018,HANGER INC,HNGR,PwC,36921000,18.95,699652950
16477,2016,LEAR CORP,LEA,E&Y,69432000,132.37,9190713840
16477,2017,LEAR CORP,LEA,E&Y,66874000,176.66,11813960840
16477,2018,LEAR CORP,LEA,E&Y,62940000,122.86,7732808400
16478,2016,EOG RESOURCES INC,EOG,Deloitte,576700000,101.1,58304370000
16478,2017,EOG RESOURCES INC,EOG,Deloitte,578477000,107.91,62423453070
16478,2018,EOG RESOURCES INC,EOG,Deloitte,580023000,87.21,50583805830
16486,2016,BOISE CASCADE CO,BCC,KPMG,38353000,22.5,862942500
16486,2017,BOISE CASCADE CO,BCC,KPMG,38581000,39.9,1539381900
16486,2018,BOISE CASCADE CO,BCC,KPMG,38709000,23.85,923209650
16560,2016,ALUMINA LTD,AWCMY,PwC,719960000,5.3,3815788000
16560,2017,ALUMINA LTD,AWCMY,PwC,719786000,7.603,5472532958
16560,2018,ALUMINA LTD,AWCMY,PwC,719789000,6.477,4662073353
16582,2016,NUTRIEN LTD,NTR,Deloitte,839790000,18.09,15191801100
16582,2017,NUTRIEN LTD,NTR,Deloitte,840223000,20.65,17350604950
16582,2018,NUTRIEN LTD,NTR,KPMG,608535000,47,28601145000
16590,2016,POWER ASSETS HOLDINGS LTD,HGKGY,KPMG,2134262000,8.816,18815653792
16590,2017,POWER ASSETS HOLDINGS LTD,HGKGY,KPMG,2134262000,8.436,18004634232
16590,2018,POWER ASSETS HOLDINGS LTD,HGKGY,KPMG,2134262000,6.961,14856597782
16597,2016,LATTICE SEMICONDUCTOR CORP,LSCC,KPMG,121645000,7.36,895307200
16597,2017,LATTICE SEMICONDUCTOR CORP,LSCC,KPMG,123895000,5.78,716113100
16597,2018,LATTICE SEMICONDUCTOR CORP,LSCC,KPMG,129728000,6.92,897717760
16603,2016,NESTLE SA/AG,3NSRGY,KPMG,3097960000,71.875,2.22666E+11
16603,2017,NESTLE SA/AG,3NSRGY,KPMG,3057600000,85.993,2.62932E+11
16603,2018,NESTLE SA/AG,3NSRGY,KPMG,2974500000,80.95,2.40786E+11
16641,2016,AMERICA FIRST MULTIFAMILY-LP,ATAX,PwC,60225000,5.4,325215000
16641,2017,AMERICA FIRST MULTIFAMILY-LP,ATAX,PwC,60374000,6.05,365262700
16641,2018,AMERICA FIRST MULTIFAMILY-LP,ATAX,PwC,60691000,5.62,341083420
16648,2016,ADVANCED DISPOSAL SERVICES,ADSW,E&Y,88035000,22.22,1956137700
16648,2017,ADVANCED DISPOSAL SERVICES,ADSW,E&Y,88491000,23.94,2118474540
16648,2018,ADVANCED DISPOSAL SERVICES,ADSW,E&Y,88684000,23.94,2123094960
16653,2016,TAYLOR MORRISON HOME CORP,TMHC,Deloitte,30487000,19.26,587179620
16653,2017,TAYLOR MORRISON HOME CORP,TMHC,Deloitte,82400000,24.47,2016328000
16653,2018,TAYLOR MORRISON HOME CORP,TMHC,Deloitte,112966000,15.9,1796159400
16668,2016,ARROW FINANCIAL CORP,AROW,KPMG,13483000,40.5,546061500
16668,2017,ARROW FINANCIAL CORP,AROW,KPMG,13930000,33.95,472923500
16668,2018,ARROW FINANCIAL CORP,AROW,KPMG,14472000,32.02,463393440
16671,2016,ATLANTIC AMERICAN CORP,AAME,BDO Seidman,20447000,4.1,83832700
16671,2017,ATLANTIC AMERICAN CORP,AAME,BDO Seidman,20450000,3.4,69530000
16671,2018,ATLANTIC AMERICAN CORP,AAME,BDO Seidman,20170000,2.4087,48583479
16689,2016,NORTHEAST BANK,NBN,E&Y,9317000,11.25,104816250
16698,2016,BRYN MAWR BANK CORP,BMTC,KPMG,16940000,42.15,714021000
16698,2017,BRYN MAWR BANK CORP,BMTC,KPMG,20162000,44.2,891160400
16698,2018,BRYN MAWR BANK CORP,BMTC,KPMG,20164000,34.4,693641600
16700,2016,FRONT YARD RESIDENTIAL CORP,RESI,Deloitte,53668000,11.04,592494720
16700,2017,FRONT YARD RESIDENTIAL CORP,RESI,E&Y,53448000,11.86,633893280
16700,2018,FRONT YARD RESIDENTIAL CORP,RESI,E&Y,53630000,8.73,468189900
16705,2016,CENTRAL PACIFIC FINANCIAL CP,CPF,KPMG,30796000,31.42,967610320
16705,2017,CENTRAL PACIFIC FINANCIAL CP,CPF,KPMG,30024000,29.83,895615920
16705,2018,CENTRAL PACIFIC FINANCIAL CP,CPF,KPMG,28968000,24.35,705370800
16710,2016,DIGI INTERNATIONAL INC,DGII,PwC,26040000,11.4,296856000
16710,2017,DIGI INTERNATIONAL INC,DGII,Grant Thornton,26571000,10.6,281652600
16710,2018,DIGI INTERNATIONAL INC,DGII,Grant Thornton,27428000,13.45,368906600
16714,2016,DONEGAL GROUP INC,DGICA,KPMG,27058000,17.48,472973840
16714,2017,DONEGAL GROUP INC,DGICA,KPMG,28139000,17.3,486804700
16714,2018,DONEGAL GROUP INC,DGICA,KPMG,28394000,13.645,387436130
16716,2016,EMC INSURANCE GROUP INC,EMCI,E&Y,21223000,30.01,636902230
16716,2017,EMC INSURANCE GROUP INC,EMCI,E&Y,21456000,28.69,615572640
16716,2018,EMC INSURANCE GROUP INC,EMCI,E&Y,21615000,31.85,688437750
16719,2016,BIOSTAGE INC,BSTG,KPMG,17109000,0.89,15227010
16719,2017,BIOSTAGE INC,BSTG,KPMG,2507000,0.87,2181090
16720,2016,ALTISOURCE ASSET MGMT CORP,AAMC,Deloitte,1514000,53.5,80999000
16720,2017,ALTISOURCE ASSET MGMT CORP,AAMC,E&Y,1599000,81.6,130478400
16720,2018,ALTISOURCE ASSET MGMT CORP,AAMC,E&Y,1574000,29.69,46732060
16721,2016,ELECTRONIC ARTS INC,EA,KPMG,308367000,89.52,27605013840
16721,2017,ELECTRONIC ARTS INC,EA,KPMG,306370000,121.24,37144298800
16721,2018,ELECTRONIC ARTS INC,EA,KPMG,298107000,101.63,30296614410
16738,2016,HOUGHTON MIFFLIN HARCOURT CO,HMHC,PwC,122980000,10.85,1334333000
16738,2017,HOUGHTON MIFFLIN HARCOURT CO,HMHC,PwC,123334000,9.3,1147006200
16738,2018,HOUGHTON MIFFLIN HARCOURT CO,HMHC,PwC,123588000,8.86,1094989680
16745,2016,PROTHENA CORP PLC,PRTA,KPMG,34752000,49.19,1709450880
16745,2017,PROTHENA CORP PLC,PRTA,KPMG,38483000,37.49,1442727670
16745,2018,PROTHENA CORP PLC,PRTA,KPMG,39864000,10.3,410599200
16748,2016,CENTURY BANCORP INC/MA,CNBKA,KPMG,5568000,60,334080000
16748,2017,CENTURY BANCORP INC/MA,CNBKA,KPMG,5568000,78.25,435696000
16748,2018,CENTURY BANCORP INC/MA,CNBKA,KPMG,5568000,67.73,377120640
16775,2016,CITIZENS INC,CIA,E&Y,50082000,9.82,491805240
16775,2017,CITIZENS INC,CIA,Deloitte,50082000,7.35,368102700
16775,2018,CITIZENS INC,CIA,Deloitte,50082000,7.52,376616640
16781,2016,CITY HOLDING CO,CHCO,E&Y,15128000,67.6,1022652800
16781,2017,CITY HOLDING CO,CHCO,E&Y,15618000,67.47,1053746460
16781,2018,CITY HOLDING CO,CHCO,E&Y,16555000,67.59,1118952450
16790,2016,COMMUNITY BANK SYSTEM INC,CBU,PwC,44437000,61.79,2745762230
16790,2017,COMMUNITY BANK SYSTEM INC,CBU,PwC,50696000,53.75,2724910000
16790,2018,COMMUNITY BANK SYSTEM INC,CBU,PwC,51258000,58.3,2988341400
16821,2016,FIRST BANCORP P R,FBP,KPMG,217446000,6.61,1437318060
16821,2017,FIRST BANCORP P R,FBP,KPMG,216278000,5.1,1103017800
16848,2016,RETROPHIN INC,RTRX,BDO Seidman,37907000,18.93,717579510
16848,2017,RETROPHIN INC,RTRX,BDO Seidman,39374000,21.07,829610180
16848,2018,RETROPHIN INC,RTRX,BDO Seidman,41390000,22.63,936655700
16878,2017,ELAH HOLDINGS INC,ELLH,E&Y,29722000,0.2898,8613435.6
16884,2016,HUNT COS FINANCE TRUST INC,HCFT,Grant Thornton,17539000,4.97,87168830
16884,2017,HUNT COS FINANCE TRUST INC,HCFT,Grant Thornton,22144000,4,88576000
16884,2018,HUNT COS FINANCE TRUST INC,HCFT,Grant Thornton,23688000,2.86,67747680
16886,2016,HEALTH INSURANCE INNOVATIONS,HIIQ,Grant Thornton,8036000,17.85,143442600
16886,2017,HEALTH INSURANCE INNOVATIONS,HIIQ,Grant Thornton,12351000,24.95,308157450
16886,2018,HEALTH INSURANCE INNOVATIONS,HIIQ,Grant Thornton,12387000,26.73,331104510
16889,2016,INDEPENDENT BANK CORP/MA,INDB,E&Y,27006000,70.45,1902572700
16889,2017,INDEPENDENT BANK CORP/MA,INDB,E&Y,27450000,69.85,1917382500
16889,2018,INDEPENDENT BANK CORP/MA,INDB,E&Y,28080000,70.31,1974304800
16981,2016,OFG BANCORP,OFG,KPMG,43915000,13.1,575286500
16981,2017,OFG BANCORP,OFG,KPMG,43947000,9.4,413101800
16981,2018,OFG BANCORP,OFG,E&Y,51294000,16.46,844299240
17010,2016,LIBERTY MEDIA SIRIUSXM GROUP,LSXMK,KPMG,335197000,34.52,11571000440
17010,2017,LIBERTY MEDIA SIRIUSXM GROUP,LSXMK,KPMG,336113000,39.66,13330241580
17010,2018,LIBERTY MEDIA SIRIUSXM GROUP,LSXMK,KPMG,331163000,36.98,12246407740
17024,2016,INTEGRITY APPLICATIONS INC,IGAP,Grant Thornton,6027000,2.5,15067500
17024,2017,INTEGRITY APPLICATIONS INC,IGAP,Grant Thornton,6822000,2,13644000
17024,2018,INTEGRITY APPLICATIONS INC,IGAP,Grant Thornton,141635000,0.5,70817500
17035,2016,MERCURY GENERAL CORP,MCY,KPMG,55289000,60.21,3328950690
17035,2017,MERCURY GENERAL CORP,MCY,KPMG,55332000,53.44,2956942080
17035,2018,MERCURY GENERAL CORP,MCY,KPMG,55340000,51.71,2861631400
17071,2016,ALCOBRA LTD,ADHD,E&Y,27563000,2.1,57882300
17074,2016,NAVIGATORS GROUP INC,NAVG,KPMG,14562000,117.75,1714675500
17074,2017,NAVIGATORS GROUP INC,NAVG,KPMG,29507000,48.7,1436990900
17074,2018,NAVIGATORS GROUP INC,NAVG,KPMG,29782000,69.49,2069551180
17101,2016,IMMUNOGEN INC,IMGN,E&Y,87209000,3.08,268603720
17101,2017,IMMUNOGEN INC,IMGN,E&Y,132526000,6.41,849491660
17101,2018,IMMUNOGEN INC,IMGN,E&Y,149400000,4.8,717120000
17106,2016,PEOPLES BANCORP INC/OH,PEBO,E&Y,18143000,32.46,588921780
17106,2017,PEOPLES BANCORP INC/OH,PEBO,E&Y,18250000,32.62,595315000
17106,2018,PEOPLES BANCORP INC/OH,PEBO,E&Y,19523000,30.1,587642300
17115,2016,SELECTIVE INS GROUP INC,SIGI,KPMG,57967000,43.05,2495479350
17115,2017,SELECTIVE INS GROUP INC,SIGI,KPMG,58495000,58.7,3433656500
17115,2018,SELECTIVE INS GROUP INC,SIGI,KPMG,58949000,60.94,3592352060
17120,2016,SVB FINANCIAL GROUP,SIVB,KPMG,52254000,171.66,8969921640
17120,2017,SVB FINANCIAL GROUP,SIVB,KPMG,52835000,233.77,12351237950
17120,2018,SVB FINANCIAL GROUP,SIVB,KPMG,52586000,189.92,9987133120
17132,2016,WSFS FINANCIAL CORP,WSFS,KPMG,31390000,46.35,1454926500
17132,2017,WSFS FINANCIAL CORP,WSFS,KPMG,31418000,47.85,1503351300
17132,2018,WSFS FINANCIAL CORP,WSFS,KPMG,31374000,37.91,1189388340
17136,2016,SUFFOLK BANCORP,SCNB,BDO Seidman,11937000,42.82,511142340
17145,2016,WASHINGTON FEDERAL INC,WAFD,Deloitte,89681000,26.68,2392689080
17145,2017,WASHINGTON FEDERAL INC,WAFD,Deloitte,87193000,33.65,2934044450
17145,2018,WASHINGTON FEDERAL INC,WAFD,Deloitte,82711000,32,2646752000
17150,2016,WEBSTER FINANCIAL CORP,WBS,KPMG,91752000,54.28,4980298560
17150,2017,WEBSTER FINANCIAL CORP,WBS,KPMG,92022000,56.16,5167955520
17150,2018,WEBSTER FINANCIAL CORP,WBS,KPMG,92178000,49.29,4543453620
17151,2016,WESBANCO INC,WSBC,E&Y,43932000,43.06,1891711920
17151,2017,WESBANCO INC,WSBC,E&Y,44043000,40.65,1790347950
17151,2018,WESBANCO INC,WSBC,E&Y,54598000,36.69,2003200620
17161,2016,GALWAY GOLD INC,GAYGF,PwC,166512000,0.0605,10073976
17161,2017,GALWAY GOLD INC,GAYGF,PwC,166512000,0.0559,9308020.8
17161,2018,GALWAY GOLD INC,GAYGF,PwC,41628000,0.077,3205356
17168,2016,ROYAL BANCSHARES/PA  -CL A,RBPAA,BDO Seidman,29812000,4.15,123719800
17173,2016,ACNB CORP,ACNB,BDO Seidman,6064000,31.25,189500000
17173,2017,ACNB CORP,ACNB,BDO Seidman,7024000,29.55,207559200
17175,2016,DELMAR PHARMACEUTICALS INC,DMPI,PwC,11187000,7.85,87817950
17175,2017,DELMAR PHARMACEUTICALS INC,DMPI,E&Y,14510000,2.29,33227900
17175,2018,DELMAR PHARMACEUTICALS INC,DMPI,E&Y,22967000,0.683,15686461
17180,2017,SECURITY NATL FINL CP  -CL A,SNFCA,Deloitte,16087000,5.25,84456750
17180,2018,SECURITY NATL FINL CP  -CL A,SNFCA,Deloitte,17196000,5.16,88731360
17228,2018,TALOS ENERGY INC,TALO,E&Y,54156000,16.32,883825920
17239,2016,KINDRED HEALTHCARE INC,KND,PwC,85166000,7.85,668553100
17239,2017,KINDRED HEALTHCARE INC,KND,PwC,91454000,9.7,887103800
17240,2016,TOMPKINS FINANCIAL CORP,TMP,KPMG,15054000,94.54,1423205160
17240,2017,TOMPKINS FINANCIAL CORP,TMP,KPMG,15181000,81.35,1234974350
17240,2018,TOMPKINS FINANCIAL CORP,TMP,KPMG,15226000,75.01,1142102260
17248,2016,UNITED BANKSHARES INC/WV,UBSI,E&Y,81040000,46.25,3748100000
17248,2017,UNITED BANKSHARES INC/WV,UBSI,E&Y,105041000,34.75,3650174750
17248,2018,UNITED BANKSHARES INC/WV,UBSI,E&Y,102323000,31.11,3183268530
17252,2016,UNITED FIRE GROUP INC,UFCS,E&Y,25430000,49.17,1250393100
17252,2017,UNITED FIRE GROUP INC,UFCS,E&Y,24917000,45.58,1135716860
17252,2018,UNITED FIRE GROUP INC,UFCS,E&Y,25097000,55.45,1391628650
17266,2016,UNIVERSAL AMERICAN CORP,UAM,Deloitte,58908000,9.95,586134600
17277,2016,NV5 GLOBAL INC,NVEE,Deloitte,10567000,33.4,352937800
17277,2017,NV5 GLOBAL INC,NVEE,Deloitte,10835000,54.15,586715250
17277,2018,NV5 GLOBAL INC,NVEE,Deloitte,12551000,60.55,759963050
17287,2016,SIBANYE-STILLWATER LIMITED,SBGL,KPMG,232251000,7.06,1639692060
17287,2017,SIBANYE-STILLWATER LIMITED,SBGL,KPMG,542180000,5.05,2738009000
17287,2018,SIBANYE-STILLWATER LIMITED,SBGL,KPMG,566565000,2.83,1603378950
17306,2016,PENNYMAC FINANCIAL SERVICES,PFSI,Deloitte,22427000,16.65,373409550
17306,2017,PENNYMAC FINANCIAL SERVICES,PFSI,Deloitte,23530000,22.35,525895500
17306,2018,PENNYMAC FINANCIAL SERVICES,PFSI,Deloitte,77494000,21.26,1647522440
17341,2016,ARTESIAN RESOURCES  -CL A,ARTNA,BDO Seidman,9127000,31.94,291516380
17341,2017,ARTESIAN RESOURCES  -CL A,ARTNA,BDO Seidman,9215000,38.56,355330400
17341,2018,ARTESIAN RESOURCES  -CL A,ARTNA,BDO Seidman,9250000,34.87,322547500
17350,2016,TETRAPHASE PHARMACEUTICALS,TTPH,E&Y,36942000,4.03,148876260
17350,2017,TETRAPHASE PHARMACEUTICALS,TTPH,E&Y,51458000,6.3,324185400
17350,2018,TETRAPHASE PHARMACEUTICALS,TTPH,E&Y,53680000,1.13,60658400
17376,2016,MARIN SOFTWARE INC,MRIN,PwC,38787000,2.35,91149450
17376,2017,MARIN SOFTWARE INC,MRIN,PwC,5729000,10.95,62732550
17376,2018,MARIN SOFTWARE INC,MRIN,Grant Thornton,5938000,5.31,31530780
17380,2016,AMERICAN HOTEL INCM PROP LP,AHOTF,KPMG,56374000,7.7598,437450965.2
17380,2017,AMERICAN HOTEL INCM PROP LP,AHOTF,KPMG,78048000,7.43,579896640
17380,2018,AMERICAN HOTEL INCM PROP LP,AHOTF,KPMG,78071000,4.6429,362475845.9
17408,2016,NAVIGATOR HOLDINGS LTD,NVGS,KPMG,55436000,9.3,515554800
17408,2017,NAVIGATOR HOLDINGS LTD,NVGS,KPMG,55530000,9.85,546970500
17408,2018,NAVIGATOR HOLDINGS LTD,NVGS,KPMG,55658000,9.4,523185200
17420,2016,ATLAS COPCO AB,ATLCY,Deloitte,1214467000,27.365,33233889455
17420,2017,ATLAS COPCO AB,ATLCY,Deloitte,1213725000,38.424,46636169400
17420,2018,ATLAS COPCO AB,ATLCY,Deloitte,1212714000,21.805,26443228770
17422,2016,PINGTAN MARINE ENTERPRISE,PME,BDO Seidman,79055000,1.74,137555700
17422,2017,PINGTAN MARINE ENTERPRISE,PME,BDO Seidman,79055000,3.05,241117750
17422,2018,PINGTAN MARINE ENTERPRISE,PME,BDO Seidman,79055000,2.55,201590250
17436,2016,BASF SE,BASFY,KPMG,918479000,93.145,85551726455
17436,2017,BASF SE,BASFY,KPMG,3673915000,27.54,1.0118E+11
17436,2018,BASF SE,BASFY,KPMG,3673915000,17.262,63419120730
17452,2016,DANONE SA,DANOY,PwC,3084914000,12.699,39175322886
17452,2017,DANONE SA,DANOY,PwC,3162017000,16.799,53118723583
17452,2018,DANONE SA,DANOY,PwC,3236366000,14.063,45513015058
17454,2016,KNOT OFFSHORE PRTNRS LP,KNOP,E&Y,27194000,23.6,641778400
17454,2017,KNOT OFFSHORE PRTNRS LP,KNOP,E&Y,32694000,20.75,678400500
17454,2018,KNOT OFFSHORE PRTNRS LP,KNOP,E&Y,32694000,17.93,586203420
17485,2017,DARIOHEALTH CORP,DRIO,E&Y,14074000,1.602,22546548
17498,2016,CHIMERIX INC,CMRX,E&Y,46522000,4.6,214001200
17498,2017,CHIMERIX INC,CMRX,E&Y,47506000,4.63,219952780
17498,2018,CHIMERIX INC,CMRX,E&Y,50735000,2.57,130388950
17550,2016,BLACKHAWK NETWORK HLDGS INC,HAWK,Deloitte,55667000,37.675,2097254225
17550,2017,BLACKHAWK NETWORK HLDGS INC,HAWK,Deloitte,55767000,35.65,1988093550
17553,2016,MODEL N INC,MODN,PwC,27891000,11.11,309869010
17553,2017,MODEL N INC,MODN,PwC,29323000,14.95,438378850
17553,2018,MODEL N INC,MODN,PwC,31444000,15.85,498387400
17556,2016,BROOKFIELD PROPERTY PRTRS LP,BPY,Deloitte,332222000,21.99,7305561780
17556,2017,BROOKFIELD PROPERTY PRTRS LP,BPY,Deloitte,326989000,22.16,7246076240
17556,2018,BROOKFIELD PROPERTY PRTRS LP,BPY,Deloitte,496198000,16.12,7998711760
17567,2016,ARATANA THERAPEUTICS,PETX,PwC,36608000,7.18,262845440
17567,2017,ARATANA THERAPEUTICS,PETX,PwC,42533000,5.26,223723580
17567,2018,ARATANA THERAPEUTICS,PETX,PwC,48049000,6.13,294540370
17626,2016,ARMADA HOFFLER PROPERTIES,AHH,E&Y,37490000,14.57,546229300
17626,2017,ARMADA HOFFLER PROPERTIES,AHH,E&Y,44938000,15.53,697887140
17626,2018,ARMADA HOFFLER PROPERTIES,AHH,E&Y,50014000,14.06,703196840
17628,2016,EMERGE ENERGY SERVICES LP,EMESQ,BDO Seidman,29076000,12.31,357925560
17628,2017,EMERGE ENERGY SERVICES LP,EMESQ,BDO Seidman,30175000,7.19,216958250
17639,2016,AMERICAN HOMES 4 RENT,AMH,E&Y,243376000,20.98,5106028480
17639,2017,AMERICAN HOMES 4 RENT,AMH,E&Y,286750000,21.84,6262620000
17639,2018,AMERICAN HOMES 4 RENT,AMH,E&Y,296650000,19.85,5888502500
17689,2016,UCP INC,UCP,Deloitte,7896000,12.05,95146800
17695,2016,TABLEAU SOFTWARE INC,DATA,PwC,76718000,42.15,3233663700
17695,2017,TABLEAU SOFTWARE INC,DATA,PwC,80462000,69.2,5567970400
17695,2018,TABLEAU SOFTWARE INC,DATA,PwC,84357000,120,10122840000
17696,2016,TRISTATE CAPITAL HLDGS INC,TSC,KPMG,28416000,22.1,627993600
17696,2017,TRISTATE CAPITAL HLDGS INC,TSC,KPMG,28591000,23,657593000
17696,2018,TRISTATE CAPITAL HLDGS INC,TSC,KPMG,28879000,19.46,561985340
17699,2016,CST BRANDS INC,CST,KPMG,75749000,48.15,3647314350
17715,2016,CODORUS VALLEY BANCORP,CVLY,BDO Seidman,8427000,28.6,241012200
17715,2017,CODORUS VALLEY BANCORP,CVLY,BDO Seidman,8906000,27.53,245182180
17715,2018,CODORUS VALLEY BANCORP,CVLY,BDO Seidman,9452000,21.25,200855000
17746,2016,NEBRASKA BOOK HLDGS INC,NEEB,KPMG,6722000,0.02,134440
17746,2017,NEBRASKA BOOK HLDGS INC,NEEB,KPMG,6722000,0.0251,168722.2
17767,2016,SUNDANCE STRATEGIES INC,SUND,BDO Seidman,44128000,3.3,145622400
17769,2016,HANNON ARMSTRONG SUST INFR,HASI,E&Y,46493000,18.99,882902070
17769,2017,HANNON ARMSTRONG SUST INFR,HASI,E&Y,51665000,24.06,1243059900
17769,2018,HANNON ARMSTRONG SUST INFR,HASI,E&Y,60510000,19.05,1152715500
17807,2016,LIGHTINTHEBOX HLDG  -ADR,LITB,Deloitte,68910000,2.97,204662700
17807,2017,LIGHTINTHEBOX HLDG  -ADR,LITB,Deloitte,67832000,2.3,156013600
17807,2018,LIGHTINTHEBOX HLDG  -ADR,LITB,KPMG,67228000,1.22,82018160
17808,2016,EPIZYME INC,EPZM,E&Y,58050000,12.1,702405000
17808,2017,EPIZYME INC,EPZM,E&Y,69302000,12.55,869740100
17808,2018,EPIZYME INC,EPZM,E&Y,79175000,6.16,487718000
17811,2016,CHANNELADVISOR CORP,ECOM,E&Y,25956000,14.35,372468600
17811,2017,CHANNELADVISOR CORP,ECOM,E&Y,26602000,9,239418000
17811,2018,CHANNELADVISOR CORP,ECOM,E&Y,27347000,11.35,310388450
17812,2016,HD SUPPLY HOLDINGS INC,HDS,PwC,201393000,42.3,8518923900
17812,2017,HD SUPPLY HOLDINGS INC,HDS,PwC,185724000,38.89,7222806360
17812,2018,HD SUPPLY HOLDINGS INC,HDS,PwC,170653000,41.94,7157186820
17828,2016,DAIMLER AG,DDAIF,KPMG,1069837000,74.15,79328413550
17828,2017,DAIMLER AG,DDAIF,KPMG,1069837000,84.565,90470765905
17828,2018,DAIMLER AG,DDAIF,KPMG,1069837000,52.77,56455298490
17853,2016,WPT INDUSTRIAL REIT,WPTIF,KPMG,34652000,11.8,408893600
17853,2017,WPT INDUSTRIAL REIT,WPTIF,KPMG,44546000,12.6915,565355559
17853,2018,WPT INDUSTRIAL REIT,WPTIF,KPMG,46935000,12.29,576831150
17866,2016,ELLINGTON RESIDENTIAL MTG,EARN,PwC,9131000,13.01,118794310
17866,2017,ELLINGTON RESIDENTIAL MTG,EARN,PwC,13340000,12.04,160613600
17866,2018,ELLINGTON RESIDENTIAL MTG,EARN,PwC,12507000,10.23,127946610
17874,2016,T-MOBILE US INC,TMUS,PwC,826357000,57.51,47523791070
17874,2017,T-MOBILE US INC,TMUS,PwC,859407000,63.51,54580938570
17874,2018,T-MOBILE US INC,TMUS,PwC,850180000,63.61,54079949800
17878,2016,NEW RESIDENTIAL INV CP,NRZ,E&Y,250773000,15.72,3942151560
17878,2017,NEW RESIDENTIAL INV CP,NRZ,E&Y,307361000,17.88,5495614680
17878,2018,NEW RESIDENTIAL INV CP,NRZ,E&Y,369104000,14.21,5244967840
17896,2016,HARVEST CAPITAL CREDIT CORP,HCAP,PwC,6287000,13.75,86446250
17896,2017,HARVEST CAPITAL CREDIT CORP,HCAP,PwC,6458000,10.96,70779680
17896,2018,HARVEST CAPITAL CREDIT CORP,HCAP,PwC,6373000,10.045,64016785
17897,2016,QIWI PLC,QIWI,E&Y,60597000,12.77,773823690
17897,2017,QIWI PLC,QIWI,E&Y,60933000,17.33,1055968890
17897,2018,QIWI PLC,QIWI,E&Y,61452000,14.14,868931280
17910,2016,HEAT BIOLOGICS INC,HTBX,BDO Seidman,26204000,0.855,22404420
17910,2017,HEAT BIOLOGICS INC,HTBX,BDO Seidman,42003000,0.3829,16082948.7
17910,2018,HEAT BIOLOGICS INC,HTBX,BDO Seidman,32492000,0.98,31842160
17912,2016,STARWOOD WAYPOINT HOMES,SFR,E&Y,101496000,28.81,2924099760
17928,2016,IQVIA HOLDINGS INC,IQV,PwC,235400000,76.05,17902170000
17928,2017,IQVIA HOLDINGS INC,IQV,PwC,208100000,97.9,20372990000
17928,2018,IQVIA HOLDINGS INC,IQV,PwC,197500000,116.17,22943575000
17931,2016,PORTOLA PHARMACEUTICALS INC,PTLA,E&Y,56544000,22.44,1268847360
17931,2017,PORTOLA PHARMACEUTICALS INC,PTLA,E&Y,65297000,48.68,3178657960
17931,2018,PORTOLA PHARMACEUTICALS INC,PTLA,E&Y,66618000,19.52,1300383360
17933,2016,PHILLIPS 66 PARTNERS LP,PSXP,E&Y,107182000,48.64,5213332480
17933,2017,PHILLIPS 66 PARTNERS LP,PSXP,E&Y,121572000,52.35,6364294200
17933,2018,PHILLIPS 66 PARTNERS LP,PSXP,E&Y,124104000,42.11,5226019440
17934,2016,SPROUTS FARMERS MARKET,SFM,PwC,140256000,18.92,2653643520
17934,2017,SPROUTS FARMERS MARKET,SFM,PwC,132824000,24.35,3234264400
17934,2018,SPROUTS FARMERS MARKET,SFM,PwC,124976000,23.51,2938185760
17947,2016,GOLD FIELDS LTD,GFI,KPMG,820607000,3.01,2470027070
17947,2017,GOLD FIELDS LTD,GFI,KPMG,820614000,4.3,3528640200
17947,2018,GOLD FIELDS LTD,GFI,KPMG,821533000,3.52,2891796160
17956,2016,FRANK'S INTL NV,FI,PwC,222401000,12.31,2737756310
17956,2017,FRANK'S INTL NV,FI,PwC,223289000,6.65,1484871850
17956,2018,FRANK'S INTL NV,FI,KPMG,224290000,5.22,1170793800
17997,2016,CONSTELLIUM SE,CSTM,PwC,105582000,5.9,622933800
17997,2017,CONSTELLIUM SE,CSTM,PwC,134511000,11.15,1499797650
17997,2018,CONSTELLIUM SE,CSTM,PwC,135999000,6.99,950633010
17998,2016,BLUEBIRD BIO INC,BLUE,E&Y,40691000,61.7,2510634700
17998,2017,BLUEBIRD BIO INC,BLUE,E&Y,49406000,178.1,8799208600
17998,2018,BLUEBIRD BIO INC,BLUE,E&Y,54738000,99.2,5430009600
18003,2016,PLY GEM HOLDINGS INC,PGEM,KPMG,68270000,16.25,1109387500
18003,2017,PLY GEM HOLDINGS INC,PGEM,KPMG,68516000,18.5,1267546000
18004,2016,CENTURY COMMUNITIES INC,CCS,E&Y,21621000,21,454041000
18004,2017,CENTURY COMMUNITIES INC,CCS,E&Y,29503000,31.1,917543300
18004,2018,CENTURY COMMUNITIES INC,CCS,E&Y,30155000,17.26,520475300
18009,2016,NANOSTRING TECHNOLOGIES INC,NSTG,PwC,21528000,22.3,480074400
18009,2017,NANOSTRING TECHNOLOGIES INC,NSTG,PwC,25421000,7.47,189894870
18009,2018,NANOSTRING TECHNOLOGIES INC,NSTG,PwC,30913000,14.83,458439790
18036,2016,COMMSCOPE HOLDING CO INC,COMM,E&Y,193837000,37.2,7210736400
18036,2017,COMMSCOPE HOLDING CO INC,COMM,E&Y,190906000,37.83,7221973980
18036,2018,COMMSCOPE HOLDING CO INC,COMM,E&Y,192376000,16.39,3153042640
18040,2016,REPUBLIC FIRST BANCORP INC,FRBK,BDO Seidman,56755000,8.35,473904250
18040,2017,REPUBLIC FIRST BANCORP INC,FRBK,BDO Seidman,56990000,8.45,481565500
18040,2018,REPUBLIC FIRST BANCORP INC,FRBK,BDO Seidman,58789000,5.97,350970330
18043,2016,NEWS CORP,NWSA,E&Y,580121000,11.35,6584373350
18043,2017,NEWS CORP,NWSA,E&Y,581924000,13.7,7972358800
18043,2018,NEWS CORP,NWSA,E&Y,583015000,15.5,9036732500
18047,2016,NOODLES & CO,NDLS,E&Y,27877000,4.1,114295700
18047,2017,NOODLES & CO,NDLS,E&Y,41126000,5.25,215911500
18047,2018,NOODLES & CO,NDLS,E&Y,43929000,6.99,307063710
18049,2016,F N B CORP/FL,FNB,E&Y,211060000,16.03,3383291800
18049,2017,F N B CORP/FL,FNB,E&Y,323465000,13.82,4470286300
18049,2018,F N B CORP/FL,FNB,E&Y,324315000,9.84,3191259600
18050,2016,LUXOFT HOLDING INC,LXFT,E&Y,33446000,62.55,2092047300
18050,2017,LUXOFT HOLDING INC,LXFT,E&Y,34002000,40.95,1392381900
18066,2016,TELARIA INC,TLRA,E&Y,50431000,2.49,125573190
18066,2017,TELARIA INC,TLRA,E&Y,51291000,4.03,206702730
18066,2018,TELARIA INC,TLRA,E&Y,44393000,2.73,121192890
18071,2016,REXFORD INDUS REALTY,REXR,E&Y,66454000,23.19,1541068260
18071,2017,REXFORD INDUS REALTY,REXR,E&Y,78496000,29.16,2288943360
18071,2018,REXFORD INDUS REALTY,REXR,E&Y,96811000,29.47,2853020170
18073,2016,CHERRY HILL MTG INVST,CHMI,E&Y,7525000,18.19,136879750
18073,2017,CHERRY HILL MTG INVST,CHMI,E&Y,12721000,17.99,228850790
18073,2018,CHERRY HILL MTG INVST,CHMI,E&Y,16652000,17.54,292076080
18075,2017,AZUL SA,AZUL,E&Y,111277000,23.83,2651730910
18075,2018,AZUL SA,AZUL,E&Y,112673000,27.69,3119915370
18086,2016,MALLINCKRODT PLC,MNK,Deloitte,107168000,69.78,7478183040
18086,2017,MALLINCKRODT PLC,MNK,Deloitte,86336000,22.56,1947740160
18086,2018,MALLINCKRODT PLC,MNK,Deloitte,83324000,15.8,1316519200
18094,2016,FARMERS & MERCHANTS BANK/CA,FMBL,KPMG,131000,6800,890800000
18094,2017,FARMERS & MERCHANTS BANK/CA,FMBL,KPMG,131000,7860,1029660000
18094,2018,FARMERS & MERCHANTS BANK/CA,FMBL,KPMG,131000,7700,1008700000
18103,2016,COLE CREDIT PROPERTY TR IV,CCPT,Deloitte,311817000,8.62,2687862540
18103,2017,COLE CREDIT PROPERTY TR IV,CCPT,Deloitte,311582000,7,2181074000
18109,2016,JONES ENERGY INC,JONEQ,PwC,57025000,5,285125000
18109,2017,JONES ENERGY INC,JONEQ,PwC,90117000,1.1,99128700
18109,2018,JONES ENERGY INC,JONEQ,Grant Thornton,5024000,0.3401,1708662.4
18144,2018,BAT GROUP INC,GLG,BDO Seidman,25120000,0.331,8314720
18145,2016,PHYSICIANS REALTY TR,DOC,E&Y,135966000,18.96,2577915360
18145,2017,PHYSICIANS REALTY TR,DOC,E&Y,181440000,17.99,3264105600
18145,2018,PHYSICIANS REALTY TR,DOC,E&Y,182416000,16.03,2924128480
18159,2016,AGIOS PHARMACEUTICALS,AGIO,E&Y,42220000,41.73,1761840600
18159,2017,AGIOS PHARMACEUTICALS,AGIO,PwC,48826000,57.17,2791382420
18159,2018,AGIOS PHARMACEUTICALS,AGIO,PwC,58219000,46.11,2684478090
18161,2016,CONATUS PHARMACEUTICALS INC,CNAT,E&Y,26119000,5.27,137647130
18161,2017,CONATUS PHARMACEUTICALS INC,CNAT,E&Y,30035000,4.62,138761700
18161,2018,CONATUS PHARMACEUTICALS INC,CNAT,E&Y,33165000,1.73,57375450
18162,2016,ESPERION THERAPEUTICS INC,ESPR,E&Y,22555000,12.52,282388600
18162,2017,ESPERION THERAPEUTICS INC,ESPR,E&Y,26305000,65.84,1731921200
18162,2018,ESPERION THERAPEUTICS INC,ESPR,E&Y,26825000,46,1233950000
18171,2016,NEW HOME CO INC,NWHM,E&Y,20712000,11.71,242537520
18171,2017,NEW HOME CO INC,NWHM,E&Y,20877000,12.53,261588810
18171,2018,NEW HOME CO INC,NWHM,E&Y,20059000,5.23,104908570
18172,2016,ONCONOVA THERAPEUTICS INC,ONTX,E&Y,6760000,2.27,15345200
18172,2017,ONCONOVA THERAPEUTICS INC,ONTX,E&Y,10771000,1.5,16156500
18172,2018,ONCONOVA THERAPEUTICS INC,ONTX,E&Y,5674000,2.11,11972140
18173,2016,EVOKE PHARMA INC,EVOK,BDO Seidman,12350000,2.02,24947000
18173,2017,EVOKE PHARMA INC,EVOK,BDO Seidman,15414000,2.26,34835640
18173,2018,EVOKE PHARMA INC,EVOK,BDO Seidman,17428000,2.48,43221440
18177,2016,RETAILMENOT INC,SALE,E&Y,47856000,9.3,445060800
18179,2016,WORLD POINT TERMINALS LP,WPT,Deloitte,34861000,16.55,576949550
18184,2016,NATIONAL GENERAL HOLDINGS CP,NGHC,BDO Seidman,106428000,24.99,2659635720
18184,2017,NATIONAL GENERAL HOLDINGS CP,NGHC,E&Y,106698000,19.64,2095548720
18184,2018,NATIONAL GENERAL HOLDINGS CP,NGHC,E&Y,112941000,24.21,2734301610
18241,2016,FIRST COMMONWLTH FINL CP/PA,FCF,KPMG,89007000,14.18,1262119260
18241,2017,FIRST COMMONWLTH FINL CP/PA,FCF,KPMG,97456000,14.32,1395569920
18241,2018,FIRST COMMONWLTH FINL CP/PA,FCF,KPMG,98519000,12.08,1190109520
18246,2016,KCG HOLDINGS INC,KCG,PwC,67192000,13.25,890294000
18270,2016,MARRONE BIO INNOVTIONS,MBII,E&Y,24661000,2.14,52774540
18270,2017,MARRONE BIO INNOVTIONS,MBII,E&Y,31351000,1.1,34486100
18271,2016,YUME INC,YUME,PwC,33947000,3.58,121530260
18275,2016,CASHMERE VALLEY BANK,CSHX,BDO Seidman,4096000,47.25,193536000
18275,2017,CASHMERE VALLEY BANK,CSHX,BDO Seidman,4111000,58,238438000
18275,2018,CASHMERE VALLEY BANK,CSHX,BDO Seidman,4118000,54.01,222413180
18287,2016,STONEGATE MORTGAGE CORP,SGM,KPMG,25854000,5.97,154348380
18289,2016,ARDMORE SHIPPING CORP,ASC,E&Y,33090000,7.4,244866000
18289,2017,ARDMORE SHIPPING CORP,ASC,E&Y,32140000,8,257120000
18289,2018,ARDMORE SHIPPING CORP,ASC,E&Y,33098000,4.67,154567660
18291,2016,CONTROL4 CORP,CTRL,E&Y,23730000,10.2,242046000
18291,2017,CONTROL4 CORP,CTRL,E&Y,25833000,29.76,768790080
18291,2018,CONTROL4 CORP,CTRL,E&Y,26517000,17.6,466699200
18293,2016,CLEARWAY ENERGY INC,CWEN,KPMG,97370000,15.36,1495603200
18293,2017,CLEARWAY ENERGY INC,CWEN,KPMG,99303000,18.85,1871861550
18293,2018,CLEARWAY ENERGY INC,CWEN,KPMG,107774000,17.25,1859101500
18301,2016,FIRST KEYSTONE CORP,FKYS,BDO Seidman,5671000,24.6,139506600
18301,2017,FIRST KEYSTONE CORP,FKYS,BDO Seidman,5719000,28.25,161561750
18306,2016,SANTANDER CONSUMER USA HLDGS,SC,PwC,358908000,13.5,4845258000
18306,2017,SANTANDER CONSUMER USA HLDGS,SC,PwC,360527000,18.62,6713012740
18306,2018,SANTANDER CONSUMER USA HLDGS,SC,PwC,352303000,17.59,6197009770
18312,2016,US FOODS HOLDING CORP,USFD,Deloitte,220929000,27.48,6071128920
18312,2017,US FOODS HOLDING CORP,USFD,Deloitte,214963000,31.93,6863768590
18312,2018,US FOODS HOLDING CORP,USFD,Deloitte,217000000,31.64,6865880000
18315,2016,INTREXON CORP,XON,PwC,118689000,24.3,2884142700
18315,2017,INTREXON CORP,XON,PwC,122087000,11.52,1406442240
18315,2018,INTREXON CORP,XON,PwC,160020000,6.54,1046530800
18320,2016,FOX FACTORY HOLDING CP,FOXF,Grant Thornton,36891000,27.75,1023725250
18320,2017,FOX FACTORY HOLDING CP,FOXF,Grant Thornton,37607000,38.85,1461031950
18320,2018,FOX FACTORY HOLDING CP,FOXF,Grant Thornton,37991000,58.87,2236530170
18321,2016,CINER RESOURCES LP,CINR,Deloitte,19700000,29,571300000
18321,2017,CINER RESOURCES LP,CINR,Deloitte,19700000,25.11,494667000
18321,2018,CINER RESOURCES LP,CINR,Deloitte,19700000,21.45,422565000
18323,2016,OAKTREE STRATEGIC INCOME CP,OCSI,PwC,29467000,8.56,252237520
18323,2017,OAKTREE STRATEGIC INCOME CP,OCSI,PwC,29467000,8.8,259309600
18323,2018,OAKTREE STRATEGIC INCOME CP,OCSI,E&Y,29467000,8.65,254889550
18326,2016,CAESARS ACQUISITION CO,CACQ,Deloitte,138458000,13.5,1869183000
18339,2016,CLUBCORP HOLDINGS INC,MYCC,Deloitte,65306000,14.35,937141100
18350,2016,OCERA THERAPEUTICS INC,OCRX,E&Y,23600000,2.1,49560000
18351,2016,EQUINOX GOLD CORP,EQXFF,KPMG,67483000,1.37,92451710
18351,2017,EQUINOX GOLD CORP,EQXFF,KPMG,404749000,0.9,364274100
18351,2018,EQUINOX GOLD CORP,EQXFF,KPMG,552127000,0.746,411886742
18383,2016,BRIXMOR PROPERTY GROUP INC,BRX,Deloitte,304343000,24.42,7432056060
18383,2017,BRIXMOR PROPERTY GROUP INC,BRX,Deloitte,304620000,18.66,5684209200
18383,2018,BRIXMOR PROPERTY GROUP INC,BRX,Deloitte,298489000,14.69,4384803410
18385,2016,FRANKLIN FINANCIAL SVCS CORP,FRAF,BDO Seidman,4317000,28.6,123466200
18385,2017,FRANKLIN FINANCIAL SVCS CORP,FRAF,BDO Seidman,4355000,37.36,162702800
18385,2018,FRANKLIN FINANCIAL SVCS CORP,FRAF,BDO Seidman,4409000,31.5,138883500
18424,2016,LIPOCINE INC,LPCN,KPMG,18457000,3.68,67921760
18424,2017,LIPOCINE INC,LPCN,KPMG,21265000,3.44,73151600
18430,2016,FIVE PRIME THERAPEUTICS INC,FPRX,E&Y,27509000,50.11,1378475990
18430,2017,FIVE PRIME THERAPEUTICS INC,FPRX,E&Y,28179000,21.92,617683680
18430,2018,FIVE PRIME THERAPEUTICS INC,FPRX,E&Y,34746000,9.3,323137800
18431,2016,WESTERN REFINING LGS LP,WNRL,Deloitte,60885000,21.35,1299894750
18441,2016,THIRD POINT REINSURANCE LTD,TPRE,E&Y,105857000,11.55,1222648350
18441,2017,THIRD POINT REINSURANCE LTD,TPRE,E&Y,103282000,14.65,1513081300
18441,2018,THIRD POINT REINSURANCE LTD,TPRE,E&Y,93640000,9.64,902689600
18465,2016,ANTERO RESOURCES CORP,AR,KPMG,314877000,23.65,7446841050
18465,2017,ANTERO RESOURCES CORP,AR,KPMG,316379000,19,6011201000
18465,2018,ANTERO RESOURCES CORP,AR,KPMG,308594000,9.39,2897697660
18466,2016,SUBARU CORP,FUJHY,KPMG,1533371000,18.321,28092890091
18467,2016,FUJITSU LTD,FJTSY,E&Y,410096000,30.553,12529663088
18467,2017,FUJITSU LTD,FJTSY,E&Y,411746000,30.042,12369673332
18468,2016,PLAINS GP HOLDINGS LP,PAGP,PwC,101207000,34.68,3509858760
18468,2017,PLAINS GP HOLDINGS LP,PAGP,PwC,156111000,21.95,3426636450
18468,2018,PLAINS GP HOLDINGS LP,PAGP,PwC,159486000,20.1,3205668600
18469,2016,FOUNDATION MEDICINE INC,FMI,KPMG,35281000,17.7,624473700
18469,2017,FOUNDATION MEDICINE INC,FMI,KPMG,36542000,68.2,2492164400
18479,2016,JASON INDUSTRIES INC,JASN,PwC,24802000,1.8,44643600
18479,2017,JASON INDUSTRIES INC,JASN,PwC,25966000,2.37,61539420
18479,2018,JASON INDUSTRIES INC,JASN,PwC,27395000,1.37,37531150
18487,2016,FIREEYE INC,FEYE,Deloitte,171263000,11.9,2038029700
18487,2017,FIREEYE INC,FEYE,Deloitte,183772000,14.2,2609562400
18487,2018,FIREEYE INC,FEYE,Deloitte,196279000,16.21,3181682590
18494,2016,INDEPENDENCE REALTY TRUST,IRT,KPMG,68996000,8.92,615444320
18494,2017,INDEPENDENCE REALTY TRUST,IRT,KPMG,84709000,10.09,854713810
18494,2018,INDEPENDENCE REALTY TRUST,IRT,KPMG,89184000,9.18,818709120
18498,2016,MURPHY USA INC,MUSA,KPMG,36936000,61.47,2270455920
18498,2017,MURPHY USA INC,MUSA,KPMG,34092000,80.36,2739633120
18498,2018,MURPHY USA INC,MUSA,KPMG,32261000,76.64,2472483040
18510,2016,ACCELERON PHARMA INC,XLRN,E&Y,38252000,25.52,976191040
18510,2017,ACCELERON PHARMA INC,XLRN,E&Y,45261000,42.44,1920876840
18510,2018,ACCELERON PHARMA INC,XLRN,E&Y,46261000,43.55,2014666550
18556,2016,CHEGG INC,CHGG,E&Y,91709000,7.38,676812420
18556,2017,CHEGG INC,CHGG,E&Y,109668000,16.32,1789781760
18556,2018,CHEGG INC,CHGG,Deloitte,115500000,28.42,3282510000
18561,2016,BENEFITFOCUS INC,BNFT,E&Y,30429000,29.7,903741300
18561,2017,BENEFITFOCUS INC,BNFT,E&Y,31308000,27,845316000
18561,2018,BENEFITFOCUS INC,BNFT,E&Y,32018000,45.72,1463862960
18562,2016,FATE THERAPEUTICS INC,FATE,E&Y,41387000,2.51,103881370
18562,2017,FATE THERAPEUTICS INC,FATE,E&Y,52649000,6.11,321685390
18562,2018,FATE THERAPEUTICS INC,FATE,E&Y,64694000,12.83,830024020
18564,2016,APPLIED OPTOELECTRONICS INC,AAOI,Grant Thornton,18400000,23.44,431296000
18564,2017,APPLIED OPTOELECTRONICS INC,AAOI,Grant Thornton,19451000,37.82,735636820
18564,2018,APPLIED OPTOELECTRONICS INC,AAOI,Grant Thornton,19810000,15.43,305668300
18566,2016,IMMUNE PHARMACEUTICALS INC,IMNPQ,BDO Seidman,162475000,0.182,29570450
18571,2016,COVISINT CORP,COVS,Grant Thornton,40866000,2.05,83775300
18572,2016,IVERIC BIO INC,ISEE,E&Y,35733000,4.83,172590390
18572,2017,IVERIC BIO INC,ISEE,E&Y,36110000,3.12,112663200
18572,2018,IVERIC BIO INC,ISEE,E&Y,41397000,1.2,49676400
18573,2016,QTS REALTY TRUST INC,QTS,E&Y,47831000,49.65,2374809150
18573,2017,QTS REALTY TRUST INC,QTS,E&Y,50702000,54.16,2746020320
18573,2018,QTS REALTY TRUST INC,QTS,E&Y,51123000,37.05,1894107150
18578,2016,RE/MAX HOLDINGS INC,RMAX,KPMG,17653000,56,988568000
18578,2017,RE/MAX HOLDINGS INC,RMAX,KPMG,17697000,48.5,858304500
18578,2018,RE/MAX HOLDINGS INC,RMAX,KPMG,17754000,30.75,545935500
18584,2016,ROCKET FUEL INC,FUEL,BDO Seidman,46219000,1.71,79034490
18609,2016,ENZYMOTEC LTD,ENZY,PwC,22853000,6.55,149687150
18624,2016,PREMIER INC,PINC,E&Y,45996000,32.7,1504069200
18624,2017,PREMIER INC,PINC,E&Y,51943000,36,1869948000
18624,2018,PREMIER INC,PINC,E&Y,52761000,36.38,1919445180
18626,2016,GLOBANT SA,GLOB,Deloitte,34648000,33.35,1155510800
18626,2017,GLOBANT SA,GLOB,Deloitte,35227000,46.46,1636646420
18626,2018,GLOBANT SA,GLOB,Deloitte,35966000,56.32,2025605120
18629,2016,LGI HOMES INC,LGIH,E&Y,21311000,28.73,612265030
18629,2017,LGI HOMES INC,LGIH,E&Y,21846000,75.03,1639105380
18629,2018,LGI HOMES INC,LGIH,E&Y,22707000,45.22,1026810540
18630,2016,RINGCENTRAL INC,RNG,KPMG,74383000,20.6,1532289800
18630,2017,RINGCENTRAL INC,RNG,KPMG,78054000,48.4,3777813600
18630,2018,RINGCENTRAL INC,RNG,KPMG,81046000,82.44,6681432240
18635,2016,FIDELITY & GUARANTY LIFE,FGL,KPMG,58956000,23.19,1367189640
18635,2017,FIDELITY & GUARANTY LIFE,FGL,KPMG,58933000,31.05,1829869650
18636,2016,DIAGEO PLC,DEO,PwC,627500000,112.88,70832200000
18636,2017,DIAGEO PLC,DEO,PwC,628250000,119.83,75283197500
18636,2018,DIAGEO PLC,DEO,PwC,614250000,144.01,88458142500
18654,2016,HARDINGE INC,HDNG,E&Y,12894000,11.08,142865520
18654,2017,HARDINGE INC,HDNG,E&Y,12963000,17.42,225815460
18658,2016,MACROGENICS INC,MGNX,E&Y,34871000,20.44,712763240
18658,2017,MACROGENICS INC,MGNX,E&Y,36859000,19,700321000
18658,2018,MACROGENICS INC,MGNX,E&Y,42353000,12.7,537883100
18660,2016,EP ENERGY CORP,EPEG,E&Y,251300000,6.55,1646015000
18660,2017,EP ENERGY CORP,EPEG,E&Y,251600000,2.36,593776000
18660,2018,EP ENERGY CORP,EPEG,E&Y,255300000,0.7,178710000
18666,2016,TRANSENTERIX INC,TRXC,BDO Seidman,115687000,1.3,150393100
18666,2017,TRANSENTERIX INC,TRXC,BDO Seidman,199282000,1.93,384614260
18666,2018,TRANSENTERIX INC,TRXC,BDO Seidman,216346000,2.26,488941960
18675,2016,BURLINGTON STORES INC,BURL,Deloitte,70181000,83.7,5874149700
18675,2017,BURLINGTON STORES INC,BURL,Deloitte,67872000,121.71,8260701120
18675,2018,BURLINGTON STORES INC,BURL,Deloitte,67145000,171.71,11529467950
18677,2016,PATTERN ENERGY GROUP INC,PEGI,E&Y,87411000,18.99,1659934890
18677,2017,PATTERN ENERGY GROUP INC,PEGI,E&Y,97860000,21.49,2103011400
18677,2018,PATTERN ENERGY GROUP INC,PEGI,E&Y,98052000,18.62,1825728240
18683,2016,SCIENCE APPLICATIONS INTL CP,SAIC,Deloitte,44000000,81.42,3582480000
18683,2017,SCIENCE APPLICATIONS INTL CP,SAIC,Deloitte,43000000,76.65,3295950000
18683,2018,SCIENCE APPLICATIONS INTL CP,SAIC,E&Y,60000000,67.14,4028400000
18689,2016,VEEVA SYSTEMS INC,VEEV,KPMG,137887000,42.33,5836756710
18689,2017,VEEVA SYSTEMS INC,VEEV,KPMG,142070000,62.86,8930520200
18689,2018,VEEVA SYSTEMS INC,VEEV,KPMG,146190000,109.06,15943481400
18699,2016,PTC INC,PTC,PwC,114968000,44.31,5094232080
18699,2017,PTC INC,PTC,PwC,115333000,56.28,6490941240
18699,2018,PTC INC,PTC,PwC,117981000,106.19,12528402390
18724,2018,KEWEENAW LAND ASSN LTD,KEWL,Grant Thornton,1303000,68,88604000
18729,2016,KIRIN HOLDINGS CO LTD,KNBWY,KPMG,912516000,16.303,14876748348
18729,2017,KIRIN HOLDINGS CO LTD,KNBWY,KPMG,912606000,25.215,23011360290
18729,2018,KIRIN HOLDINGS CO LTD,KNBWY,KPMG,877999000,20.95,18394079050
18745,2016,ESSENT GROUP LTD,ESNT,PwC,93105000,32.37,3013808850
18745,2017,ESSENT GROUP LTD,ESNT,PwC,98434000,43.42,4274004280
18745,2018,ESSENT GROUP LTD,ESNT,PwC,98139000,34.18,3354391020
18748,2016,VOXELJET AG,VJET,KPMG,18600000,2.87,53382000
18748,2017,VOXELJET AG,VJET,KPMG,18600000,4.57,85002000
18748,2018,VOXELJET AG,VJET,KPMG,24180000,1.7,41106000
18749,2016,AERIE PHARMACEUTICALS INC,AERI,PwC,33459000,37.85,1266423150
18749,2017,AERIE PHARMACEUTICALS INC,AERI,PwC,36948000,59.75,2207643000
18749,2018,AERIE PHARMACEUTICALS INC,AERI,PwC,45479000,36.1,1641791900
18750,2016,CRITEO SA,CRTO,Deloitte,63978000,41.08,2628216240
18750,2017,CRITEO SA,CRTO,Deloitte,66085000,26.03,1720192550
18750,2018,CRITEO SA,CRTO,Deloitte,64249000,22.72,1459737280
18774,2016,VALERO ENERGY PARTNERS LP,VLP,KPMG,67426000,44.27,2984949020
18774,2017,VALERO ENERGY PARTNERS LP,VLP,KPMG,69256000,44.5,3081892000
18779,2016,CAPITALA FINANCE CORP,CPTA,E&Y,15868000,12.93,205173240
18779,2017,CAPITALA FINANCE CORP,CPTA,E&Y,15951000,7.28,116123280
18779,2018,CAPITALA FINANCE CORP,CPTA,E&Y,16052000,7.17,115092840
18792,2016,GAMING & LEISURE PPTYS,GLPI,Deloitte,207677000,30.62,6359069740
18792,2017,GAMING & LEISURE PPTYS,GLPI,Deloitte,212718000,37,7870566000
18792,2018,GAMING & LEISURE PPTYS,GLPI,Deloitte,214212000,32.31,6921189720
18838,2016,BARRACUDA NETWORKS INC,CUDA,E&Y,52897000,23.66,1251543020
18839,2016,POTBELLY CORP,PBPB,Deloitte,25139000,12.9,324293100
18839,2017,POTBELLY CORP,PBPB,Deloitte,25000000,12.3,307500000
18839,2018,POTBELLY CORP,PBPB,Deloitte,24143000,8.05,194351150
18841,2016,SURGICAL CARE AFFILIATES INC,SCAI,PwC,40499000,46.27,1873888730
18842,2016,CONTAINER STORE GROUP,TCS,E&Y,48045000,4.23,203230350
18842,2017,CONTAINER STORE GROUP,TCS,E&Y,48072000,5.44,261511680
18842,2018,CONTAINER STORE GROUP,TCS,E&Y,48142000,8.8,423649600
18850,2016,EMPIRE STATE REALTY OP LP,ESBA,E&Y,296103000,19.98,5916137940
18850,2017,EMPIRE STATE REALTY OP LP,ESBA,E&Y,297405000,20.68,6150335400
18850,2018,EMPIRE STATE REALTY OP LP,ESBA,E&Y,300294000,14.16,4252163040
18866,2016,ARC LOGISTICS PARTNERS LP,ARCX,PwC,19477000,15.93,310268610
18868,2016,OCI PARTNERS LP,OCIP,KPMG,86998000,8.35,726433300
18868,2017,OCI PARTNERS LP,OCIP,KPMG,86998000,8.05,700333900
18869,2016,WIX.COM LTD,WIX,E&Y,44298000,44.55,1973475900
18869,2017,WIX.COM LTD,WIX,E&Y,46454000,57.55,2673427700
18869,2018,WIX.COM LTD,WIX,E&Y,49270000,90.34,4451051800
18872,2016,TWITTER INC,TWTR,PwC,721572000,16.3,11761623600
18872,2017,TWITTER INC,TWTR,PwC,746902000,24.01,17933117020
18872,2018,TWITTER INC,TWTR,PwC,764257000,28.74,21964746180
18875,2016,EXP WORLD HOLDINGS INC,EXPI,BDO Seidman,52317000,4.05,211883850
18875,2017,EXP WORLD HOLDINGS INC,EXPI,BDO Seidman,54963000,7.6,417718800
18875,2018,EXP WORLD HOLDINGS INC,EXPI,BDO Seidman,60609000,7.08,429111720
18878,2016,GLYCOMIMETICS INC,GLYC,E&Y,23250000,6.1,141825000
18878,2017,GLYCOMIMETICS INC,GLYC,E&Y,34360000,16.79,576904400
18878,2018,GLYCOMIMETICS INC,GLYC,E&Y,43161000,9.47,408734670
18888,2018,AMNEAL PHARMACEUTICALS INC,AMRX,E&Y,127376000,13.53,1723397280
18894,2016,BLUE CAP REINSURANCE,BCRH,E&Y,8756000,18.45,161548200
18894,2017,BLUE CAP REINSURANCE,BCRH,E&Y,8761000,12.05,105570050
18894,2018,BLUE CAP REINSURANCE,BCRH,E&Y,8767000,5.5,48218500
18899,2016,TANDEM DIABETES CARE INC,TNDM,E&Y,31096000,2.15,66856400
18899,2017,TANDEM DIABETES CARE INC,TNDM,E&Y,10119000,2.36,23880840
18899,2018,TANDEM DIABETES CARE INC,TNDM,E&Y,57554000,37.97,2185325380
18925,2016,TREVENA INC,TRVN,E&Y,55768000,5.88,327915840
18925,2017,TREVENA INC,TRVN,E&Y,62311000,1.6,99697600
18925,2018,TREVENA INC,TRVN,E&Y,82323000,0.43,35398890
18926,2016,DYNAGAS LNG PARTNERS LP,DLNG,E&Y,20505000,15.98,327669900
18926,2017,DYNAGAS LNG PARTNERS LP,DLNG,E&Y,35490000,10.86,385421400
18926,2018,DYNAGAS LNG PARTNERS LP,DLNG,E&Y,35490000,3.37,119601300
18930,2016,KARYOPHARM THERAPEUTICS INC,KPTI,E&Y,41888000,9.4,393747200
18930,2017,KARYOPHARM THERAPEUTICS INC,KPTI,E&Y,49533000,9.6,475516800
18930,2018,KARYOPHARM THERAPEUTICS INC,KPTI,E&Y,60829000,9.37,569967730
18936,2016,VITAL THERAPIES INC,VTL,PwC,32143000,4.35,139822050
18936,2017,VITAL THERAPIES INC,VTL,PwC,42369000,5.95,252095550
18936,2018,VITAL THERAPIES INC,VTL,PwC,42370000,0.1863,7893531
18947,2016,VERACYTE INC,VCYT,E&Y,33762000,7.74,261317880
18947,2017,VERACYTE INC,VCYT,E&Y,34210000,6.53,223391300
18947,2018,VERACYTE INC,VCYT,E&Y,40863000,12.58,514056540
18952,2016,BROOKFLD DTLA OFFICE TR INV,DTLA.P,Deloitte,1000,22.0899,22089.9
18952,2017,BROOKFLD DTLA OFFICE TR INV,DTLA.P,Deloitte,1000,28.8,28800
18952,2018,BROOKFLD DTLA OFFICE TR INV,DTLA.P,Deloitte,1000,20.67,20670
18975,2016,NIMBLE STORAGE INC,NMBL,E&Y,88865000,8.57,761573050
18978,2016,ONE GP HOSPITALITY (THE),STKS,Grant Thornton,25051000,2.22,55613220
18978,2017,ONE GP HOSPITALITY (THE),STKS,Grant Thornton,27152000,2.39,64893280
18982,2016,EGALET CORP,ZCOR,E&Y,25189000,7.65,192695850
18982,2017,EGALET CORP,ZCOR,E&Y,45940000,1,45940000
18982,2018,EGALET CORP,ZCOR,E&Y,56547000,0.0025,141367.5
18983,2016,OXFORD IMMUNOTEC GLOBAL PLC,OXFD,E&Y,22635000,14.95,338393250
18983,2017,OXFORD IMMUNOTEC GLOBAL PLC,OXFD,E&Y,25662000,13.97,358498140
18983,2018,OXFORD IMMUNOTEC GLOBAL PLC,OXFD,E&Y,26439000,12.78,337890420
19000,2016,MARCUS & MILLICHAP INC,MMI,E&Y,37882000,26.72,1012207040
19000,2017,MARCUS & MILLICHAP INC,MMI,E&Y,38374000,32.61,1251376140
19000,2018,MARCUS & MILLICHAP INC,MMI,E&Y,38814000,34.33,1332484620
19025,2016,RECRO PHARMA INC,REPH,KPMG,19043000,8.06,153486580
19025,2017,RECRO PHARMA INC,REPH,KPMG,19127000,9.25,176924750
19025,2018,RECRO PHARMA INC,REPH,KPMG,21800000,7.1,154780000
19026,2016,58.COM INC  -ADR,WUBA,PwC,144835000,28,4055380000
19026,2017,58.COM INC  -ADR,WUBA,PwC,146983000,71.57,10519573310
19026,2018,58.COM INC  -ADR,WUBA,PwC,148222000,54.21,8035114620
19042,2016,500.COM LTD  -ADR,WBAI,E&Y,40989000,15.33,628361370
19042,2017,500.COM LTD  -ADR,WBAI,E&Y,40819000,10.11,412680090
19044,2016,VARONIS SYSTEMS INC,VRNS,E&Y,26822000,26.8,718829600
19044,2017,VARONIS SYSTEMS INC,VRNS,E&Y,28146000,48.55,1366488300
19044,2018,VARONIS SYSTEMS INC,VRNS,E&Y,29577000,52.9,1564623300
19071,2016,CAMPING WORLD HOLDINGS INC,CWH,E&Y,18936000,32.59,617124240
19071,2017,CAMPING WORLD HOLDINGS INC,CWH,E&Y,36749000,44.73,1643782770
19071,2018,CAMPING WORLD HOLDINGS INC,CWH,Deloitte,37192000,11.47,426592240
19084,2016,BRAEMAR HOTELS & RESORTS INC,BHR,BDO Seidman,26022000,13.65,355200300
19084,2017,BRAEMAR HOTELS & RESORTS INC,BHR,BDO Seidman,32120000,9.73,312527600
19084,2018,BRAEMAR HOTELS & RESORTS INC,BHR,BDO Seidman,32512000,8.93,290332160
19094,2016,N B T BANCORP INC,NBTB,KPMG,43257000,41.88,1811603160
19094,2017,N B T BANCORP INC,NBTB,KPMG,43543000,36.8,1602382400
19094,2018,N B T BANCORP INC,NBTB,KPMG,43673000,34.59,1510649070
19104,2016,MIDCOAST ENERGY PARTNERS LP,MEP,PwC,45220000,7.05,318801000
19113,2016,NISSAN MOTOR CO LTD,NSANY,E&Y,1955845000,19.268,37685221460
19113,2017,NISSAN MOTOR CO LTD,NSANY,E&Y,1955178000,20.583,40243428774
19116,2016,IGNYTA INC,RXDX,KPMG,41666000,5.3,220829800
19149,2016,ULTRAGENYX PHARMACEUTICAL,RARE,E&Y,41240000,70.31,2899584400
19149,2017,ULTRAGENYX PHARMACEUTICAL,RARE,E&Y,44167000,46.38,2048465460
19149,2018,ULTRAGENYX PHARMACEUTICAL,RARE,E&Y,50861000,43.48,2211436280
19151,2016,TELECOM ITALIA SPA,TIIAY,PwC,2106716000,8.89,18728705240
19151,2017,TELECOM ITALIA SPA,TIIAY,PwC,2106716000,8.63,18180959080
19151,2018,TELECOM ITALIA SPA,TIIAY,PwC,2106716000,5.55,11692273800
19154,2016,CARA THERAPEUTICS INC,CARA,E&Y,27297000,9.29,253589130
19154,2017,CARA THERAPEUTICS INC,CARA,E&Y,32662000,12.24,399782880
19154,2018,CARA THERAPEUTICS INC,CARA,E&Y,39548000,13,514124000
19163,2016,EXTENDED STAY AMERICA INC,STAY,Deloitte,195407000,16.15,3155823050
19163,2017,EXTENDED STAY AMERICA INC,STAY,Deloitte,192100000,19,3649900000
19163,2018,EXTENDED STAY AMERICA INC,STAY,Deloitte,188220000,15.5,2917410000
19168,2016,DEL TACO RESTAURANTS INC,TACO,E&Y,39154000,14.12,552854480
19168,2017,DEL TACO RESTAURANTS INC,TACO,E&Y,38434000,12.12,465820080
19168,2018,DEL TACO RESTAURANTS INC,TACO,E&Y,37305000,9.99,372676950
19171,2016,RSP PERMIAN INC,RSPP,Grant Thornton,141924000,44.62,6332648880
19171,2017,RSP PERMIAN INC,RSPP,Grant Thornton,158596000,40.68,6451685280
19172,2016,A-MARK PRECIOUS METALS INC,AMRK,Grant Thornton,7021000,16.18,113599780
19172,2017,A-MARK PRECIOUS METALS INC,AMRK,Grant Thornton,7031000,16.3867,115214887.7
19172,2018,A-MARK PRECIOUS METALS INC,AMRK,Grant Thornton,7031000,13.28,93371680
19175,2016,VINCE HOLDING CORP,VNCE,PwC,49428000,3.05,150755400
19175,2017,VINCE HOLDING CORP,VNCE,PwC,11617000,7.32,85036440
19175,2018,VINCE HOLDING CORP,VNCE,PwC,11623000,11.98,139243540
19184,2016,CYPRESS ENERGY PARTNERS LP,CELP,E&Y,11858000,10.55,125101900
19184,2017,CYPRESS ENERGY PARTNERS LP,CELP,E&Y,11890000,6,71340000
19184,2018,CYPRESS ENERGY PARTNERS LP,CELP,E&Y,11947000,5.62,67142140
19189,2016,SEMLER SCIENTIFIC INC,SMLR,BDO Seidman,5124000,1.45,7429800
19189,2017,SEMLER SCIENTIFIC INC,SMLR,BDO Seidman,5877000,8,47016000
19189,2018,SEMLER SCIENTIFIC INC,SMLR,BDO Seidman,6325000,34.4,217580000
19190,2016,INTRAWEST RESORTS HLDGS INC,SNOW,KPMG,39736000,12.98,515773280
19273,2016,ENABLE MIDSTREAM PARTNERS LP,ENBL,Deloitte,432391000,15.73,6801510430
19273,2017,ENABLE MIDSTREAM PARTNERS LP,ENBL,Deloitte,432584000,14.22,6151344480
19273,2018,ENABLE MIDSTREAM PARTNERS LP,ENBL,Deloitte,433232000,13.53,5861628960
19274,2016,INOGEN INC,INGN,Deloitte,20390000,67.17,1369596300
19274,2017,INOGEN INC,INGN,Deloitte,20976000,119.08,2497822080
19274,2018,INOGEN INC,INGN,Deloitte,21779000,124.17,2704298430
19275,2016,BLUEROCK RESIDENTIAL GROWTH,BRG,BDO Seidman,19568000,13.72,268472960
19275,2017,BLUEROCK RESIDENTIAL GROWTH,BRG,BDO Seidman,24295000,10.11,245622450
19275,2018,BLUEROCK RESIDENTIAL GROWTH,BRG,BDO Seidman,23399000,9.02,211058980
19295,2016,AUTOHOME INC  -ADR,ATHM,PwC,115297000,25.28,2914708160
19295,2017,AUTOHOME INC  -ADR,ATHM,PwC,117141000,64.67,7575508470
19295,2018,AUTOHOME INC  -ADR,ATHM,PwC,118056000,78.23,9235520880
19296,2016,CHENIERE ENERGY PTNRS LP LLC,CQH,KPMG,231700000,22.37,5183129000
19296,2017,CHENIERE ENERGY PTNRS LP LLC,CQH,KPMG,231700000,27.69,6415773000
19305,2016,PREFORMED LINE PRODUCTS CO,PLPC,E&Y,5118000,58.12,297458160
19305,2017,PREFORMED LINE PRODUCTS CO,PLPC,E&Y,5038000,71.05,357949900
19305,2018,PREFORMED LINE PRODUCTS CO,PLPC,E&Y,5020000,54.25,272335000
19309,2016,ALVOPETRO ENERGY LTD,ALVOF,Deloitte,85167000,0.18,15330060
19309,2017,ALVOPETRO ENERGY LTD,ALVOF,Deloitte,85167000,0.1447,12323664.9
19309,2018,ALVOPETRO ENERGY LTD,ALVOF,Deloitte,96671000,0.3093,29900340.3
19349,2016,SIEMENS AG,SIEGY,E&Y,808278000,117.1,94649353800
19349,2017,SIEMENS AG,SIEGY,E&Y,1631038000,70.459,1.14921E+11
19349,2018,SIEMENS AG,SIEGY,E&Y,1620097000,64.08,1.03816E+11
19352,2016,CARE.COM INC,CRCM,E&Y,28984000,8.57,248392880
19352,2017,CARE.COM INC,CRCM,E&Y,30390000,18.04,548235600
19352,2018,CARE.COM INC,CRCM,E&Y,32057000,19.31,619020670
19377,2016,RICE ENERGY INC,RICE,E&Y,202607000,21.35,4325659450
19391,2016,MALIBU BOATS INC,MBUU,KPMG,17691000,12.08,213707280
19391,2017,MALIBU BOATS INC,MBUU,KPMG,17938000,25.87,464056060
19391,2018,MALIBU BOATS INC,MBUU,KPMG,20555000,41.94,862076700
19398,2016,DENNYS CORP,DENN,KPMG,71358000,12.83,915523140
19398,2017,DENNYS CORP,DENN,KPMG,64589000,13.24,855158360
19398,2018,DENNYS CORP,DENN,KPMG,61533000,16.21,997449930
19402,2016,G-III APPAREL GROUP LTD,GIII,E&Y,48640000,26.26,1277286400
19402,2017,G-III APPAREL GROUP LTD,GIII,E&Y,49113000,37.35,1834370550
19402,2018,G-III APPAREL GROUP LTD,GIII,E&Y,48709000,34.87,1698482830
19412,2016,INTRA-CELLULAR THERAPIES INC,ITCI,E&Y,43293000,15.09,653291370
19412,2017,INTRA-CELLULAR THERAPIES INC,ITCI,E&Y,54598000,14.48,790579040
19412,2018,INTRA-CELLULAR THERAPIES INC,ITCI,E&Y,54895000,11.39,625254050
19417,2016,ADVANZ PHARMA CORP,CXRXF,PwC,51090000,2.12,108310800
19417,2017,ADVANZ PHARMA CORP,CXRXF,PwC,51283000,0.657,33692931
19417,2018,ADVANZ PHARMA CORP,CXRXF,PwC,48913000,19.04,931303520
19425,2016,GENOCEA BIOSCIENCES INC,GNCA,E&Y,28445000,4.12,117193400
19425,2017,GENOCEA BIOSCIENCES INC,GNCA,E&Y,28735000,1.16,33332600
19425,2018,GENOCEA BIOSCIENCES INC,GNCA,E&Y,86771000,0.2868,24885922.8
19431,2016,PERMA-PIPE INTERNATIONAL HOL,PPIH,Grant Thornton,7596000,8.75,66465000
19431,2017,PERMA-PIPE INTERNATIONAL HOL,PPIH,Grant Thornton,7717000,9.05,69838850
19431,2018,PERMA-PIPE INTERNATIONAL HOL,PPIH,Grant Thornton,7854000,8.74,68643960
19433,2016,PANHANDLE OIL & GAS INC,PHX,E&Y,16600000,17.53,290998000
19433,2017,PANHANDLE OIL & GAS INC,PHX,E&Y,16678000,23.8,396936400
19433,2018,PANHANDLE OIL & GAS INC,PHX,E&Y,16751000,18.45,309055950
19440,2016,LADDER CAPITAL CORP,LADR,PwC,71586000,13.72,982159920
19440,2017,LADDER CAPITAL CORP,LADR,PwC,93641000,13.63,1276326830
19440,2018,LADDER CAPITAL CORP,LADR,PwC,103941000,15.47,1607967270
19442,2016,CONTINENTAL BUILDING PRODS,CBPX,E&Y,39692000,23.1,916885200
19442,2017,CONTINENTAL BUILDING PRODS,CBPX,E&Y,37533000,28.15,1056553950
19442,2018,CONTINENTAL BUILDING PRODS,CBPX,E&Y,35402000,25.45,900980900
19458,2016,SESEN BIO INC,SESN,E&Y,24532000,1.91,46856120
19458,2017,SESEN BIO INC,SESN,E&Y,34703000,0.811,28144133
19458,2018,SESEN BIO INC,SESN,E&Y,77456000,1.42,109987520
19467,2016,COCRYSTAL PHARMA INC,COCP,BDO Seidman,714032000,0.385,274902320
19467,2017,COCRYSTAL PHARMA INC,COCP,BDO Seidman,728250000,0.2,145650000
19467,2018,COCRYSTAL PHARMA INC,COCP,BDO Seidman,29938000,3.6,107776800
19468,2016,FIRM CAPITAL AMER REALTY PRT,DELAF,PwC,125868000,0.18,22656240
19468,2017,FIRM CAPITAL AMER REALTY PRT,DELAF,PwC,6128000,6.5215,39963752
19468,2018,FIRM CAPITAL AMER REALTY PRT,DELAF,PwC,6936000,6.49,45014640
19470,2016,DICERNA PHARMACEUTICALS INC,DRNA,Deloitte,20753000,2.88,59768640
19470,2017,DICERNA PHARMACEUTICALS INC,DRNA,Deloitte,51645000,9.03,466354350
19470,2018,DICERNA PHARMACEUTICALS INC,DRNA,Deloitte,68211000,10.69,729175590
19471,2016,REVANCE THERAPEUTICS INC,RVNC,PwC,28649000,20.7,593034300
19471,2017,REVANCE THERAPEUTICS INC,RVNC,PwC,36516000,35.75,1305447000
19471,2018,REVANCE THERAPEUTICS INC,RVNC,PwC,36975000,20.13,744306750
19484,2016,FORTRESS TRANS INFRASTR INVS,FTAI,E&Y,75751000,13.3,1007488300
19484,2017,FORTRESS TRANS INFRASTR INVS,FTAI,E&Y,75772000,19.93,1510135960
19484,2018,FORTRESS TRANS INFRASTR INVS,FTAI,E&Y,84051000,14.34,1205291340
19507,2016,OUTFRONT MEDIA INC,OUT,PwC,138045000,24.87,3433179150
19507,2017,OUTFRONT MEDIA INC,OUT,PwC,138600000,23.2,3215520000
19507,2018,OUTFRONT MEDIA INC,OUT,PwC,140200000,18.12,2540424000
19511,2016,FLEXION THERAPEUTICS INC,FLXN,PwC,31667000,19.02,602306340
19511,2017,FLEXION THERAPEUTICS INC,FLXN,PwC,37611000,25.04,941779440
19511,2018,FLEXION THERAPEUTICS INC,FLXN,PwC,37946000,11.32,429548720
19516,2016,INSTALLED BLDG PRODUCTS INC,IBP,Deloitte,31485000,41.3,1300330500
19516,2017,INSTALLED BLDG PRODUCTS INC,IBP,Deloitte,31862000,75.95,2419918900
19516,2018,INSTALLED BLDG PRODUCTS INC,IBP,Deloitte,29916000,33.69,1007870040
19517,2016,ONE GAS INC,OGS,PwC,52283000,63.96,3344020680
19517,2017,ONE GAS INC,OGS,PwC,52313000,73.26,3832450380
19517,2018,ONE GAS INC,OGS,PwC,52565000,79.6,4184174000
19518,2016,KNOWLES CORP,KN,PwC,88737000,16.71,1482795270
19518,2017,KNOWLES CORP,KN,PwC,89491000,14.66,1311938060
19518,2018,KNOWLES CORP,KN,PwC,90213000,13.31,1200735030
19525,2016,AGROFRESH SOLUTIONS INC,AGFS,Deloitte,50037000,2.65,132598050
19525,2017,AGROFRESH SOLUTIONS INC,AGFS,Deloitte,50341000,7.4,372523400
19525,2018,AGROFRESH SOLUTIONS INC,AGFS,Deloitte,50410000,3.79,191053900
19526,2016,FARMLAND PARTNERS INC,FPI,PwC,17351000,11.16,193637160
19526,2017,FARMLAND PARTNERS INC,FPI,PwC,33335000,8.68,289347800
19528,2016,1347 PROPERTY INS HLDGS INC,PIH,BDO Seidman,5957000,7.8,46464600
19528,2017,1347 PROPERTY INS HLDGS INC,PIH,BDO Seidman,5985000,7.2499,43390651.5
19528,2018,1347 PROPERTY INS HLDGS INC,PIH,BDO Seidman,6013000,4.02,24172260
19534,2016,CONCERT PHARMACEUTICLS INC,CNCE,E&Y,22317000,10.29,229641930
19534,2017,CONCERT PHARMACEUTICLS INC,CNCE,E&Y,23140000,25.87,598631800
19534,2018,CONCERT PHARMACEUTICLS INC,CNCE,E&Y,23438000,12.55,294146900
19545,2016,AMERICAN CAPITAL SR FLTG LTD,ACSF,E&Y,10000000,11.9,119000000
19545,2017,AMERICAN CAPITAL SR FLTG LTD,ACSF,E&Y,10000000,10.525,105250000
19565,2016,RIO TINTO GROUP,RIO,PwC,1799012000,38.46,69190001520
19565,2017,RIO TINTO GROUP,RIO,PwC,1754468000,52.93,92863991240
19565,2018,RIO TINTO GROUP,RIO,PwC,1649425000,48.48,79964124000
19570,2016,S & T BANCORP INC,STBA,KPMG,34913000,39.04,1363003520
19570,2017,S & T BANCORP INC,STBA,KPMG,34972000,39.81,1392235320
19570,2018,S & T BANCORP INC,STBA,E&Y,34684000,37.84,1312442560
19574,2016,NEW MEDIA INVESTMENT GROUP,NEWM,E&Y,53497000,15.99,855417030
19574,2017,NEW MEDIA INVESTMENT GROUP,NEWM,E&Y,53227000,16.78,893149060
19574,2018,NEW MEDIA INVESTMENT GROUP,NEWM,E&Y,60306000,11.57,697740420
19578,2016,TRIBUNE PUBLISHING CO,TPCO,E&Y,36428000,13.87,505256360
19578,2017,TRIBUNE PUBLISHING CO,TPCO,E&Y,33684000,17.59,592501560
19578,2018,TRIBUNE PUBLISHING CO,TPCO,E&Y,35597000,11.34,403669980
19580,2016,TIME INC,TIME,E&Y,98950000,17.85,1766257500
19581,2016,LANDS' END INC,LE,Deloitte,32029000,15.35,491645150
19581,2017,LANDS' END INC,LE,Deloitte,32102000,16.8,539313600
19581,2018,LANDS' END INC,LE,Deloitte,32220000,17.9,576738000
19582,2016,CARETRUST REIT INC,CTRE,E&Y,64816000,15.32,992981120
19582,2017,CARETRUST REIT INC,CTRE,E&Y,75478000,16.76,1265011280
19582,2018,CARETRUST REIT INC,CTRE,E&Y,85867000,18.46,1585104820
19600,2016,CYMABAY THERAPEUTICS INC,CBAY,E&Y,23447000,1.73,40563310
19600,2017,CYMABAY THERAPEUTICS INC,CBAY,E&Y,44409000,9.2,408562800
19600,2018,CYMABAY THERAPEUTICS INC,CBAY,E&Y,59456000,7.87,467918720
19602,2016,TURTLE BEACH CORP,HEAR,BDO Seidman,49251000,1.31,64518810
19602,2017,TURTLE BEACH CORP,HEAR,BDO Seidman,49386000,0.453,22371858
19602,2018,TURTLE BEACH CORP,HEAR,BDO Seidman,14268000,14.27,203604360
19647,2016,LENDINGCLUB CORP,LC,Deloitte,397980000,5.25,2089395000
19647,2017,LENDINGCLUB CORP,LC,Deloitte,417474000,4.13,1724167620
19647,2018,LENDINGCLUB CORP,LC,Deloitte,429641000,2.63,1129955830
19649,2016,SABRE CORP,SABR,E&Y,276950000,24.95,6909902500
19649,2017,SABRE CORP,SABR,E&Y,274342000,20.5,5624011000
19649,2018,SABRE CORP,SABR,E&Y,275352000,21.64,5958617280
19661,2016,TOYOTA MOTOR CORP,TM,PwC,1487361000,108.62,1.61557E+11
19661,2017,TOYOTA MOTOR CORP,TM,PwC,1454962000,130.37,1.89683E+11
19661,2018,TOYOTA MOTOR CORP,TM,PwC,1416220000,118.02,1.67142E+11
19692,2016,FEC RESOURCES INC,FECOF,BDO Seidman,409144000,0.006,2454864
19713,2016,ATLANTIC UNION BANKSHRS CRP,AUB,E&Y,43609000,35.74,1558585660
19713,2017,ATLANTIC UNION BANKSHRS CRP,AUB,E&Y,43743000,36.17,1582184310
19713,2018,ATLANTIC UNION BANKSHRS CRP,AUB,E&Y,65977000,28.23,1862530710
19717,2016,NEOLEUKIN THERAPEUTICS INC,AQXP,Deloitte,23423000,16.51,386713730
19717,2017,NEOLEUKIN THERAPEUTICS INC,AQXP,Deloitte,23472000,11.76,276030720
19717,2018,NEOLEUKIN THERAPEUTICS INC,AQXP,Deloitte,23537000,2.16,50839920
19718,2016,ACHAOGEN INC,AKAOQ,E&Y,35638000,13.02,464006760
19718,2017,ACHAOGEN INC,AKAOQ,E&Y,42515000,10.74,456611100
19718,2018,ACHAOGEN INC,AKAOQ,E&Y,48206000,1.23,59293380
19730,2016,PAYLOCITY HOLDING CORP,PCTY,KPMG,51132000,43.2,2208902400
19730,2017,PAYLOCITY HOLDING CORP,PCTY,KPMG,51738000,45.18,2337522840
19730,2018,PAYLOCITY HOLDING CORP,PCTY,KPMG,52758000,58.86,3105335880
19744,2016,JD.COM INC  -ADR,JD,PwC,1418222000,25.44,36079567680
19744,2017,JD.COM INC  -ADR,JD,PwC,1426332000,41.42,59078671440
19744,2018,JD.COM INC  -ADR,JD,PwC,1447148000,20.93,30288807640
19747,2016,QUOTIENT TECHNOLOGY INC,QUOT,E&Y,88560000,10.75,952020000
19747,2017,QUOTIENT TECHNOLOGY INC,QUOT,E&Y,93200000,11.75,1095100000
19747,2018,QUOTIENT TECHNOLOGY INC,QUOT,E&Y,94995000,10.68,1014546600
19752,2016,CM FINANCE INC,CMFN,E&Y,13680000,8.88,121478400
19752,2017,CM FINANCE INC,CMFN,E&Y,13689000,10,136890000
19753,2016,RUBICON PROJECT INC,RUBI,PwC,49378000,7.42,366384760
19753,2017,RUBICON PROJECT INC,RUBI,PwC,50239000,1.87,93946930
19753,2018,RUBICON PROJECT INC,RUBI,Deloitte,51159000,3.73,190823070
19761,2016,HEPION PHARMACEUTICALS INC,HEPA,BDO Seidman,32231000,1.04,33520240
19761,2017,HEPION PHARMACEUTICALS INC,HEPA,BDO Seidman,75707000,0.58,43910060
19761,2018,HEPION PHARMACEUTICALS INC,HEPA,BDO Seidman,16609000,0.282,4683738
19770,2016,ANTERO MIDSTREAM PARTNERS LP,AM.2,KPMG,178890000,30.88,5524123200
19770,2017,ANTERO MIDSTREAM PARTNERS LP,AM.2,KPMG,186929000,29.04,5428418160
19770,2018,ANTERO MIDSTREAM PARTNERS LP,AM.2,KPMG,187322000,21.39,4006817580
19771,2016,GALMED PHARMACEUTICALS LTD,GLMD,Deloitte,12149000,3.51,42642990
19771,2017,GALMED PHARMACEUTICALS LTD,GLMD,Deloitte,14435000,9.15,132080250
19771,2018,GALMED PHARMACEUTICALS LTD,GLMD,Deloitte,21019000,6.83,143559770
19772,2016,BIOBLAST PHARMA LTD,ORPN,E&Y,16392000,1.04,17047680
19772,2017,BIOBLAST PHARMA LTD,ORPN,E&Y,3342000,2.286,7639812
19773,2016,CASTLIGHT HEALTH INC,CSLT,E&Y,104311000,4.95,516339450
19773,2017,CASTLIGHT HEALTH INC,CSLT,E&Y,134539000,3.75,504521250
19773,2018,CASTLIGHT HEALTH INC,CSLT,E&Y,141927000,2.17,307981590
19784,2016,EAGLE PHARMACEUTICALS INC,EGRX,BDO Seidman,15324000,79.34,1215806160
19784,2017,EAGLE PHARMACEUTICALS INC,EGRX,BDO Seidman,14847000,53.42,793126740
19784,2018,EAGLE PHARMACEUTICALS INC,EGRX,BDO Seidman,13914000,40.29,560595060
19800,2016,COREPOINT LODGING INC,CPLG,Deloitte,116790000,14.21,1659585900
19800,2017,COREPOINT LODGING INC,CPLG,Deloitte,117346000,18.46,2166207160
19800,2018,COREPOINT LODGING INC,CPLG,Deloitte,59500000,12.25,728875000
19802,2017,RIMINI STREET INC,RMNI,KPMG,59314000,7.91,469173740
19802,2018,RIMINI STREET INC,RMNI,KPMG,64193000,5.15,330593950
19817,2016,UNIVEST FINANCIAL CORP,UVSP,KPMG,26589000,30.9,821600100
19817,2017,UNIVEST FINANCIAL CORP,UVSP,KPMG,29335000,28.05,822846750
19817,2018,UNIVEST FINANCIAL CORP,UVSP,KPMG,29271000,21.57,631375470
19824,2016,ANGLOGOLD ASHANTI LTD,AU,E&Y,408224000,10.51,4290434240
19824,2017,ANGLOGOLD ASHANTI LTD,AU,E&Y,410055000,10.19,4178460450
19824,2018,ANGLOGOLD ASHANTI LTD,AU,E&Y,412770000,12.55,5180263500
19832,2016,ARAVIVE INC,ARAV,PwC,34844000,14.9,519175600
19832,2017,ARAVIVE INC,ARAV,PwC,35938000,2.2,79063600
19832,2018,ARAVIVE INC,ARAV,BDO Seidman,11266000,3.52,39656320
19843,2016,SMART & FINAL STORES INC,SFS,E&Y,72931000,14.1,1028327100
19843,2017,SMART & FINAL STORES INC,SFS,E&Y,74120000,8.55,633726000
19843,2018,SMART & FINAL STORES INC,SFS,E&Y,76524000,4.74,362723760
19849,2016,A10 NETWORKS INC,ATEN,Deloitte,67873000,8.31,564024630
19849,2017,A10 NETWORKS INC,ATEN,Deloitte,71692000,7.72,553462240
19849,2018,A10 NETWORKS INC,ATEN,Deloitte,74301000,6.24,463638240
19851,2016,CITY OFFICE REIT INC,CIO,KPMG,24382000,13.17,321110940
19851,2017,CITY OFFICE REIT INC,CIO,KPMG,36012000,13.01,468516120
19851,2018,CITY OFFICE REIT INC,CIO,KPMG,39544000,10.25,405326000
19855,2016,INVENTRUST PROPERTIES CORP,IARE,KPMG,773305000,2.06,1593008300
19855,2017,INVENTRUST PROPERTIES CORP,IARE,KPMG,774293000,1.5,1161439500
19855,2018,INVENTRUST PROPERTIES CORP,IARE,KPMG,728559000,1.55,1129266450
19858,2016,VERITIV CORP,VRTV,Deloitte,15700000,53.75,843875000
19858,2017,VERITIV CORP,VRTV,Deloitte,15700000,28.9,453730000
19858,2018,VERITIV CORP,VRTV,Deloitte,15900000,24.97,397023000
19859,2016,AKEBIA THERAPEUTICS INC,AKBA,E&Y,38616000,10.41,401992560
19859,2017,AKEBIA THERAPEUTICS INC,AKBA,E&Y,47613000,14.87,708005310
19859,2018,AKEBIA THERAPEUTICS INC,AKBA,E&Y,116888000,5.53,646390640
19873,2016,WASHINGTON TR BANCORP INC,WASH,KPMG,17171000,56.05,962434550
19873,2017,WASHINGTON TR BANCORP INC,WASH,KPMG,17227000,53.25,917337750
19873,2018,WASHINGTON TR BANCORP INC,WASH,KPMG,17302000,47.53,822364060
19877,2016,Q2 HOLDINGS INC,QTWO,E&Y,40425000,28.85,1166261250
19877,2017,Q2 HOLDINGS INC,QTWO,E&Y,41967000,36.85,1546483950
19877,2018,Q2 HOLDINGS INC,QTWO,E&Y,43535000,49.55,2157159250
19881,2016,2U INC,TWOU,KPMG,47152000,30.15,1421632800
19881,2017,2U INC,TWOU,KPMG,52506000,64.51,3387162060
19881,2018,2U INC,TWOU,KPMG,57968000,49.72,2882168960
19898,2016,AEROHIVE NETWORKS INC,HIVE,Deloitte,52245000,5.7,297796500
19898,2017,AEROHIVE NETWORKS INC,HIVE,Deloitte,54171000,5.83,315816930
19898,2018,AEROHIVE NETWORKS INC,HIVE,Deloitte,55868000,3.26,182129680
19908,2016,FIVE9 INC,FIVN,KPMG,53363000,14.19,757220970
19908,2017,FIVE9 INC,FIVN,KPMG,56632000,24.88,1409004160
19908,2018,FIVE9 INC,FIVN,KPMG,59210000,43.72,2588661200
19909,2016,IKANG HEALTHCARE GROUP -ADR,KANG,Deloitte,69443000,14.6,1013867800
19909,2017,IKANG HEALTHCARE GROUP -ADR,KANG,Deloitte,69448000,19.95,1385487600
19912,2016,CORIUM INTERNATIONAL INC,CORI,Deloitte,22392000,5.63,126066960
19912,2017,CORIUM INTERNATIONAL INC,CORI,Deloitte,36005000,11.08,398935400
19925,2016,TRIPLEPOINT VENTURE GWTH BDC,TPVG,Deloitte,15981000,11.78,188256180
19925,2017,TRIPLEPOINT VENTURE GWTH BDC,TPVG,Deloitte,17730000,12.69,224993700
19925,2018,TRIPLEPOINT VENTURE GWTH BDC,TPVG,Deloitte,24780000,10.89,269854200
19927,2016,MOELIS & CO,MC,Deloitte,20561000,33.9,697017900
19927,2017,MOELIS & CO,MC,Deloitte,33456000,48.5,1622616000
19927,2018,MOELIS & CO,MC,Deloitte,45605000,34.38,1567899900
19931,2016,KBS REAL ESTATE INVESTMENT,KBSR,E&Y,184985000,2.76,510558600
19935,2016,ENLINK MIDSTREAM LLC,ENLC,KPMG,180049000,19.05,3429933450
19935,2017,ENLINK MIDSTREAM LLC,ENLC,KPMG,180601000,17.6,3178577600
19935,2018,ENLINK MIDSTREAM LLC,ENLC,KPMG,181310000,9.49,1720631900
19965,2016,POPE RESOURCES/DE  -LP,POPE,KPMG,4315000,66.3207,286173820.5
19965,2017,POPE RESOURCES/DE  -LP,POPE,KPMG,4311000,69.738,300640518
19965,2018,POPE RESOURCES/DE  -LP,POPE,KPMG,4313000,65.5,282501500
19966,2016,CIM COMMERICAL TRUST,CMCT,BDO Seidman,84048000,15.45,1298541600
19966,2017,CIM COMMERICAL TRUST,CMCT,BDO Seidman,43785000,19.1,836293500
19966,2018,CIM COMMERICAL TRUST,CMCT,BDO Seidman,43795000,15.18,664808100
19967,2018,APPLIED GENETIC TECHNOLOGIES,AGTC,E&Y,18126000,3.7,67066200
19974,2016,TPG SPECIALTY LENDING INC,TSLX,KPMG,59716000,18.68,1115494880
19974,2017,TPG SPECIALTY LENDING INC,TSLX,KPMG,60247000,19.8,1192890600
19974,2018,TPG SPECIALTY LENDING INC,TSLX,KPMG,65413000,18.09,1183321170
19985,2016,PATHEON NV,PTHN,E&Y,145074000,25.39,3683428860
19988,2017,MEDIWOUND LTD,MDWD,E&Y,27048000,4.45,120363600
19989,2016,AMBER ROAD INC,AMBR,KPMG,26926000,9.08,244488080
19989,2017,AMBER ROAD INC,AMBR,KPMG,27289000,7.34,200301260
19989,2018,AMBER ROAD INC,AMBR,KPMG,27841000,8.23,229131430
19998,2016,MEDPACE HOLDINGS INC,MEDP,Deloitte,40663000,36.07,1466714410
19998,2017,MEDPACE HOLDINGS INC,MEDP,Deloitte,35267000,36.26,1278781420
19998,2018,MEDPACE HOLDINGS INC,MEDP,Deloitte,35466000,52.93,1877215380
20003,2016,K2M GROUP HOLDINGS INC,KTWO,KPMG,42274000,20.04,847170960
20003,2017,K2M GROUP HOLDINGS INC,KTWO,KPMG,43374000,18,780732000
20004,2016,WEIBO CORP,WB,PwC,218076000,40.6,8853885600
20004,2017,WEIBO CORP,WB,PwC,222706000,103.46,23041162760
20004,2018,WEIBO CORP,WB,PwC,224838000,58.43,13137284340
20009,2016,LEJU HOLDINGS LTD  -ADR,LEJU,Deloitte,135504000,4.8,650419200
20009,2017,LEJU HOLDINGS LTD  -ADR,LEJU,Deloitte,135764000,1.44,195500160
20009,2018,LEJU HOLDINGS LTD  -ADR,LEJU,Deloitte,135764000,1.4,190069600
20010,2016,AGILE THERAPEUTICS INC,AGRX,E&Y,28760000,5.7,163932000
20010,2017,AGILE THERAPEUTICS INC,AGRX,E&Y,34186000,2.69,91960340
20010,2018,AGILE THERAPEUTICS INC,AGRX,E&Y,34377000,0.5759,19797714.3
20011,2016,TIMKENSTEEL CORP,TMST,E&Y,44200000,15.48,684216000
20011,2017,TIMKENSTEEL CORP,TMST,E&Y,44400000,15.19,674436000
20011,2018,TIMKENSTEEL CORP,TMST,E&Y,44600000,8.74,389804000
20018,2016,ALDEYRA THERAPEUTICS INC,ALDX,BDO Seidman,12576000,5.35,67281600
20018,2017,ALDEYRA THERAPEUTICS INC,ALDX,BDO Seidman,19138000,6.8,130138400
20018,2018,ALDEYRA THERAPEUTICS INC,ALDX,BDO Seidman,26244000,8.3,217825200
20019,2016,CVB FINANCIAL CORP,CVBF,KPMG,108252000,22.93,2482218360
20019,2017,CVB FINANCIAL CORP,CVBF,KPMG,110185000,23.56,2595958600
20019,2018,CVB FINANCIAL CORP,CVBF,KPMG,140000000,20.23,2832200000
20020,2016,CIVEO CORP,CVEO,E&Y,108103000,2.2,237826600
20020,2017,CIVEO CORP,CVEO,E&Y,132262000,2.73,361075260
20020,2018,CIVEO CORP,CVEO,E&Y,165932000,1.43,237282760
20029,2016,CAPITAL SOUTHWEST CORP,CSWC,Grant Thornton,16011000,16.91,270746010
20033,2016,ALDER BIOPHARMACEUTICALS INC,ALDR,PwC,50368000,20.8,1047654400
20033,2017,ALDER BIOPHARMACEUTICALS INC,ALDR,PwC,67843000,11.45,776802350
20033,2018,ALDER BIOPHARMACEUTICALS INC,ALDR,PwC,68411000,10.25,701212750
20040,2016,SCYNEXIS INC,SCYX,Deloitte,24609000,3.19,78502710
20040,2017,SCYNEXIS INC,SCYX,Deloitte,28972000,2.32,67215040
20040,2018,SCYNEXIS INC,SCYX,Deloitte,47972000,0.4817,23108112.4
20041,2016,TARENA INTL INC  -ADR,TEDU,KPMG,56055000,14.99,840264450
20041,2017,TARENA INTL INC  -ADR,TEDU,KPMG,56216000,14.99,842677840
20042,2016,ADAMAS PHARMACEUTICALS INC,ADMS,PwC,22014000,16.9,372036600
20042,2017,ADAMAS PHARMACEUTICALS INC,ADMS,PwC,23321000,33.89,790348690
20042,2018,ADAMAS PHARMACEUTICALS INC,ADMS,PwC,27434000,8.54,234286360
20067,2016,INTERCONTINENTAL HOTELS GRP,IHG,E&Y,197517000,44.33,8755928610
20067,2017,INTERCONTINENTAL HOTELS GRP,IHG,E&Y,189990000,63.51,12066264900
20067,2018,INTERCONTINENTAL HOTELS GRP,IHG,E&Y,190771000,54.59,10414188890
20088,2016,BOX INC,BOX,E&Y,127558000,17.07,2177415060
20088,2017,BOX INC,BOX,E&Y,134264000,22.24,2986031360
20088,2018,BOX INC,BOX,E&Y,141258000,20.92,2955117360
20089,2016,SERVICEMASTER GLOBAL HLDGS,SERV,Deloitte,135030000,37.67,5086580100
20089,2017,SERVICEMASTER GLOBAL HLDGS,SERV,Deloitte,135141000,51.27,6928679070
20089,2018,SERVICEMASTER GLOBAL HLDGS,SERV,Deloitte,135688000,36.74,4985177120
20109,2016,CAPITAL CITY BK GROUP INC,CCBG,E&Y,16845000,20.48,344985600
20109,2017,CAPITAL CITY BK GROUP INC,CCBG,E&Y,16989000,22.94,389727660
20109,2018,CAPITAL CITY BK GROUP INC,CCBG,E&Y,16748000,23.21,388721080
20113,2016,ZOE'S KITCHEN INC,ZOES,Deloitte,19460000,23.99,466845400
20113,2017,ZOE'S KITCHEN INC,ZOES,Deloitte,19556000,16.72,326976320
20115,2016,PHIBRO ANIMAL HEALTH CORP,PAHC,PwC,39408000,18.66,735353280
20115,2017,PHIBRO ANIMAL HEALTH CORP,PAHC,PwC,39876000,37.05,1477405800
20115,2018,PHIBRO ANIMAL HEALTH CORP,PAHC,PwC,40358000,46.05,1858485900
20116,2016,PAYCOM SOFTWARE INC,PAYC,Grant Thornton,57331000,45.49,2607987190
20116,2017,PAYCOM SOFTWARE INC,PAYC,Grant Thornton,57789000,80.33,4642190370
20116,2018,PAYCOM SOFTWARE INC,PAYC,Grant Thornton,57277000,122.45,7013568650
20126,2016,ADVANCED DRAINAGE SYSTEMS,WMS,Deloitte,55338000,21.9,1211902200
20126,2017,ADVANCED DRAINAGE SYSTEMS,WMS,Deloitte,56476000,25.9,1462728400
20126,2018,ADVANCED DRAINAGE SYSTEMS,WMS,Deloitte,57490000,25.77,1481517300
20128,2016,CHEETAH MOBILE INC  -ADR,CMCM,E&Y,138425000,9.56,1323343000
20128,2017,CHEETAH MOBILE INC  -ADR,CMCM,E&Y,140205000,12.08,1693676400
20128,2018,CHEETAH MOBILE INC  -ADR,CMCM,E&Y,136527000,6.11,834179970
20129,2016,MATERIALISE NV  -ADR,MTLS,BDO Seidman,47325000,7.68,363456000
20129,2017,MATERIALISE NV  -ADR,MTLS,BDO Seidman,47325000,12.71,601500750
20129,2018,MATERIALISE NV  -ADR,MTLS,BDO Seidman,52891000,20.03,1059406730
20130,2016,ATLANTICA YIELD PLC,AY,Deloitte,100217000,19.35,1939198950
20130,2017,ATLANTICA YIELD PLC,AY,Deloitte,100217000,21.21,2125602570
20130,2018,ATLANTICA YIELD PLC,AY,Deloitte,100217000,19.6,1964253200
20135,2016,QUOTIENT LTD,QTNT,E&Y,29568000,6.99,206680320
20135,2017,QUOTIENT LTD,QTNT,E&Y,45646000,4.71,214992660
20135,2018,QUOTIENT LTD,QTNT,E&Y,65900000,9.01,593759000
20143,2016,MTBC INC,MTBC,Grant Thornton,10052000,0.725,7287700
20143,2017,MTBC INC,MTBC,Grant Thornton,11531000,2.61,30095910
20143,2018,MTBC INC,MTBC,Grant Thornton,11830000,3.8,44954000
20149,2016,CENGAGE LEARNING HLDGS II,CNGO,PwC,68029000,16.25,1105471250
20149,2017,CENGAGE LEARNING HLDGS II,CNGO,PwC,61010000,6.25,381312500
20170,2016,TUNIU CORP  -ADR,TOUR,PwC,126162000,8.75,1103917500
20170,2017,TUNIU CORP  -ADR,TOUR,PwC,126316000,7.67,968843720
20170,2018,TUNIU CORP  -ADR,TOUR,PwC,123336000,4.86,599412960
20179,2016,GASLOG PARTNERS LP,GLOP,Deloitte,34395000,20.55,706817250
20179,2017,GASLOG PARTNERS LP,GLOP,Deloitte,41002000,24.75,1014799500
20179,2018,GASLOG PARTNERS LP,GLOP,Deloitte,45449000,19.8,899890200
20183,2016,CERULEAN PHARMA INC,CERU,Deloitte,28937000,0.7082,20493183.4
20185,2016,SCOTTS MIRACLE-GRO CO,SMG,Deloitte,60300000,83.27,5021181000
20185,2017,SCOTTS MIRACLE-GRO CO,SMG,Deloitte,58100000,97.34,5655454000
20185,2018,SCOTTS MIRACLE-GRO CO,SMG,Deloitte,55300000,78.73,4353769000
20196,2016,LUXOTTICA GROUP SPA,LUXTY,PwC,476977000,53.7,25613664900
20196,2017,LUXOTTICA GROUP SPA,LUXTY,PwC,478497000,61.421,29389764237
20204,2016,ICONIX BRAND GROUP INC,ICON,BDO Seidman,57037000,9.34,532725580
20204,2017,ICONIX BRAND GROUP INC,ICON,BDO Seidman,57339000,1.29,73967310
20204,2018,ICONIX BRAND GROUP INC,ICON,BDO Seidman,78390000,0.0835,6545565
20225,2016,MINERVA NEUROSCIENCES INC,NERV,Deloitte,35024000,11.75,411532000
20225,2017,MINERVA NEUROSCIENCES INC,NERV,Deloitte,38749000,6.05,234431450
20225,2018,MINERVA NEUROSCIENCES INC,NERV,Deloitte,38938000,6.74,262442120
20228,2016,CATALENT INC,CTLT,E&Y,124712000,22.99,2867128880
20228,2017,CATALENT INC,CTLT,E&Y,125050000,35.1,4389255000
20228,2018,CATALENT INC,CTLT,E&Y,133424000,41.89,5589131360
20229,2016,ZENDESK INC,ZEN,E&Y,96660000,21.2,2049192000
20229,2017,ZENDESK INC,ZEN,E&Y,103121000,33.84,3489614640
20229,2018,ZENDESK INC,ZEN,E&Y,108038000,58.37,6306178060
20232,2016,KEYSIGHT TECHNOLOGIES INC,KEYS,PwC,169998000,32.8,5575934400
20232,2017,KEYSIGHT TECHNOLOGIES INC,KEYS,PwC,186021000,44.67,8309558070
20232,2018,KEYSIGHT TECHNOLOGIES INC,KEYS,PwC,186840000,57.08,10664827200
20233,2016,THERAVANCE BIOPHARMA INC,TBPH,E&Y,52833000,31.88,1684316040
20233,2017,THERAVANCE BIOPHARMA INC,TBPH,E&Y,54381000,27.89,1516686090
20233,2018,THERAVANCE BIOPHARMA INC,TBPH,E&Y,55681000,25.59,1424876790
20235,2016,NOW INC,DNOW,E&Y,107475000,20.47,2200013250
20235,2017,NOW INC,DNOW,E&Y,108030000,11.03,1191570900
20235,2018,NOW INC,DNOW,E&Y,108427000,11.64,1262090280
20245,2016,CASCADIAN THERAPEUTICS INC,CASC,E&Y,22563000,4.31,97246530
20245,2017,CASCADIAN THERAPEUTICS INC,CASC,E&Y,50599000,3.7,187216300
20277,2016,OPUS BANK,OPB,KPMG,34277000,30.05,1030023850
20277,2017,OPUS BANK,OPB,KPMG,35915000,27.3,980479500
20280,2016,NEW YORK REIT INC,NYRT,KPMG,167066000,10.12,1690707920
20280,2017,NEW YORK REIT INC,NYRT,KPMG,167929000,3.93,659960970
20280,2018,NEW YORK REIT INC,NYRT,KPMG,16792000,14.18,238110560
20298,2016,PARSLEY ENERGY INC,PE,KPMG,179591000,35.24,6328786840
20298,2017,PARSLEY ENERGY INC,PE,KPMG,252260000,29.44,7426534400
20298,2018,PARSLEY ENERGY INC,PE,KPMG,280205000,15.98,4477675900
20330,2016,MOBILEIRON INC,MOBL,Deloitte,89066000,3.75,333997500
20330,2017,MOBILEIRON INC,MOBL,Deloitte,97204000,3.9,379095600
20330,2018,MOBILEIRON INC,MOBL,Deloitte,106207000,4.59,487490130
20331,2016,JUMEI INTL HOLDING LTD  -ADR,JMEI,PwC,149706000,5.01,750027060
20331,2017,JUMEI INTL HOLDING LTD  -ADR,JMEI,E&Y,149885000,2.92,437664200
20331,2018,JUMEI INTL HOLDING LTD  -ADR,JMEI,E&Y,124079000,1.83,227064570
20338,2016,COTT CORP QUE,COT,PwC,138591000,11.33,1570236030
20338,2017,COTT CORP QUE,COT,PwC,139489000,16.66,2323886740
20338,2018,COTT CORP QUE,COT,PwC,136195000,13.94,1898558300
20344,2016,WASHINGTON PRIME GROUP INC,WPG,E&Y,185427000,10.41,1930295070
20344,2017,WASHINGTON PRIME GROUP INC,WPG,E&Y,185791000,7.12,1322831920
20344,2018,WASHINGTON PRIME GROUP INC,WPG,E&Y,186074000,4.86,904319640
20412,2016,ARES MANAGEMENT CORP,ARES,E&Y,80815000,19.2,1551648000
20412,2017,ARES MANAGEMENT CORP,ARES,E&Y,82280000,20,1645600000
20412,2018,ARES MANAGEMENT CORP,ARES,E&Y,101594000,17.78,1806341320
20420,2016,ORION ENGINEERED CARBONS SA,OEC,E&Y,59320000,18.85,1118182000
20420,2017,ORION ENGINEERED CARBONS SA,OEC,E&Y,59320000,25.6,1518592000
20420,2018,ORION ENGINEERED CARBONS SA,OEC,E&Y,59519000,25.28,1504640320
20422,2016,HERITAGE INSURANCE HOLDINGS,HRTG,Grant Thornton,28840000,15.67,451922800
20422,2017,HERITAGE INSURANCE HOLDINGS,HRTG,Grant Thornton,25885000,18.02,466447700
20423,2016,CAESARS ENTERTAINMENT CORP,CZR,Deloitte,147000000,8.5,1249500000
20423,2017,CAESARS ENTERTAINMENT CORP,CZR,Deloitte,684000000,12.65,8652600000
20423,2018,CAESARS ENTERTAINMENT CORP,CZR,Deloitte,624000000,6.79,4236960000
20430,2016,SLM CORP,SLM,KPMG,428904000,11.02,4726522080
20430,2017,SLM CORP,SLM,KPMG,432376000,11.3,4885848800
20430,2018,SLM CORP,SLM,KPMG,435681000,8.31,3620509110
20473,2016,WESTLAKE CHEMICAL PRTNRS LP,WLKP,PwC,27060000,21.65,585849000
20473,2017,WESTLAKE CHEMICAL PRTNRS LP,WLKP,PwC,32235000,24.95,804263250
20473,2018,WESTLAKE CHEMICAL PRTNRS LP,WLKP,PwC,32247000,24.13,778120110
20481,2016,INTEGRITY GAMING CORP,IGAMF,KPMG,34549000,0.5149,17789280.1
20481,2017,INTEGRITY GAMING CORP,IGAMF,KPMG,35049000,0.1974,6918672.6
20488,2016,GOLDEN STAR RESOURCES LTD,GSS,PwC,335356000,0.7455,250007898
20488,2017,GOLDEN STAR RESOURCES LTD,GSS,PwC,380581000,0.89,338717090
20488,2018,GOLDEN STAR RESOURCES LTD,GSS,PwC,108819000,3.15,342779850
20496,2016,ATENTO SA,ATTO,E&Y,73909000,7.65,565403850
20496,2017,ATENTO SA,ATTO,E&Y,73909000,10.15,750176350
20496,2018,ATENTO SA,ATTO,E&Y,75071000,4.01,301034710
20502,2016,RAYONIER ADVANCED MATERIALS,RYAM,Grant Thornton,43262000,15.46,668830520
20502,2017,RAYONIER ADVANCED MATERIALS,RYAM,Grant Thornton,51717000,20.45,1057612650
20502,2018,RAYONIER ADVANCED MATERIALS,RYAM,Grant Thornton,49291000,10.65,524949150
20513,2016,MONTAGE RESOURCES CORP,MR,Grant Thornton,260592000,2.67,695780640
20513,2017,MONTAGE RESOURCES CORP,MR,Grant Thornton,262740000,2.4,630576000
20513,2018,MONTAGE RESOURCES CORP,MR,Grant Thornton,302536000,1.05,317662800
20526,2016,ZHAOPIN LTD  -ADR,ZPIN,PwC,62441000,14.53,907267730
20530,2016,ALIBABA GROUP HLDG,BABA,PwC,2503312000,107.83,2.69932E+11
20530,2017,ALIBABA GROUP HLDG,BABA,PwC,2546977000,183.54,4.67472E+11
20530,2018,ALIBABA GROUP HLDG,BABA,PwC,2587060000,182.45,4.72009E+11
20534,2016,VIPER ENERGY PARTNERS LP,VNOM,Grant Thornton,87800000,16,1404800000
20534,2017,VIPER ENERGY PARTNERS LP,VNOM,Grant Thornton,113882000,23.33,2656867060
20534,2018,VIPER ENERGY PARTNERS LP,VNOM,Grant Thornton,51654000,26.04,1345070160
20537,2016,JP ENERGY PARTNERS LP,JPEP,PwC,36656000,10.12,370958720
20539,2016,PBF LOGISTICS LP,PBFX,Deloitte,41731000,18.2,759504200
20539,2017,PBF LOGISTICS LP,PBFX,Deloitte,41901000,20.95,877825950
20539,2018,PBF LOGISTICS LP,PBFX,Deloitte,45349000,20.1,911514900
20540,2016,TRUECAR INC,TRUE,PwC,86160000,12.5,1077000000
20540,2017,TRUECAR INC,TRUE,PwC,100429000,11.2,1124804800
20540,2018,TRUECAR INC,TRUE,PwC,104338000,9.06,945302280
20548,2016,CABOT OIL & GAS CORP,COG,PwC,465150000,23.36,10865904000
20548,2017,CABOT OIL & GAS CORP,COG,PwC,460611000,28.6,13173474600
20548,2018,CABOT OIL & GAS CORP,COG,PwC,422685000,22.35,9447009750
20550,2016,ALCENTRA CAPITAL CORP,ABDC,KPMG,13452000,11.97,161020440
20550,2017,ALCENTRA CAPITAL CORP,ABDC,KPMG,14223000,8.39,119330970
20550,2018,ALCENTRA CAPITAL CORP,ABDC,KPMG,13105000,6.47,84789350
20554,2016,NANOVIBRONIX INC,NAOV,E&Y,4584000,5.96,27320640
20554,2017,NANOVIBRONIX INC,NAOV,E&Y,6419000,4.68,30040920
20567,2016,MARINUS PHARMACEUTICALS INC,MRNS,KPMG,19705000,1.01,19902050
20567,2017,MARINUS PHARMACEUTICALS INC,MRNS,KPMG,40521000,8.16,330651360
20567,2018,MARINUS PHARMACEUTICALS INC,MRNS,KPMG,52519000,2.87,150729530
20570,2016,MDC PARTNERS INC,MDCA,BDO Seidman,52802000,6.55,345853100
20570,2017,MDC PARTNERS INC,MDCA,BDO Seidman,56375000,9.75,549656250
20570,2018,MDC PARTNERS INC,MDCA,BDO Seidman,57522000,2.61,150132420
20600,2016,NOVAGOLD RESOURCES LTD,NG,PwC,320016000,4.58,1465673280
20600,2017,NOVAGOLD RESOURCES LTD,NG,PwC,322219000,3.85,1240543150
20600,2018,NOVAGOLD RESOURCES LTD,NG,PwC,323223000,3.67,1186228410
20619,2016,NEXEO SOLUTIONS INC,NXEO,PwC,89287000,8.24,735724880
20619,2017,NEXEO SOLUTIONS INC,NXEO,PwC,89344000,7.3,652211200
20619,2018,NEXEO SOLUTIONS INC,NXEO,PwC,89728000,12.25,1099168000
20628,2017,INVESTAR HOLDING CORP,ISTR,E&Y,9515000,24.1,229311500
20628,2018,INVESTAR HOLDING CORP,ISTR,E&Y,9484000,24.8,235203200
20643,2016,KITE PHARMA INC,KITE,E&Y,50083000,44.84,2245721720
20644,2016,GOPRO INC,GPRO,PwC,141359000,8.71,1231236890
20644,2017,GOPRO INC,GPRO,PwC,137000000,7.57,1037090000
20644,2018,GOPRO INC,GPRO,PwC,141067000,4.24,598124080
20645,2016,ARDELYX INC,ARDX,E&Y,47309000,14.2,671787800
20645,2017,ARDELYX INC,ARDX,E&Y,47535000,6.6,313731000
20645,2018,ARDELYX INC,ARDX,E&Y,62517000,1.79,111905430
20649,2016,SYNDAX PHARMACEUTICALS INC,SNDX,Deloitte,18215000,7.17,130601550
20649,2017,SYNDAX PHARMACEUTICALS INC,SNDX,Deloitte,24390000,8.76,213656400
20649,2018,SYNDAX PHARMACEUTICALS INC,SNDX,Deloitte,24836000,4.45,110520200
20653,2016,DENBURY RESOURCES INC,DNR,PwC,398428000,3.68,1466215040
20653,2017,DENBURY RESOURCES INC,DNR,PwC,402092000,2.21,888623320
20653,2018,DENBURY RESOURCES INC,DNR,PwC,460414000,1.71,787307940
20654,2016,PARNELL PHARMACEUTICAL HLDGS,PARNF,PwC,18146000,0.6901,12522554.6
20654,2018,PARNELL PHARMACEUTICAL HLDGS,PARNF,PwC,18024000,0.158,2847792
20655,2016,NEXTERA ENERGY PARTNERS LP,NEP,Deloitte,54200000,25.54,1384268000
20655,2017,NEXTERA ENERGY PARTNERS LP,NEP,Deloitte,54300000,43.11,2340873000
20655,2018,NEXTERA ENERGY PARTNERS LP,NEP,Deloitte,56100000,43.05,2415105000
20659,2016,AMPHASTAR PHARMACEUTICLS INC,AMPH,E&Y,46249000,18.42,851906580
20659,2017,AMPHASTAR PHARMACEUTICLS INC,AMPH,E&Y,46624000,19.24,897045760
20659,2018,AMPHASTAR PHARMACEUTICLS INC,AMPH,E&Y,46631000,19.9,927956900
20661,2016,VECTRUS INC,VEC,Deloitte,10895000,23.85,259845750
20661,2017,VECTRUS INC,VEC,Deloitte,11121000,30.85,343082850
20661,2018,VECTRUS INC,VEC,Deloitte,11267000,21.58,243141860
20670,2016,PAN AMERICAN SILVER CORP,PAAS,Deloitte,152335000,15.07,2295688450
20670,2017,PAN AMERICAN SILVER CORP,PAAS,Deloitte,153303000,15.56,2385394680
20670,2018,PAN AMERICAN SILVER CORP,PAAS,Deloitte,153448000,14.6,2240340800
20675,2016,SORRENTO TECH INC,ROKA,PwC,5003000,4.24,21212720
20686,2016,SYNCHRONY FINANCIAL,SYF,KPMG,817352000,36.27,29645357040
20686,2017,SYNCHRONY FINANCIAL,SYF,KPMG,770531000,38.61,29750201910
20686,2018,SYNCHRONY FINANCIAL,SYF,KPMG,718759000,23.46,16862086140
20692,2016,KIMBALL ELECTRONICS INC,KE,Deloitte,28220000,12.45,351339000
20692,2017,KIMBALL ELECTRONICS INC,KE,Deloitte,26838000,18.05,484425900
20692,2018,KIMBALL ELECTRONICS INC,KE,Deloitte,26532000,18.3,485535600
20693,2016,NORTHSTAR ASSET MGMT GRP INC,NSAM,Grant Thornton,188430000,14.92,2811375600
20696,2016,MASONITE INTERNATIONAL CORP,DOOR,Deloitte,29775000,65.8,1959195000
20696,2017,MASONITE INTERNATIONAL CORP,DOOR,E&Y,28370000,74.15,2103635500
20696,2018,MASONITE INTERNATIONAL CORP,DOOR,E&Y,25836000,44.83,1158227880
20699,2016,LIBERTY TRIPADVISOR HOLDINGS,LTRPA,KPMG,74976000,15.05,1128388800
20699,2017,LIBERTY TRIPADVISOR HOLDINGS,LTRPA,KPMG,75057000,9.425,707412225
20699,2018,LIBERTY TRIPADVISOR HOLDINGS,LTRPA,KPMG,75077000,15.89,1192973530
20739,2016,TERRAFORM POWER INC,TERP,KPMG,92223000,12.81,1181376630
20739,2017,TERRAFORM POWER INC,TERP,KPMG,148086000,11.96,1771108560
20739,2018,TERRAFORM POWER INC,TERP,E&Y,209142000,11.22,2346573240
20740,2016,SPARK ENERGY INC,SPKE,KPMG,6497000,30.3,196859100
20740,2017,SPARK ENERGY INC,SPKE,KPMG,13136000,12.4,162886400
20740,2018,SPARK ENERGY INC,SPKE,E&Y,14079000,7.43,104606970
20742,2016,ZAFGEN INC,ZFGN,PwC,27333000,3.18,86918940
20742,2017,ZAFGEN INC,ZFGN,PwC,27489000,4.62,126999180
20742,2018,ZAFGEN INC,ZFGN,PwC,37287000,4.95,184570650
20747,2016,TESCO CORP,TESO,E&Y,46688000,8.25,385176000
20748,2016,ARISTA NETWORKS INC,ANET,E&Y,70811000,96.77,6852380470
20748,2017,ARISTA NETWORKS INC,ANET,E&Y,73706000,235.58,17363659480
20748,2018,ARISTA NETWORKS INC,ANET,E&Y,75668000,210.7,15943247600
20779,2016,CISCO SYSTEMS INC,CSCO,PwC,5029000000,30.53,1.53535E+11
20779,2017,CISCO SYSTEMS INC,CSCO,PwC,4983000000,31.45,1.56715E+11
20779,2018,CISCO SYSTEMS INC,CSCO,PwC,4614000000,42.29,1.95126E+11
20791,2016,BLACKSTONE MORTGAGE TR INC,BXMT,Deloitte,94540000,30.07,2842817800
20791,2017,BLACKSTONE MORTGAGE TR INC,BXMT,Deloitte,107884000,32.18,3471707120
20791,2018,BLACKSTONE MORTGAGE TR INC,BXMT,Deloitte,123436000,31.86,3932670960
20798,2016,PFENEX INC,PFNX,KPMG,23430000,9.07,212510100
20798,2017,PFENEX INC,PFNX,KPMG,23548000,2.66,62637680
20798,2018,PFENEX INC,PFNX,KPMG,31468000,3.19,100382920
20801,2016,KINAXIS INC,KXSCF,KPMG,24940000,45.24,1128285600
20801,2017,KINAXIS INC,KXSCF,KPMG,25508000,61.5,1568742000
20801,2018,KINAXIS INC,KXSCF,KPMG,26078000,46.43365,1210896725
20823,2016,HEALTHEQUITY INC,HQY,PwC,59538000,46.25,2753632500
20823,2017,HEALTHEQUITY INC,HQY,PwC,60825000,50.62,3078961500
20823,2018,HEALTHEQUITY INC,HQY,PwC,62446000,62.34,3892883640
20904,2016,HOLOGIC INC,HOLX,E&Y,277726000,38.83,10784100580
20904,2017,HOLOGIC INC,HOLX,E&Y,275293000,36.69,10100500170
20904,2018,HOLOGIC INC,HOLX,E&Y,270088000,40.98,11068206240
20935,2016,TRUPANION INC,TRUP,E&Y,29499000,15.52,457824480
20935,2017,TRUPANION INC,TRUP,E&Y,30121000,29.27,881641670
20935,2018,TRUPANION INC,TRUP,E&Y,34025000,25.46,866276500
20943,2016,SAGE THERAPEUTICS INC,SAGE,PwC,37222000,51.06,1900555320
20943,2017,SAGE THERAPEUTICS INC,SAGE,PwC,42003000,164.71,6918314130
20943,2018,SAGE THERAPEUTICS INC,SAGE,PwC,46888000,95.79,4491401520
20944,2016,SHELL MIDSTREAM PARTNERS LP,SHLX,E&Y,177317000,29.09,5158151530
20944,2017,SHELL MIDSTREAM PARTNERS LP,SHLX,E&Y,187782000,29.82,5599659240
20944,2018,SHELL MIDSTREAM PARTNERS LP,SHLX,E&Y,223812000,16.41,3672754920
20949,2016,MOBILEYE NV,MBBYF,PwC,221738000,38.12,8452652560
20950,2016,VTTI ENERGY PARTNRS LP,VTTI,E&Y,45721000,16.15,738394150
20951,2016,INNOCOLL HOLDINGS PLC,INNL,Grant Thornton,29748000,0.69,20526120
20960,2016,CANNAE HOLDINGS INC,CNNE,KPMG,66417000,13.7,909912900
20960,2017,CANNAE HOLDINGS INC,CNNE,Deloitte,70900000,17.03,1207427000
20960,2018,CANNAE HOLDINGS INC,CNNE,Deloitte,72224000,17.12,1236474880
20961,2018,ANTERIX INC,ATEX,Grant Thornton,14739000,35.16,518223240
20967,2016,PARAGON OFFSHORE PLC,PGNPQ,PwC,88439000,0.225,19898775
21000,2016,HELIUS MEDICAL TECHNOLOGIES,HSDT,BDO Seidman,84631000,1.378,116621518
21000,2017,HELIUS MEDICAL TECHNOLOGIES,HSDT,BDO Seidman,100891000,2.4643,248625691.3
21000,2018,HELIUS MEDICAL TECHNOLOGIES,HSDT,BDO Seidman,25828000,9.16,236584480
21002,2016,CYBERARK SOFTWARE LTD,CYBR,E&Y,34251000,45.5,1558420500
21002,2017,CYBERARK SOFTWARE LTD,CYBR,E&Y,35275000,41.39,1460032250
21002,2018,CYBERARK SOFTWARE LTD,CYBR,E&Y,36839000,74.14,2731243460
21004,2016,LANTHEUS HOLDINGS INC,LNTH,Deloitte,36756000,8.6,316101600
21004,2017,LANTHEUS HOLDINGS INC,LNTH,Deloitte,37765000,20.45,772294250
21004,2018,LANTHEUS HOLDINGS INC,LNTH,Deloitte,38466000,15.65,601992900
21006,2016,INTERSECT ENT INC,XENT,E&Y,28673000,12.1,346943300
21006,2017,INTERSECT ENT INC,XENT,E&Y,29678000,32.4,961567200
21006,2018,INTERSECT ENT INC,XENT,E&Y,30745000,28.18,866394100
21008,2016,IMMUNE DESIGN CORP,IMDZ,E&Y,25413000,5.5,139771500
21008,2017,IMMUNE DESIGN CORP,IMDZ,E&Y,48069000,3.9,187469100
21008,2018,IMMUNE DESIGN CORP,IMDZ,E&Y,48211000,1.3,62674300
21012,2016,ATARA BIOTHERAPEUTICS INC,ATRA,Deloitte,28933000,14.2,410848600
21012,2017,ATARA BIOTHERAPEUTICS INC,ATRA,Deloitte,30730000,18.1,556213000
21012,2018,ATARA BIOTHERAPEUTICS INC,ATRA,Deloitte,45951000,34.74,1596337740
21015,2016,OCULAR THERAPEUTIX INC,OCUL,PwC,25024000,8.37,209450880
21015,2017,OCULAR THERAPEUTIX INC,OCUL,PwC,29658000,4.45,131978100
21015,2018,OCULAR THERAPEUTIX INC,OCUL,PwC,41518000,3.98,165241640
21016,2017,LOXO ONCOLOGY INC,LOXO,E&Y,29992000,84.18,2524726560
21019,2016,BRIGHTSPHERE INVEST GRP INC,BSIG,KPMG,114158000,14.5,1655291000
21019,2017,BRIGHTSPHERE INVEST GRP INC,BSIG,KPMG,109720000,16.75,1837810000
21019,2018,BRIGHTSPHERE INVEST GRP INC,BSIG,KPMG,105160000,10.68,1123108800
21020,2016,ADVERUM BIOTECHNOLOGIES,ADVM,Deloitte,41805000,2.9,121234500
21020,2017,ADVERUM BIOTECHNOLOGIES,ADVM,Deloitte,49015000,3.5,171552500
21020,2018,ADVERUM BIOTECHNOLOGIES,ADVM,E&Y,62965000,3.15,198339750
21033,2016,T2 BIOSYSTEMS INC,TTOO,E&Y,30483000,5.26,160340580
21033,2017,T2 BIOSYSTEMS INC,TTOO,E&Y,35949000,4.12,148109880
21033,2018,T2 BIOSYSTEMS INC,TTOO,BDO Seidman,44175000,3.01,132966750
21047,2016,DIPLOMAT PHARMACY INC,DPLO,BDO Seidman,66765000,12.6,841239000
21047,2017,DIPLOMAT PHARMACY INC,DPLO,BDO Seidman,73871000,20.07,1482590970
21047,2018,DIPLOMAT PHARMACY INC,DPLO,BDO Seidman,74475000,13.46,1002433500
21048,2016,HOEGH LNG PARTNERS LP,HMLP,E&Y,32911000,19,625309000
21048,2017,HOEGH LNG PARTNERS LP,HMLP,E&Y,32921000,18.65,613976650
21048,2018,HOEGH LNG PARTNERS LP,HMLP,E&Y,33202000,15.35,509650700
21073,2016,MONOGRAM RESIDENTIAL TRUST,MORE,Deloitte,166833000,10.82,1805133060
21079,2016,STATE NATIONAL COS INC,SNC,E&Y,41924000,13.86,581066640
21103,2016,REWALK ROBOTICS LTD,RWLK,E&Y,16338000,2.8,45746400
21103,2017,REWALK ROBOTICS LTD,RWLK,E&Y,30004000,1.1,33004400
21103,2018,REWALK ROBOTICS LTD,RWLK,E&Y,70328000,0.1741,12244104.8
21118,2016,ACCELERATE DIAGNOSTICS INC,AXDX,E&Y,51516000,20.75,1068957000
21118,2017,ACCELERATE DIAGNOSTICS INC,AXDX,E&Y,55674000,26.2,1458658800
21118,2018,ACCELERATE DIAGNOSTICS INC,AXDX,E&Y,54232000,11.5,623668000
21124,2016,EL POLLO LOCO HOLDINGS INC,LOCO,BDO Seidman,38474000,12.3,473230200
21124,2017,EL POLLO LOCO HOLDINGS INC,LOCO,BDO Seidman,38662000,9.9,382753800
21124,2018,EL POLLO LOCO HOLDINGS INC,LOCO,BDO Seidman,39009000,15.17,591766530
21132,2016,FIBROCELL SCIENCE INC,FCSC,PwC,44059000,0.63,27757170
21132,2017,FIBROCELL SCIENCE INC,FCSC,PwC,25940000,0.64,16601600
21132,2018,FIBROCELL SCIENCE INC,FCSC,PwC,9758000,1.5,14637000
21138,2016,RIGHTSIDE GROUP LTD,NAME,PwC,19539000,8.27,161587530
21145,2016,OTONOMY INC,OTIC,E&Y,30255000,15.9,481054500
21145,2017,OTONOMY INC,OTIC,E&Y,30559000,5.55,169602450
21145,2018,OTONOMY INC,OTIC,E&Y,30685000,1.85,56767250
21165,2016,INDEPENDENCE CONTRACT DRLLNG,ICD,BDO Seidman,37618000,6.7,252040600
21165,2017,INDEPENDENCE CONTRACT DRLLNG,ICD,BDO Seidman,37985000,3.98,151180300
21165,2018,INDEPENDENCE CONTRACT DRLLNG,ICD,BDO Seidman,77078000,3.12,240483360
21208,2016,AURIS MEDICAL HOLDING LTD,EARS,Deloitte,34330000,1.07,36733100
21208,2017,AURIS MEDICAL HOLDING LTD,EARS,Deloitte,48374000,0.5905,28564847
21208,2018,AURIS MEDICAL HOLDING LTD,EARS,Deloitte,35517000,0.456,16195752
21209,2016,VASCULAR BIOGENICS LTD,VBLT,PwC,26902000,4.85,130474700
21209,2017,VASCULAR BIOGENICS LTD,VBLT,PwC,29879000,7.1,212140900
21209,2018,VASCULAR BIOGENICS LTD,VBLT,PwC,35881000,0.97,34804570
21223,2016,CONTRAFECT CORP,CFRX,E&Y,41656000,1.75,72898000
21223,2017,CONTRAFECT CORP,CFRX,E&Y,73656000,1.01,74392560
21223,2018,CONTRAFECT CORP,CFRX,E&Y,79410000,1.53,121497300
21227,2016,LIBERTY BROADBAND CORP,LBRDK,KPMG,181739000,74.07,13461407730
21227,2017,LIBERTY BROADBAND CORP,LBRDK,KPMG,181320000,85.16,15441211200
21227,2018,LIBERTY BROADBAND CORP,LBRDK,KPMG,181358000,72.03,13063216740
21237,2016,TETRA TECHNOLOGIES INC/DE,TTI,E&Y,114985000,5.02,577224700
21237,2017,TETRA TECHNOLOGIES INC/DE,TTI,E&Y,115878000,4.27,494799060
21237,2018,TETRA TECHNOLOGIES INC/DE,TTI,E&Y,125738000,1.68,211239840
21238,2016,VICOR CORP,VICR,KPMG,39009000,15.1,589035900
21238,2017,VICOR CORP,VICR,KPMG,39411000,20.9,823689900
21238,2018,VICOR CORP,VICR,KPMG,40189000,37.79,1518742310
21326,2016,GREEN BANCORP INC,GNBC,Deloitte,36988000,15.2,562217600
21326,2017,GREEN BANCORP INC,GNBC,Deloitte,37103000,20.3,753190900
21352,2016,AVANOS MEDICAL INC,AVNS,Deloitte,46629000,36.98,1724340420
21352,2017,AVANOS MEDICAL INC,AVNS,Deloitte,46804000,46.18,2161408720
21352,2018,AVANOS MEDICAL INC,AVNS,Deloitte,47312000,44.79,2119104480
21362,2016,TOKAI PHARMACEUTICALS INC,TKAI,PwC,22642000,0.9779,22141611.8
21429,2016,GRANITE CONSTRUCTION INC,GVA,PwC,39621000,55,2179155000
21429,2017,GRANITE CONSTRUCTION INC,GVA,PwC,39871000,63.43,2529017530
21429,2018,GRANITE CONSTRUCTION INC,GVA,PwC,46666000,40.28,1879706480
21431,2016,CALIFORNIA RESOURCES CORP,CRC,KPMG,42543000,21.29,905740470
21431,2017,CALIFORNIA RESOURCES CORP,CRC,KPMG,42902000,19.44,834014880
21431,2018,CALIFORNIA RESOURCES CORP,CRC,KPMG,48650000,17.04,828996000
21433,2016,ZAYO GROUP HOLDINGS INC,ZAYO,KPMG,242649000,27.93,6777186570
21433,2017,ZAYO GROUP HOLDINGS INC,ZAYO,KPMG,246472000,30.9,7615984800
21433,2018,ZAYO GROUP HOLDINGS INC,ZAYO,KPMG,246438000,36.48,8990058240
21440,2016,LANDSTAR SYSTEM INC,LSTR,KPMG,41838000,85.3,3568781400
21440,2017,LANDSTAR SYSTEM INC,LSTR,KPMG,41991000,104.1,4371263100
21440,2018,LANDSTAR SYSTEM INC,LSTR,KPMG,40116000,95.67,3837897720
21451,2016,CNOVA NV,CNVAF,E&Y,344507000,5.48,1887898360
21452,2016,FORWARD PHARMA A/S  -ADR,FWP,E&Y,47144000,15,707160000
21452,2017,FORWARD PHARMA A/S  -ADR,FWP,E&Y,47184000,3.68,173637120
21452,2018,FORWARD PHARMA A/S  -ADR,FWP,E&Y,47537000,0.78,37078860
21487,2016,B/E AEROSPACE INC,BEAV,Deloitte,101500000,60.19,6109285000
21503,2016,KEMPER CORP/DE,KMPR,Deloitte,51271000,44.3,2271305300
21503,2017,KEMPER CORP/DE,KMPR,Deloitte,51462000,68.9,3545731800
21503,2018,KEMPER CORP/DE,KMPR,Deloitte,64757000,66.38,4298569660
21515,2016,UNIVAR INC,UNVR,E&Y,138800000,28.37,3937756000
21515,2017,UNIVAR INC,UNVR,E&Y,141100000,30.96,4368456000
21515,2018,UNIVAR INC,UNVR,E&Y,141700000,17.74,2513758000
21520,2016,CORINDUS VASCULAR ROBOTICS,CVRS,E&Y,119025000,0.6984,83127060
21520,2017,CORINDUS VASCULAR ROBOTICS,CVRS,E&Y,188765000,1.01,190652650
21520,2018,CORINDUS VASCULAR ROBOTICS,CVRS,E&Y,191731000,0.84,161054040
21522,2016,FOAMIX PHARMACEUTICALS LTD,FOMX,PwC,37168000,11.1,412564800
21522,2018,FOAMIX PHARMACEUTICALS LTD,FOMX,PwC,54351000,3.59,195120090
21524,2016,PROQR THERAPEUTICS NV,PRQR,Deloitte,23347000,4.9,114400300
21524,2017,PROQR THERAPEUTICS NV,PRQR,Deloitte,36425000,3.225,117470625
21524,2018,PROQR THERAPEUTICS NV,PRQR,Deloitte,38873000,15.78,613415940
21540,2016,WAYFAIR INC,W,E&Y,85831000,35.05,3008376550
21540,2017,WAYFAIR INC,W,E&Y,88209000,80.27,7080536430
21540,2018,WAYFAIR INC,W,E&Y,90748000,90.08,8174579840
21542,2016,AAON INC,AAON,Grant Thornton,52651000,33.05,1740115550
21542,2017,AAON INC,AAON,Grant Thornton,52423000,36.7,1923924100
21542,2018,AAON INC,AAON,Grant Thornton,51991000,35.06,1822804460
21601,2017,RHYTHM PHARMACEUTICLS,RYTM,E&Y,27284000,29.06,792873040
21601,2018,RHYTHM PHARMACEUTICLS,RYTM,E&Y,34411000,26.88,924967680
21604,2016,PARAMOUNT GROUP INC,PGRE,Deloitte,230015000,15.99,3677939850
21604,2017,PARAMOUNT GROUP INC,PGRE,Deloitte,240427000,15.85,3810767950
21604,2018,PARAMOUNT GROUP INC,PGRE,Deloitte,233136000,12.56,2928188160
21616,2016,GREAT WESTERN BANCORP INC,GWB,E&Y,58693000,33.32,1955650760
21616,2017,GREAT WESTERN BANCORP INC,GWB,E&Y,58834000,41.28,2428667520
21616,2018,GREAT WESTERN BANCORP INC,GWB,E&Y,58917000,42.19,2485708230
21617,2016,DERMIRA INC,DERM,E&Y,35652000,30.33,1081325160
21617,2017,DERMIRA INC,DERM,E&Y,41798000,27.81,1162402380
21617,2018,DERMIRA INC,DERM,E&Y,42328000,7.19,304338320
21619,2016,JAGUAR ANIMAL HEALTH INC-OLD,JAGX.1,BDO Seidman,14007000,0.716,10029012
21626,2016,VIVINT SOLAR INC,VSLR,E&Y,110245000,2.55,281124750
21626,2017,VIVINT SOLAR INC,VSLR,E&Y,115099000,4.05,466150950
21626,2018,VIVINT SOLAR INC,VSLR,E&Y,120114000,3.81,457634340
21627,2016,CALITHERA BIOSCIENCES INC,CALA,E&Y,21502000,3.25,69881500
21627,2017,CALITHERA BIOSCIENCES INC,CALA,E&Y,35759000,8.35,298587650
21627,2018,CALITHERA BIOSCIENCES INC,CALA,E&Y,38834000,4.01,155724340
21628,2016,USD PARTNERS LP,USDP,BDO Seidman,22695000,15.8,358581000
21628,2017,USD PARTNERS LP,USDP,BDO Seidman,25899000,11.25,291363750
21628,2018,USD PARTNERS LP,USDP,BDO Seidman,26140000,10.45,273163000
21630,2016,STORE CAPITAL CORP,STOR,E&Y,159342000,24.71,3937340820
21630,2017,STORE CAPITAL CORP,STOR,E&Y,193767000,26.04,5045692680
21630,2018,STORE CAPITAL CORP,STOR,E&Y,221072000,28.31,6258548320
21633,2016,VERITEX HOLDINGS INC,VBTX,Grant Thornton,15167000,26.71,405110570
21633,2017,VERITEX HOLDINGS INC,VBTX,Grant Thornton,24090000,27.59,664643100
21633,2018,VERITEX HOLDINGS INC,VBTX,Grant Thornton,24254000,21.38,518550520
21635,2016,AFFIMED NV,AFMD,KPMG,33263000,1.8,59873400
21635,2017,AFFIMED NV,AFMD,KPMG,46791000,1.3,60828300
21635,2018,AFFIMED NV,AFMD,KPMG,62430000,3.11,194157300
21652,2016,CNX MIDSTREAM PARTNERS LP,CNXM,E&Y,63526000,23.55,1496037300
21652,2017,CNX MIDSTREAM PARTNERS LP,CNXM,E&Y,63588000,16.77,1066370760
21652,2018,CNX MIDSTREAM PARTNERS LP,CNXM,E&Y,63640000,16.28,1036059200
21696,2016,FIFTH STREET ASSET MGMT INC,FSAM,PwC,6602000,6.7,44233400
21739,2016,PRA HEALTH SCIENCES INC,PRAH,Deloitte,61598000,55.12,3395281760
21739,2017,PRA HEALTH SCIENCES INC,PRAH,Deloitte,63624000,91.07,5794237680
21739,2018,PRA HEALTH SCIENCES INC,PRAH,Deloitte,65395000,91.96,6013724200
21743,2016,NVE CORP,NVEC,Grant Thornton,4841000,82.79,400786390
21743,2017,NVE CORP,NVEC,Grant Thornton,4842000,83.11,402418620
21743,2018,NVE CORP,NVEC,Grant Thornton,4846000,97.89,474374940
21744,2016,XENON PHARMACEUTICALS INC,XENE,KPMG,17931000,7.7,138068700
21744,2017,XENON PHARMACEUTICALS INC,XENE,KPMG,17998000,2.825,50844350
21744,2018,XENON PHARMACEUTICALS INC,XENE,KPMG,25751000,6.31,162488810
21761,2016,CDK GLOBAL INC,CDK,Deloitte,150100000,55.49,8329049000
21761,2017,CDK GLOBAL INC,CDK,Deloitte,140000000,62.06,8688400000
21761,2018,CDK GLOBAL INC,CDK,Deloitte,130100000,65.05,8463005000
21777,2016,MERIT MEDICAL SYSTEMS INC,MMSI,Deloitte,44645000,26.5,1183092500
21777,2017,MERIT MEDICAL SYSTEMS INC,MMSI,Deloitte,50248000,43.2,2170713600
21777,2018,MERIT MEDICAL SYSTEMS INC,MMSI,Deloitte,54893000,55.81,3063578330
21798,2016,FRESHPET INC,FRPT,KPMG,33962000,10.15,344714300
21798,2017,FRESHPET INC,FRPT,KPMG,35133000,18.95,665770350
21798,2018,FRESHPET INC,FRPT,KPMG,35542000,32.16,1143030720
21799,2018,VICTORY CPTL HLDGS INC,VCTR,E&Y,67562000,10.22,690483640
21801,2016,VWR CORP,VWR,KPMG,131600000,25.03,3293948000
21802,2016,PROTEON THERAPEUTICS INC,PRTO,E&Y,16604000,1.9,31547600
21802,2017,PROTEON THERAPEUTICS INC,PRTO,E&Y,17675000,1.9,33582500
21802,2018,PROTEON THERAPEUTICS INC,PRTO,E&Y,19244000,2.27,43683880
21808,2016,ELDORADO RESORTS INC,ERI,E&Y,47106000,16.95,798446700
21808,2017,ELDORADO RESORTS INC,ERI,E&Y,76826000,33.15,2546781900
21808,2018,ELDORADO RESORTS INC,ERI,E&Y,77215000,36.21,2795955150
21814,2016,SKY SOLAR HLDGS LTD -ADR,SKYS,Deloitte,52443000,2.23,116947890
21814,2017,SKY SOLAR HLDGS LTD -ADR,SKYS,BDO Seidman,52443000,1.5,78664500
21814,2018,SKY SOLAR HLDGS LTD -ADR,SKYS,Deloitte,52443000,0.5301,27800034.3
21815,2018,TRIUMPH BANCORP INC,TBK,E&Y,26950000,29.7,800415000
21816,2016,TRAVELPORT WORLDWIDE LTD,TVPT,Deloitte,124032000,14.1,1748851200
21816,2017,TRAVELPORT WORLDWIDE LTD,TVPT,Deloitte,125347000,13.07,1638285290
21816,2018,TRAVELPORT WORLDWIDE LTD,TVPT,Deloitte,126436000,15.62,1974930320
21818,2016,NEURODERM LTD,NDRM,PwC,26335000,22.2,584637000
21825,2016,CITIZENS FINANCIAL GROUP INC,CFG,Deloitte,511955000,35.63,18240956650
21825,2017,CITIZENS FINANCIAL GROUP INC,CFG,Deloitte,490813000,41.98,20604329740
21825,2018,CITIZENS FINANCIAL GROUP INC,CFG,Deloitte,466008000,29.73,13854417840
21826,2016,GREAT BASIN SCIENTIFIC INC,GBSNQ,BDO Seidman,765000,1.71,1308150
21833,2017,HESS MIDSTREAM PARTNERS LP,HESM,E&Y,54559000,19.81,1080813790
21833,2018,HESS MIDSTREAM PARTNERS LP,HESM,E&Y,54577000,16.98,926717460
21834,2016,MAMMOTH ENERGY SERVICES INC,TUSK,Grant Thornton,37500000,15.2,570000000
21834,2017,MAMMOTH ENERGY SERVICES INC,TUSK,Grant Thornton,44589000,19.63,875282070
21834,2018,MAMMOTH ENERGY SERVICES INC,TUSK,Grant Thornton,44877000,17.98,806888460
21841,2016,COHERUS BIOSCIENCES INC,CHRS,E&Y,45808000,28.15,1289495200
21841,2017,COHERUS BIOSCIENCES INC,CHRS,E&Y,59840000,8.8,526592000
21841,2018,COHERUS BIOSCIENCES INC,CHRS,E&Y,68303000,9.05,618142150
21845,2016,METALDYNE PERFORMANCE GROUP,MPG,Deloitte,65700000,22.95,1507815000
21847,2016,HUBSPOT INC,HUBS,PwC,35784000,47,1681848000
21847,2017,HUBSPOT INC,HUBS,PwC,37503000,88.4,3315265200
21847,2018,HUBSPOT INC,HUBS,PwC,39300000,125.73,4941189000
21867,2016,MEDEQUITIES REALTY TRUST INC,MRT,KPMG,31757000,11.1,352502700
21867,2017,MEDEQUITIES REALTY TRUST INC,MRT,KPMG,31836000,11.22,357199920
21867,2018,MEDEQUITIES REALTY TRUST INC,MRT,KPMG,31841000,6.84,217792440
21898,2016,BOOT BARN HOLDINGS INC,BOOT,Deloitte,26561000,9.89,262688290
21898,2017,BOOT BARN HOLDINGS INC,BOOT,Deloitte,27300000,17.73,484029000
21898,2018,BOOT BARN HOLDINGS INC,BOOT,Deloitte,28348000,29.44,834565120
21899,2016,PENNTEX MIDSTREAM PRTNRS LP,PTXP,E&Y,40714000,14.99,610302860
21901,2016,FIBROGEN INC,FGEN,PwC,63665000,21.4,1362431000
21901,2017,FIBROGEN INC,FGEN,PwC,82498000,47.4,3910405200
21901,2018,FIBROGEN INC,FGEN,PwC,85432000,46.28,3953792960
21904,2016,PANGAEA LOGISTICS SOLUTIONS,PANL,Grant Thornton,36590000,3.4,124406000
21904,2017,PANGAEA LOGISTICS SOLUTIONS,PANL,Grant Thornton,43795000,3.68,161165600
21904,2018,PANGAEA LOGISTICS SOLUTIONS,PANL,Grant Thornton,43999000,3.03,133316970
21916,2016,NEVRO CORP,NVRO,PwC,28887000,72.66,2098929420
21916,2017,NEVRO CORP,NVRO,PwC,29738000,69.04,2053111520
21916,2018,NEVRO CORP,NVRO,PwC,30264000,38.89,1176966960
21918,2016,DOMINION ENRG MIDSTRM PRT LP,DM,Deloitte,99212000,29.55,2931714600
21918,2017,DOMINION ENRG MIDSTRM PRT LP,DM,Deloitte,99797000,30.45,3038818650
21946,2016,NAVIOS MARITIME MIDSTR PN LP,NAP,PwC,20611000,10.78,222186580
21946,2017,NAVIOS MARITIME MIDSTR PN LP,NAP,E&Y,20947000,9.52,199415440
21998,2016,NEOTHETICS INC,NEOT,E&Y,13828000,1.12,15487360
21998,2017,NEOTHETICS INC,NEOT,E&Y,13851000,1.95,27009450
21999,2016,CONNECTURE INC,CNXR,Deloitte,22525000,1.68,37842000
21999,2017,CONNECTURE INC,CNXR,Deloitte,23081000,0.16,3692960
22000,2016,WORKIVA INC,WK,E&Y,41261000,13.65,563212650
22000,2017,WORKIVA INC,WK,E&Y,42368000,21.4,906675200
22000,2018,WORKIVA INC,WK,E&Y,44044000,35.89,1580739160
22025,2016,NEW SENIOR INVESTMENT GROUP,SNR,E&Y,82127000,9.79,804023330
22025,2017,NEW SENIOR INVESTMENT GROUP,SNR,E&Y,82149000,7.56,621046440
22025,2018,NEW SENIOR INVESTMENT GROUP,SNR,E&Y,82149000,4.12,338453880
22037,2016,SIENTRA INC,SIEN,KPMG,18599000,8.52,158463480
22037,2017,SIENTRA INC,SIEN,KPMG,19402000,14.06,272792120
22037,2018,SIENTRA INC,SIEN,KPMG,28629000,12.71,363874590
22039,2016,SYNEOS HEALTH INC,SYNH,Deloitte,53763000,52.6,2827933800
22039,2017,SYNEOS HEALTH INC,SYNH,Deloitte,104436000,43.6,4553409600
22039,2018,SYNEOS HEALTH INC,SYNH,Deloitte,103372000,39.35,4067688200
22040,2016,UPLAND SOFTWARE INC,UPLD,E&Y,17785000,8.95,159175750
22040,2017,UPLAND SOFTWARE INC,UPLD,E&Y,20768000,21.66,449834880
22040,2018,UPLAND SOFTWARE INC,UPLD,E&Y,21489000,27.18,584071020
22049,2016,DOREL INDUSTRIES INC,DIIBF,KPMG,32404000,28.947,937998588
22049,2017,DOREL INDUSTRIES INC,DIIBF,KPMG,32438000,24.5872,797559593.6
22049,2018,DOREL INDUSTRIES INC,DIIBF,KPMG,32439000,12.9147,418939953.3
22053,2016,CONTANGO OIL & GAS CO,MCF,Grant Thornton,25239000,9.34,235732260
22053,2017,CONTANGO OIL & GAS CO,MCF,Grant Thornton,25506000,4.71,120133260
22053,2018,CONTANGO OIL & GAS CO,MCF,Grant Thornton,34158000,3.25,111013500
22072,2016,DOMMO ENERGIA SA,DMMOY,KPMG,133272000,0.682,90891504
22072,2017,DOMMO ENERGIA SA,DMMOY,KPMG,2665444000,0.314,836949416
22072,2018,DOMMO ENERGIA SA,DMMOY,KPMG,26654000,25.285,673946390
22085,2016,AZARGA URANIUM CORP,AZZUF,BDO Seidman,74766000,0.191,14280306
22085,2017,AZARGA URANIUM CORP,AZZUF,BDO Seidman,83620000,0.162,13546440
22085,2018,AZARGA URANIUM CORP,AZZUF,BDO Seidman,169834000,0.1969,33440314.6
22111,2016,EHI CAR SERVICES LTD -ADR,EHIC,PwC,69430000,9.06,629035800
22111,2017,EHI CAR SERVICES LTD -ADR,EHIC,PwC,69445000,11.57,803478650
22119,2016,ASHFORD INC,AINC,E&Y,2016000,43.139,86968224
22119,2017,ASHFORD INC,AINC,BDO Seidman,2094000,93,194742000
22119,2018,ASHFORD INC,AINC,BDO Seidman,2392000,51.9,124144800
22124,2016,LANDMARK INFRAST PRTNS LP,LMRK,E&Y,22586000,15.25,344436500
22124,2017,LANDMARK INFRAST PRTNS LP,LMRK,E&Y,23282000,18.1,421404200
22124,2018,LANDMARK INFRAST PRTNS LP,LMRK,E&Y,25328000,11.53,292031840
22134,2016,AXALTA COATING SYSTEMS LTD,AXTA,PwC,240500000,27.2,6541600000
22134,2017,AXALTA COATING SYSTEMS LTD,AXTA,PwC,241900000,32.36,7827884000
22134,2018,AXALTA COATING SYSTEMS LTD,AXTA,PwC,235600000,23.42,5517752000
22155,2017,FLOOR & DECOR HLDGS,FND,E&Y,95509000,48.68,4649378120
22155,2018,FLOOR & DECOR HLDGS,FND,E&Y,97589000,25.9,2527555100
22159,2016,RICE MIDSTREAM PARTNERS LP,RMP,E&Y,102273000,24.58,2513870340
22159,2017,RICE MIDSTREAM PARTNERS LP,RMP,E&Y,102303000,21.47,2196445410
22164,2016,MOMO INC  -ADR,MOMO,Deloitte,194474000,18.38,3574432120
22164,2017,MOMO INC  -ADR,MOMO,Deloitte,199213000,24.48,4876734240
22164,2018,MOMO INC  -ADR,MOMO,Deloitte,206938000,23.75,4914777500
22165,2016,ON DECK CAPITAL INC,ONDK,E&Y,71606000,4.63,331535780
22165,2017,ON DECK CAPITAL INC,ONDK,E&Y,73822000,5.74,423738280
22165,2018,ON DECK CAPITAL INC,ONDK,E&Y,75375000,5.9,444712500
22178,2016,HORTONWORKS INC,HDP,Deloitte,61123000,8.31,507932130
22178,2017,HORTONWORKS INC,HDP,Deloitte,72608000,20.11,1460146880
22180,2016,UNIQUE FABRICATING INC,UFAB,Deloitte,9720000,14.6,141912000
22180,2017,UNIQUE FABRICATING INC,UFAB,Deloitte,9758000,7.42,72404360
22180,2018,UNIQUE FABRICATING INC,UFAB,Deloitte,9779000,4.22,41267380
22182,2016,NEW RELIC INC,NEWR,Deloitte,53279000,37.07,1975052530
22182,2017,NEW RELIC INC,NEWR,Deloitte,55953000,74.12,4147236360
22182,2018,NEW RELIC INC,NEWR,Deloitte,58106000,98.7,5735062200
22207,2016,TRUEBLUE INC,TBI,Deloitte,42171000,24.65,1039515150
22207,2017,TRUEBLUE INC,TBI,Deloitte,41098000,27.5,1130195000
22207,2018,TRUEBLUE INC,TBI,Deloitte,40054000,22.25,891201500
22229,2016,HISTOGENICS CORP,HSGX,Grant Thornton,20648000,1.67,34482160
22229,2017,HISTOGENICS CORP,HSGX,Grant Thornton,24571000,2.05,50370550
22229,2018,HISTOGENICS CORP,HSGX,Grant Thornton,62025000,0.0884,5483010
22230,2016,JUNO THERAPEUTICS INC,JUNO,E&Y,103403000,18.85,1949146550
22230,2017,JUNO THERAPEUTICS INC,JUNO,E&Y,114313000,45.71,5225247230
22258,2016,BELLICUM PHARMACEUTICALS INC,BLCM,E&Y,27156000,13.62,369864720
22258,2017,BELLICUM PHARMACEUTICALS INC,BLCM,E&Y,33285000,8.41,279926850
22258,2018,BELLICUM PHARMACEUTICALS INC,BLCM,E&Y,43565000,2.92,127209800
22260,2016,HCA HEALTHCARE INC,HCA,E&Y,370536000,74.02,27427074720
22260,2017,HCA HEALTHCARE INC,HCA,E&Y,350092000,87.84,30752081280
22260,2018,HCA HEALTHCARE INC,HCA,E&Y,342895000,124.45,42673282750
22266,2016,ADVANCED ACCELERATR APP -ADR,AAAP,KPMG,43976000,26.76,1176797760
22284,2016,SMART SAND INC,SND,Grant Thornton,38816000,16.55,642404800
22284,2017,SMART SAND INC,SND,Grant Thornton,40393000,8.66,349803380
22284,2018,SMART SAND INC,SND,Grant Thornton,39974000,2.22,88742280
22325,2016,XILINX INC,XLNX,E&Y,248027000,57.89,14358283030
22325,2017,XILINX INC,XLNX,E&Y,253377000,72.24,18303954480
22325,2018,XILINX INC,XLNX,E&Y,253891000,126.79,32190839890
22343,2016,KLX INC,KLXI,Deloitte,52000000,48.99,2547480000
22343,2017,KLX INC,KLXI,Deloitte,50800000,70.66,3589528000
22439,2017,CURO GROUP HLDGS CORP,CURO,Grant Thornton,44561000,14.08,627418880
22439,2018,CURO GROUP HLDGS CORP,CURO,Grant Thornton,46412000,9.49,440449880
22447,2016,PAR PACIFIC HOLDINGS INC,PARR,Deloitte,45534000,14.54,662064360
22447,2017,PAR PACIFIC HOLDINGS INC,PARR,Deloitte,45776000,19.28,882561280
22447,2018,PAR PACIFIC HOLDINGS INC,PARR,Deloitte,46984000,14.18,666233120
22459,2016,URBAN EDGE PROPERTIES,UE,Deloitte,99755000,27.51,2744260050
22459,2017,URBAN EDGE PROPERTIES,UE,Deloitte,113828000,25.49,2901475720
22459,2018,URBAN EDGE PROPERTIES,UE,Deloitte,114346000,16.62,1900430520
22583,2016,GMS INC,GMS,PwC,40971000,36.16,1481511360
22583,2017,GMS INC,GMS,E&Y,41069000,31.16,1279710040
22583,2018,GMS INC,GMS,E&Y,41475000,17.62,730789500
22590,2016,PIERIS PHARMACEUTICALS INC,PIRS,E&Y,43059000,1.4052,60506506.8
22590,2017,PIERIS PHARMACEUTICALS INC,PIRS,E&Y,45017000,7.55,339878350
22590,2018,PIERIS PHARMACEUTICALS INC,PIRS,E&Y,54151000,2.66,144041660
22603,2016,SUMMIT MATERIALS INC,SUM,KPMG,96033000,23.79,2284625070
22603,2017,SUMMIT MATERIALS INC,SUM,KPMG,110351000,31.44,3469435440
22603,2018,SUMMIT MATERIALS INC,SUM,KPMG,111659000,12.4,1384571600
22604,2016,ASCENDIS PHARMA AS -ADR,ASND,Deloitte,32421000,20.24,656201040
22604,2017,ASCENDIS PHARMA AS -ADR,ASND,Deloitte,36984000,40.06,1481579040
22604,2018,ASCENDIS PHARMA AS -ADR,ASND,Deloitte,42135000,62.65,2639757750
22629,2016,INFRAREIT INC,HIFR,E&Y,43772000,17.91,783956520
22629,2017,INFRAREIT INC,HIFR,E&Y,43797000,18.58,813748260
22629,2018,INFRAREIT INC,HIFR,E&Y,43975000,21.02,924354500
22632,2016,LANNETT CO INC,LCI,Grant Thornton,36604000,23.79,870809160
22632,2017,LANNETT CO INC,LCI,Grant Thornton,36919000,20.4,753147600
22632,2018,LANNETT CO INC,LCI,Grant Thornton,37381000,13.6,508381600
22653,2016,VISTA OUTDOOR INC,VSTO,Deloitte,57014000,20.59,1173918260
22653,2017,VISTA OUTDOOR INC,VSTO,Deloitte,57431000,16.32,937273920
22653,2018,VISTA OUTDOOR INC,VSTO,Deloitte,57711000,8.01,462265110
22667,2016,ENTELLUS MEDICAL INC,ENTL,Grant Thornton,18908000,18.97,358684760
22671,2016,EARTHSTONE ENERGY INC,ESTE,Grant Thornton,22274000,13.74,306044760
22671,2017,EARTHSTONE ENERGY INC,ESTE,Grant Thornton,63637000,10.63,676461310
22672,2016,SHAKE SHACK INC,SHAK,E&Y,25151000,35.79,900154290
22672,2017,SHAKE SHACK INC,SHAK,E&Y,26527000,43.2,1145966400
22672,2018,SHAKE SHACK INC,SHAK,E&Y,29521000,45.42,1340843820
22673,2016,FLEX PHARMA INC,FLKS,E&Y,16774000,5.28,88566720
22673,2017,FLEX PHARMA INC,FLKS,E&Y,17797000,3.49,62111530
22673,2018,FLEX PHARMA INC,FLKS,E&Y,18067000,0.3299,5960303.3
22674,2016,EASTERLY GOVERNMENT PPTYS,DEA,PwC,36875000,20.02,738237500
22674,2017,EASTERLY GOVERNMENT PPTYS,DEA,PwC,44787000,21.34,955754580
22674,2018,EASTERLY GOVERNMENT PPTYS,DEA,PwC,60849000,15.68,954112320
22676,2016,CHECK-CAP LTD,CHEK,Deloitte,15205000,2.35,35731750
22676,2017,CHECK-CAP LTD,CHEK,Deloitte,19265000,0.8698,16756697
22676,2018,CHECK-CAP LTD,CHEK,Deloitte,5331000,2.15,11461650
22697,2016,TRACON PHARMACEUTICALS INC,TCON,E&Y,16085000,4.9,78816500
22697,2017,TRACON PHARMACEUTICALS INC,TCON,E&Y,17712000,3.35,59335200
22697,2018,TRACON PHARMACEUTICALS INC,TCON,E&Y,29871000,0.63,18818730
22704,2016,AVINGER INC,AVGR,E&Y,23776000,3.7,87971200
22708,2016,INOVALON HOLDINGS INC,INOV,Deloitte,148090000,10.3,1525327000
22708,2017,INOVALON HOLDINGS INC,INOV,Deloitte,143925000,15,2158875000
22708,2018,INOVALON HOLDINGS INC,INOV,Deloitte,152668000,14.18,2164832240
22709,2016,SPARK THERAPEUTICS INC,ONCE,KPMG,30864000,49.9,1540113600
22709,2017,SPARK THERAPEUTICS INC,ONCE,KPMG,37111000,51.42,1908247620
22709,2018,SPARK THERAPEUTICS INC,ONCE,KPMG,37686000,39.14,1475030040
22713,2016,HTG MOLECULAR DIAGNOSTICS,HTGM,BDO Seidman,7939000,2.24,17783360
22713,2017,HTG MOLECULAR DIAGNOSTICS,HTGM,BDO Seidman,13930000,2.03,28277900
22713,2018,HTG MOLECULAR DIAGNOSTICS,HTGM,BDO Seidman,28585000,2.54,72605900
22715,2016,NEXVET BIOPHARMA PLC,NVET,PwC,11565000,4.64,53661600
22717,2016,STOCK YARDS BANCORP INC,SYBT,KPMG,22617000,46.95,1061868150
22717,2017,STOCK YARDS BANCORP INC,SYBT,KPMG,22679000,37.7,854998300
22741,2016,CHEMOURS CO,CC,PwC,182601000,22.09,4033656090
22741,2017,CHEMOURS CO,CC,PwC,182957000,50.06,9158827420
22741,2018,CHEMOURS CO,CC,PwC,170780000,28.22,4819411600
22761,2016,TEL-INSTRUMENT ELECTRONICS,TIKK,BDO Seidman,3256000,5.247,17084232
22761,2017,TEL-INSTRUMENT ELECTRONICS,TIKK,BDO Seidman,3256000,2.4,7814400
22761,2018,TEL-INSTRUMENT ELECTRONICS,TIKK,BDO Seidman,3256000,2.75,8954000
22783,2016,KENON HOLDINGS LTD,KEN,KPMG,53720000,11.6472,625687584
22783,2017,KENON HOLDINGS LTD,KEN,KPMG,53808000,21.65,1164943200
22783,2018,KENON HOLDINGS LTD,KEN,KPMG,53827000,14.75,793948250
22815,2016,TRIMBLE INC,TRMB,E&Y,251300000,30.15,7576695000
22815,2017,TRIMBLE INC,TRMB,E&Y,248900000,40.64,10115296000
22815,2018,TRIMBLE INC,TRMB,E&Y,250900000,32.91,8257119000
22864,2016,JMU LTD -ADR,JMU,E&Y,82012000,3.76,308365120
22864,2017,JMU LTD -ADR,JMU,E&Y,82012000,1.02,83652240
22867,2016,INVITAE CORP,NVTA,E&Y,41144000,7.94,326683360
22867,2017,INVITAE CORP,NVTA,E&Y,53596000,9.08,486651680
22867,2018,INVITAE CORP,NVTA,E&Y,75481000,11.06,834819860
22927,2016,BELLEROPHON THERAPEUTICS INC,BLPH,KPMG,31703000,0.5202,16491900.6
22927,2017,BELLEROPHON THERAPEUTICS INC,BLPH,KPMG,56899000,2.58,146799420
22927,2018,BELLEROPHON THERAPEUTICS INC,BLPH,KPMG,58679000,0.8014,47025350.6
22983,2016,XENIA HOTELS & RESORTS INC,XHR,KPMG,106795000,19.42,2073958900
22983,2017,XENIA HOTELS & RESORTS INC,XHR,KPMG,106735000,21.59,2304408650
22983,2018,XENIA HOTELS & RESORTS INC,XHR,KPMG,112584000,17.2,1936444800
22985,2016,FAIRFAX INDIA HLDGS CORP,FFXDF,PwC,104881000,11.6765,1224642997
22985,2017,FAIRFAX INDIA HLDGS CORP,FFXDF,PwC,147433000,15,2211495000
22985,2018,FAIRFAX INDIA HLDGS CORP,FFXDF,PwC,152862000,13.13,2007078060
23002,2016,COMSTOCK RESOURCES INC -OLD,CRK.5,E&Y,13938000,9.85,137289300
23002,2017,COMSTOCK RESOURCES INC -OLD,CRK.5,E&Y,15428000,8.46,130520880
23027,2016,EXPONENT INC,EXPO,KPMG,25597000,60.3,1543499100
23027,2017,EXPONENT INC,EXPO,KPMG,25769000,71.1,1832175900
23027,2018,EXPONENT INC,EXPO,KPMG,51499000,50.71,2611514290
23035,2016,MAXPOINT INTERACTIVE INC,MXPT,Deloitte,6633000,6,39798000
23043,2016,STEADYMED LTD,STDY,E&Y,20140000,2.6,52364000
23043,2017,STEADYMED LTD,STDY,E&Y,26573000,3.7,98320100
23071,2016,GODADDY INC,GDDY,E&Y,88558000,34.95,3095102100
23071,2017,GODADDY INC,GDDY,E&Y,132993000,50.28,6686888040
23071,2018,GODADDY INC,GDDY,E&Y,168549000,65.62,11060185380
23072,2016,EQT GP HOLDINGS LP,EQGP,E&Y,266165000,25.21,6710019650
23072,2017,EQT GP HOLDINGS LP,EQGP,E&Y,266165000,26.9,7159838500
23077,2016,UNITI GROUP INC,UNIT,PwC,155139000,25.41,3942081990
23077,2017,UNITI GROUP INC,UNIT,PwC,174852000,17.79,3110617080
23077,2018,UNITI GROUP INC,UNIT,PwC,180536000,15.57,2810945520
23083,2016,ENERGIZER HOLDINGS INC,ENR,PwC,61673000,49.96,3081183080
23083,2017,ENERGIZER HOLDINGS INC,ENR,PwC,60708000,46.05,2795603400
23083,2018,ENERGIZER HOLDINGS INC,ENR,PwC,59608000,58.65,3496009200
23084,2016,BENCHMARK ELECTRONICS INC,BHE,KPMG,49330000,30.5,1504565000
23084,2017,BENCHMARK ELECTRONICS INC,BHE,KPMG,49143000,29.1,1430061300
23084,2018,BENCHMARK ELECTRONICS INC,BHE,KPMG,41357000,21.18,875941260
23086,2016,NEXPOINT RESIDENTIAL TR INC,NXRT,KPMG,21044000,22.34,470122960
23086,2017,NEXPOINT RESIDENTIAL TR INC,NXRT,KPMG,21050000,27.94,588137000
23086,2018,NEXPOINT RESIDENTIAL TR INC,NXRT,KPMG,23500000,35.05,823675000
23093,2016,FORTERRA INC,FRTA,E&Y,63924000,21.66,1384593840
23093,2017,FORTERRA INC,FRTA,E&Y,64231000,11.1,712964100
23093,2018,FORTERRA INC,FRTA,E&Y,64206000,3.76,241414560
23098,2016,ARCADIA BIOSCIENCES INC,RKDA,Deloitte,44488000,0.92,40928960
23098,2017,ARCADIA BIOSCIENCES INC,RKDA,Deloitte,42683000,0.275,11737825
23098,2018,ARCADIA BIOSCIENCES INC,RKDA,Deloitte,4775000,3.17,15136750
23106,2016,VIEWRAY INC,VRAY,Deloitte,43581000,3.13,136408530
23106,2017,VIEWRAY INC,VRAY,Deloitte,67654000,9.26,626476040
23106,2018,VIEWRAY INC,VRAY,Deloitte,96332000,6.07,584735240
23109,2016,GENESIS HEALTHCARE INC,GEN,KPMG,90683000,4.25,385402750
23109,2017,GENESIS HEALTHCARE INC,GEN,KPMG,97845000,0.7629,74645950.5
23109,2018,GENESIS HEALTHCARE INC,GEN,KPMG,101980000,1.18,120336400
23119,2016,SOLAREDGE TECHNOLOGIES INC,SEDG,E&Y,40890000,19.6,801444000
23119,2017,SOLAREDGE TECHNOLOGIES INC,SEDG,E&Y,43813000,37.55,1645178150
23119,2018,SOLAREDGE TECHNOLOGIES INC,SEDG,E&Y,46053000,35.1,1616460300
23147,2016,NATIONAL STORAGE AFFILIATES,NSA,KPMG,43110000,22.07,951437700
23147,2017,NATIONAL STORAGE AFFILIATES,NSA,KPMG,50285000,27.26,1370769100
23147,2018,NATIONAL STORAGE AFFILIATES,NSA,KPMG,56654000,26.46,1499064840
23150,2016,JERNIGAN CAPITAL INC,JCAP,Grant Thornton,8956000,21.05,188523800
23150,2017,JERNIGAN CAPITAL INC,JCAP,Grant Thornton,14429000,19.01,274295290
23150,2018,JERNIGAN CAPITAL INC,JCAP,Grant Thornton,20430000,19.82,404922600
23167,2016,BLUE BIRD CORP,BLBD,BDO Seidman,22518000,14.61,328987980
23167,2017,BLUE BIRD CORP,BLBD,BDO Seidman,23739000,20.6,489023400
23167,2018,BLUE BIRD CORP,BLBD,BDO Seidman,27259000,24.5,667845500
23170,2016,NORSAT INTL INC,NSAT,PwC,5769000,7.9,45575100
23195,2016,MATRIX SERVICE CO,MTRX,Deloitte,26297000,16.49,433637530
23195,2017,MATRIX SERVICE CO,MTRX,Deloitte,26601000,9.35,248719350
23195,2018,MATRIX SERVICE CO,MTRX,Deloitte,26854000,18.35,492770900
23208,2016,BARNES & NOBLE EDUCATION INC,BNED,E&Y,46517000,10.41,484241970
23208,2017,BARNES & NOBLE EDUCATION INC,BNED,E&Y,46917000,7.19,337333230
23208,2018,BARNES & NOBLE EDUCATION INC,BNED,E&Y,47563000,4.3,204520900
23220,2016,ORBITAL ATK INC,OA,PwC,57487000,87.73,5043334510
23220,2017,ORBITAL ATK INC,OA,Deloitte,57686000,131.5,7585709000
23224,2016,ESCO TECHNOLOGIES INC,ESE,KPMG,25717000,46.42,1193783140
23224,2017,ESCO TECHNOLOGIES INC,ESE,KPMG,25833000,59.95,1548688350
23224,2018,ESCO TECHNOLOGIES INC,ESE,KPMG,25911000,68.05,1763243550
23225,2016,CABLE ONE INC,CABO,PwC,5708000,621.73,3548834840
23225,2017,CABLE ONE INC,CABO,PwC,5731000,703.35,4030898850
23225,2018,CABLE ONE INC,CABO,PwC,5703000,820.1,4677030300
23238,2016,ETSY INC,ETSY,PwC,115973000,11.78,1366161940
23238,2017,ETSY INC,ETSY,PwC,121769000,20.45,2490176050
23238,2018,ETSY INC,ETSY,PwC,119772000,47.57,5697554040
23243,2016,KORNIT DIGITAL LTD,KRNT,E&Y,30990000,12.65,392023500
23243,2017,KORNIT DIGITAL LTD,KRNT,E&Y,34124000,16.15,551102600
23243,2018,KORNIT DIGITAL LTD,KRNT,E&Y,35065000,18.72,656416800
23245,2016,TOPBUILD CORP,BLD,PwC,37815000,35.6,1346214000
23245,2017,TOPBUILD CORP,BLD,PwC,35587000,75.74,2695359380
23245,2018,TOPBUILD CORP,BLD,PwC,34574000,45,1555830000
23247,2016,PJT PARTNERS INC,PJT,Deloitte,18003000,30.88,555932640
23247,2017,PJT PARTNERS INC,PJT,Deloitte,18539000,45.6,845378400
23247,2018,PJT PARTNERS INC,PJT,Deloitte,22587000,38.76,875472120
23249,2016,LUMENTUM HOLDINGS INC,LITE,PwC,59581000,24.2,1441860200
23249,2017,LUMENTUM HOLDINGS INC,LITE,Deloitte,61476000,57.05,3507205800
23249,2018,LUMENTUM HOLDINGS INC,LITE,Deloitte,62790000,57.9,3635541000
23252,2016,ETHAN ALLEN INTERIORS INC,ETH,KPMG,27746000,33.04,916727840
23252,2017,ETHAN ALLEN INTERIORS INC,ETH,KPMG,27447000,32.3,886538100
23252,2018,ETHAN ALLEN INTERIORS INC,ETH,KPMG,26529000,24.5,649960500
23256,2016,TALLGRASS ENERGY GROUP LP,TGE,PwC,58075000,26.8,1556410000
23256,2017,TALLGRASS ENERGY GROUP LP,TGE,PwC,58085000,25.74,1495107900
23256,2018,TALLGRASS ENERGY GROUP LP,TGE,PwC,156312000,24.34,3804634080
23287,2016,8POINT3 ENERGY PARTNERS LP,CAFD,PwC,28073000,12.78,358772940
23287,2017,8POINT3 ENERGY PARTNERS LP,CAFD,PwC,28089000,15.06,423020340
23291,2016,BIOLASE INC,BIOL,BDO Seidman,67566000,1.4,94592400
23291,2017,BIOLASE INC,BIOL,BDO Seidman,102340000,0.4264,43637776
23291,2018,BIOLASE INC,BIOL,BDO Seidman,21072000,0.99,20861280
23296,2016,ENVIVA PARTNERS LP,EVA,KPMG,26233000,26.8,703044400
23296,2017,ENVIVA PARTNERS LP,EVA,KPMG,26325000,27.65,727886250
23296,2018,ENVIVA PARTNERS LP,EVA,KPMG,26478000,27.75,734764500
23297,2016,XBIOTECH INC,XBIT,E&Y,32628000,10.12,330195360
23297,2017,XBIOTECH INC,XBIT,E&Y,35439000,3.94,139629660
23297,2018,XBIOTECH INC,XBIT,E&Y,35900000,5.08,182372000
23335,2016,ADURO BIOTECH INC,ADRO,Deloitte,67918000,11.4,774265200
23335,2017,ADURO BIOTECH INC,ADRO,Deloitte,77736000,7.5,583020000
23335,2018,ADURO BIOTECH INC,ADRO,Deloitte,79572000,2.64,210070080
23337,2016,TYME TECHNOLOGIES INC,TYME,Grant Thornton,88193000,2.88,253995840
23337,2017,TYME TECHNOLOGIES INC,TYME,Grant Thornton,101226000,2.23,225733980
23337,2018,TYME TECHNOLOGIES INC,TYME,Grant Thornton,103946000,1.76,182944960
23339,2016,KEMPHARM INC,KMPH,E&Y,14647000,2.95,43208650
23353,2016,GOLDMAN SACHS BDC INC,GSBD,PwC,36332000,23.52,854528640
23353,2017,GOLDMAN SACHS BDC INC,GSBD,PwC,40131000,22.18,890105580
23353,2018,GOLDMAN SACHS BDC INC,GSBD,PwC,40228000,18.38,739390640
23358,2016,CIDARA THERAPEUTICS INC,CDTX,E&Y,16773000,10.4,174439200
23358,2017,CIDARA THERAPEUTICS INC,CDTX,E&Y,20526000,6.8,139576800
23358,2018,CIDARA THERAPEUTICS INC,CDTX,E&Y,27816000,2.35,65367600
23363,2016,ZAIS GROUP HLDGS INC,ZAIS,KPMG,13901000,1.47,20434470
23363,2017,ZAIS GROUP HLDGS INC,ZAIS,PwC,14555000,3.88,56473400
23407,2016,BLUEPRINT MEDICINES CORP,BPMC,E&Y,33123000,28.05,929100150
23407,2017,BLUEPRINT MEDICINES CORP,BPMC,E&Y,43578000,75.41,3286216980
23407,2018,BLUEPRINT MEDICINES CORP,BPMC,E&Y,44037000,53.91,2374034670
23423,2016,APIGEE CORP,APIC,KPMG,30441000,12.44,378686040
23432,2016,VIRTU FINANCIAL INC,VIRT,Deloitte,39984000,15.95,637744800
23432,2017,VIRTU FINANCIAL INC,VIRT,Deloitte,89799000,18.3,1643321700
23432,2018,VIRTU FINANCIAL INC,VIRT,PwC,106776000,25.76,2750549760
23433,2016,BLACK STONE MINERALS LP,BSM,BDO Seidman,190885000,18.78,3584820300
23433,2017,BLACK STONE MINERALS LP,BSM,E&Y,198844000,17.94,3567261360
23433,2018,BLACK STONE MINERALS LP,BSM,E&Y,204692000,15.48,3168632160
23485,2016,COVANTA HOLDING CORP,CVA,E&Y,130000000,15.6,2028000000
23485,2017,COVANTA HOLDING CORP,CVA,E&Y,131000000,16.9,2213900000
23485,2018,COVANTA HOLDING CORP,CVA,E&Y,131000000,13.42,1758020000
23500,2016,CATHAY GENERAL BANCORP,CATY,KPMG,79610000,38.03,3027568300
23500,2017,CATHAY GENERAL BANCORP,CATY,KPMG,80893000,42.17,3411257810
23500,2018,CATHAY GENERAL BANCORP,CATY,KPMG,80502000,33.53,2699232060
23537,2016,CONSOL COAL RESOURCES LP,CCR,E&Y,23229000,18.25,423929250
23537,2017,CONSOL COAL RESOURCES LP,CCR,E&Y,27400000,15.65,428810000
23537,2018,CONSOL COAL RESOURCES LP,CCR,E&Y,27522000,16.41,451636020
23540,2016,HORIZON GLOBAL CORP,HZN,Deloitte,20900000,24,501600000
23540,2017,HORIZON GLOBAL CORP,HZN,Deloitte,24939000,14.02,349644780
23540,2018,HORIZON GLOBAL CORP,HZN,Deloitte,25180000,1.43,36007400
23546,2018,CERIDIAN HCM HOLDING,CDAY,KPMG,139454000,34.49,4809768460
23555,2016,COLLEGIUM PHARMACEUTICAL INC,COLL,Deloitte,29364000,15.57,457197480
23555,2017,COLLEGIUM PHARMACEUTICAL INC,COLL,Deloitte,32771000,18.46,604952660
23555,2018,COLLEGIUM PHARMACEUTICAL INC,COLL,Deloitte,33266000,17.17,571177220
23556,2016,COMMUNITY HEALTHCARE TRUST,CHCT,BDO Seidman,12988000,23.03,299113640
23556,2017,COMMUNITY HEALTHCARE TRUST,CHCT,BDO Seidman,18086000,28.1,508216600
23556,2018,COMMUNITY HEALTHCARE TRUST,CHCT,BDO Seidman,18635000,28.83,537247050
23569,2016,MILACRON HOLDINGS CORP,MCRN,E&Y,68474000,18.63,1275670620
23569,2017,MILACRON HOLDINGS CORP,MCRN,E&Y,69645000,19.14,1333005300
23569,2018,MILACRON HOLDINGS CORP,MCRN,E&Y,70454000,11.89,837698060
23574,2016,ADAPTIMMUNE THERAPEUTICS,ADAP,KPMG,70796000,4.05,286723800
23574,2017,ADAPTIMMUNE THERAPEUTICS,ADAP,KPMG,93687000,6.68,625829160
23574,2018,ADAPTIMMUNE THERAPEUTICS,ADAP,KPMG,104576000,5.75,601312000
23587,2016,HAYNES INTERNATIONAL INC,HAYN,Deloitte,12491000,37.11,463541010
23587,2017,HAYNES INTERNATIONAL INC,HAYN,Deloitte,12510000,35.91,449234100
23587,2018,HAYNES INTERNATIONAL INC,HAYN,Deloitte,12504000,35.5,443892000
23594,2016,BOJANGLES' INC,BOJA,KPMG,36547000,18.65,681601550
23594,2017,BOJANGLES' INC,BOJA,KPMG,36899000,11.8,435408200
23627,2016,ATYR PHARMA INC,LIFE,E&Y,23745000,2.15,51051750
23627,2017,ATYR PHARMA INC,LIFE,E&Y,29789000,3.5,104261500
23627,2018,ATYR PHARMA INC,LIFE,E&Y,30579000,0.4957,15158010.3
23650,2016,SHOPIFY INC,SHOP,PwC,89406000,42.87,3832835220
23650,2017,SHOPIFY INC,SHOP,PwC,99878000,101,10087678000
23650,2018,SHOPIFY INC,SHOP,PwC,110393000,138.45,15283910850
23667,2016,KONINKLIJKE AHOLD DELHAIZE,ADRNY,PwC,1272276000,21.127,26879375052
23667,2017,KONINKLIJKE AHOLD DELHAIZE,ADRNY,PwC,1227590000,22.017,27027849030
23671,2016,NOKIA CORP,NOK,PwC,5720503000,4.81,27515619430
23671,2017,NOKIA CORP,NOK,PwC,5579517000,4.66,26000549220
23671,2018,NOKIA CORP,NOK,PwC,5593162000,5.82,32552202840
23697,2016,SONIC CORP,SONC,KPMG,46639000,28.69,1338072910
23697,2017,SONIC CORP,SONC,KPMG,40228000,23.41,941737480
23697,2018,SONIC CORP,SONC,KPMG,35575000,35.86,1275719500
23703,2016,BAOZUN INC -ADR,BZUN,Deloitte,53137000,12.07,641363590
23703,2017,BAOZUN INC -ADR,BZUN,Deloitte,55376000,31.56,1747666560
23703,2018,BAOZUN INC -ADR,BZUN,Deloitte,57517000,29.21,1680071570
23704,2016,INVUITY INC,IVTY,PwC,16951000,5.75,97468250
23704,2017,INVUITY INC,IVTY,PwC,17179000,6.2,106509800
23714,2016,COMMUNITY HEALTH SYSTEMS INC,CYH,Deloitte,113877000,5.59,636572430
23714,2017,COMMUNITY HEALTH SYSTEMS INC,CYH,Deloitte,114651000,4.26,488413260
23714,2018,COMMUNITY HEALTH SYSTEMS INC,CYH,Deloitte,116248000,2.82,327819360
23750,2016,CAREY WATERMARK INVESTORS,CRYW,PwC,135379000,9.05,1225179950
23750,2017,CAREY WATERMARK INVESTORS,CRYW,PwC,137827000,8,1102616000
23753,2016,DORMAN PRODUCTS INC,DORM,KPMG,34518000,73.06,2521885080
23753,2017,DORMAN PRODUCTS INC,DORM,KPMG,33572000,61.14,2052592080
23753,2018,DORMAN PRODUCTS INC,DORM,KPMG,33005000,90.02,2971110100
23768,2016,PICO HOLDINGS INC,PICO,Deloitte,23070000,15.15,349510500
23768,2017,PICO HOLDINGS INC,PICO,Deloitte,23152000,12.8,296345600
23768,2018,PICO HOLDINGS INC,PICO,Deloitte,20726000,9.14,189435640
23793,2016,PS BUSINESS PARKS,PSB,E&Y,27138000,116.52,3162119760
23793,2017,PS BUSINESS PARKS,PSB,E&Y,27255000,125.09,3409327950
23793,2018,PS BUSINESS PARKS,PSB,E&Y,27362000,131,3584422000
23809,2016,AUTOZONE INC,AZO,E&Y,29118000,741.8,21599732400
23809,2017,AUTOZONE INC,AZO,E&Y,27833000,528.44,14708070520
23809,2018,AUTOZONE INC,AZO,E&Y,25742000,766.88,19741024960
23810,2016,ION GEOPHYSICAL CORP,IO,Grant Thornton,11792000,6,70752000
23810,2017,ION GEOPHYSICAL CORP,IO,Grant Thornton,12020000,19.75,237395000
23810,2018,ION GEOPHYSICAL CORP,IO,Grant Thornton,14016000,5.18,72602880
23812,2016,REGENERON PHARMACEUTICALS,REGN,PwC,106008000,367.09,38914476720
23812,2017,REGENERON PHARMACEUTICALS,REGN,PwC,107624000,375.96,40462319040
23812,2018,REGENERON PHARMACEUTICALS,REGN,PwC,109006000,373.5,40713741000
23818,2016,EVOLENT HEALTH INC,EVH,PwC,67934000,14.8,1005423200
23818,2017,EVOLENT HEALTH INC,EVH,PwC,77378000,12.3,951749400
23818,2018,EVOLENT HEALTH INC,EVH,PwC,82362000,19.95,1643121900
23821,2016,GANNETT CO INC,GCI,E&Y,112875000,9.71,1096016250
23821,2017,GANNETT CO INC,GCI,E&Y,111797000,11.59,1295727230
23821,2018,GANNETT CO INC,GCI,E&Y,113126000,8.53,964964780
23843,2016,WINGSTOP INC,WING,E&Y,28747000,29.59,850623730
23843,2017,WINGSTOP INC,WING,E&Y,29093000,38.98,1134045140
23843,2018,WINGSTOP INC,WING,E&Y,29297000,64.19,1880574430
23856,2016,FITBIT INC,FIT,PwC,225664000,7.32,1651860480
23856,2017,FITBIT INC,FIT,PwC,238757000,5.71,1363302470
23856,2018,FITBIT INC,FIT,PwC,252363000,4.97,1254244110
23864,2016,EXTERRAN CORP,EXTN,Deloitte,35439000,23.9,846992100
23864,2017,EXTERRAN CORP,EXTN,Deloitte,35741000,31.44,1123697040
23864,2018,EXTERRAN CORP,EXTN,Deloitte,36147000,17.7,639801900
23865,2016,BABCOCK & WILCOX ENTERPRISES,BW,Deloitte,48688000,16.59,807733920
23865,2017,BABCOCK & WILCOX ENTERPRISES,BW,Deloitte,44065000,5.68,250289200
23865,2018,BABCOCK & WILCOX ENTERPRISES,BW,Deloitte,168791000,0.3904,65896006.4
23898,2016,RENTECH INC,RTKHQ,BDO Seidman,23200000,2.48,57536000
23933,2016,AXOVANT GENE THERAPIES LTD,AXGT,E&Y,99164000,14.94,1481510160
23933,2017,AXOVANT GENE THERAPIES LTD,AXGT,E&Y,107788000,1.33,143358040
23933,2018,AXOVANT GENE THERAPIES LTD,AXGT,E&Y,182239000,1.33,242377870
23935,2016,MINDBODY INC,MB,Deloitte,40598000,21.3,864737400
23935,2017,MINDBODY INC,MB,Deloitte,46943000,30.45,1429414350
23977,2016,APPLE HOSPITALITY REIT INC,APLE,E&Y,222939000,19.98,4454321220
23977,2017,APPLE HOSPITALITY REIT INC,APLE,E&Y,229962000,19.61,4509554820
23977,2018,APPLE HOSPITALITY REIT INC,APLE,E&Y,223997000,14.26,3194197220
23978,2016,UNITED STATES STEEL CORP,X,PwC,173811000,33.01,5737501110
23978,2017,UNITED STATES STEEL CORP,X,PwC,175221000,35.19,6166026990
23978,2018,UNITED STATES STEEL CORP,X,PwC,174529000,18.24,3183408960
23980,2016,CATABASIS PHARMACEUTICALS,CATB,E&Y,18818000,3.61,67932980
23980,2017,CATABASIS PHARMACEUTICALS,CATB,E&Y,23645000,1.49,35231050
23980,2018,CATABASIS PHARMACEUTICALS,CATB,E&Y,7142000,4.37,31210540
23985,2016,CORPORATE CAPITAL TR INC,CCT,Deloitte,309042000,0.0001,30904.2
23985,2017,CORPORATE CAPITAL TR INC,CCT,Deloitte,127131000,15.98,2031553380
23986,2016,NIVALIS THERAPEUTICS INC,NVLS,E&Y,15566000,2.24,34867840
23990,2016,GLAUKOS CORP,GKOS,E&Y,33943000,34.3,1164244900
23990,2017,GLAUKOS CORP,GKOS,E&Y,34619000,25.65,887977350
23990,2018,GLAUKOS CORP,GKOS,E&Y,36107000,56.17,2028130190
23996,2016,GLOBAL NET LEASE INC,GNL,PwC,198776000,7.83,1556416080
23996,2017,GLOBAL NET LEASE INC,GNL,PwC,67287000,20.58,1384766460
23996,2018,GLOBAL NET LEASE INC,GNL,PwC,76081000,17.62,1340547220
24005,2016,ABRAXAS PETROLEUM CORP/NV,AXAS,BDO Seidman,135094000,2.57,347191580
24005,2017,ABRAXAS PETROLEUM CORP/NV,AXAS,BDO Seidman,165890000,2.46,408089400
24005,2018,ABRAXAS PETROLEUM CORP/NV,AXAS,BDO Seidman,166714000,1.09,181718260
24021,2016,HAEMONETICS CORP,HAE,E&Y,52255000,40.57,2119985350
24021,2017,HAEMONETICS CORP,HAE,E&Y,52343000,73.16,3829413880
24021,2018,HAEMONETICS CORP,HAE,E&Y,51020000,87.48,4463229600
24040,2016,IONIS PHARMACEUTICALS INC,IONS,E&Y,121636000,47.83,5817849880
24040,2017,IONIS PHARMACEUTICALS INC,IONS,E&Y,124976000,50.3,6286292800
24040,2018,IONIS PHARMACEUTICALS INC,IONS,E&Y,137929000,54.06,7456441740
24071,2016,APPFOLIO INC,APPF,PwC,33719000,23.85,804198150
24071,2017,APPFOLIO INC,APPF,PwC,33981000,41.5,1410211500
24071,2018,APPFOLIO INC,APPF,PwC,33898000,59.22,2007439560
24073,2016,GREEN PLAINS PARTNERS LP,GPP,KPMG,31800000,19.8,629640000
24073,2017,GREEN PLAINS PARTNERS LP,GPP,KPMG,31812000,18.7,594884400
24073,2018,GREEN PLAINS PARTNERS LP,GPP,KPMG,23138000,13.57,313982660
24074,2016,XACTLY CORP,XTLY,KPMG,31519000,12.15,382955850
24076,2016,OLLIE'S BARGAIN OUTLET HLDGS,OLLI,KPMG,60747000,30.55,1855820850
24076,2017,OLLIE'S BARGAIN OUTLET HLDGS,OLLI,KPMG,61998000,55.55,3443988900
24076,2018,OLLIE'S BARGAIN OUTLET HLDGS,OLLI,KPMG,63006000,78.17,4925179020
24084,2016,CONFORMIS INC,CFMS,Grant Thornton,43400000,8.1,351540000
24084,2017,CONFORMIS INC,CFMS,Grant Thornton,45529000,2.38,108359020
24084,2018,CONFORMIS INC,CFMS,Grant Thornton,65291000,0.358,23374178
24096,2016,APEX GLOBAL BRANDS INC,APEX,E&Y,12951000,9.4,121739400
24096,2017,APEX GLOBAL BRANDS INC,APEX,Deloitte,13997000,1.55,21695350
24096,2018,APEX GLOBAL BRANDS INC,APEX,Deloitte,14701000,0.875,12863375
24099,2016,LIFETIME BRANDS INC,LCUT,E&Y,14556000,17.75,258369000
24099,2017,LIFETIME BRANDS INC,LCUT,E&Y,14903000,16.5,245899500
24099,2018,LIFETIME BRANDS INC,LCUT,E&Y,20764000,10.03,208262920
24113,2016,PANERA BREAD CO,PNRA,PwC,22959000,205.09,4708661310
24116,2016,FIRSTSERVICE CORP,FSV,PwC,35843000,47.48,1701825640
24116,2017,FIRSTSERVICE CORP,FSV,PwC,35916000,69.92,2511246720
24116,2018,FIRSTSERVICE CORP,FSV,PwC,35980000,68.48,2463910400
24135,2016,ALARM.COM HOLDINGS INC,ALRM,PwC,46142000,27.83,1284131860
24135,2017,ALARM.COM HOLDINGS INC,ALRM,PwC,47202000,37.75,1781875500
24135,2018,ALARM.COM HOLDINGS INC,ALRM,PwC,48102000,51.87,2495050740
24171,2016,DESIGNER BRANDS INC,DBI,Deloitte,80180000,21.16,1696608800
24171,2017,DESIGNER BRANDS INC,DBI,Deloitte,80027000,20.03,1602940810
24171,2018,DESIGNER BRANDS INC,DBI,Deloitte,78405000,27.25,2136536250
24176,2016,NATERA INC,NTRA,E&Y,52665000,11.71,616707150
24176,2017,NATERA INC,NTRA,E&Y,54040000,8.99,485819600
24176,2018,NATERA INC,NTRA,E&Y,62083000,13.96,866678680
24177,2016,SERES THERAPEUTICS INC,MCRB,PwC,40356000,9.9,399524400
24177,2017,SERES THERAPEUTICS INC,MCRB,PwC,40571000,10.14,411389940
24177,2018,SERES THERAPEUTICS INC,MCRB,PwC,40937000,4.52,185035240
24197,2016,IDEXX LABS INC,IDXX,PwC,87974000,117.27,10316710980
24197,2017,IDEXX LABS INC,IDXX,PwC,87104000,156.38,13621323520
24197,2018,IDEXX LABS INC,IDXX,PwC,86100000,186.02,16016322000
24216,2016,AES CORP (THE),AES,E&Y,659182000,11.62,7659694840
24216,2017,AES CORP (THE),AES,E&Y,660388000,10.83,7152002040
24216,2018,AES CORP (THE),AES,E&Y,662298000,14.46,9576829080
24232,2016,HANCOCK WHITNEY CORP,HWC,PwC,84235000,43.1,3630528500
24232,2017,HANCOCK WHITNEY CORP,HWC,PwC,85200000,49.5,4217400000
24232,2018,HANCOCK WHITNEY CORP,HWC,PwC,85643000,34.65,2967529950
24233,2016,STATE AUTO FINANCIAL CORP,STFC,E&Y,41800000,26.81,1120658000
24233,2017,STATE AUTO FINANCIAL CORP,STFC,E&Y,42400000,29.12,1234688000
24233,2018,STATE AUTO FINANCIAL CORP,STFC,E&Y,43200000,34.04,1470528000
24234,2016,IMEDIA BRANDS INC,IMBI,Deloitte,65192000,1.52,99091840
24234,2017,IMEDIA BRANDS INC,IMBI,Deloitte,65290000,1.22,79653800
24234,2018,IMEDIA BRANDS INC,IMBI,Deloitte,67919000,0.55,37355450
24249,2016,TELADOC HEALTH INC,TDOC,E&Y,46202000,16.5,762333000
24249,2017,TELADOC HEALTH INC,TDOC,E&Y,61534000,34.85,2144459900
24249,2018,TELADOC HEALTH INC,TDOC,E&Y,70516000,49.57,3495478120
24287,2016,AMBAC FINANCIAL GROUP INC,AMBC,KPMG,45172000,22.5,1016370000
24287,2017,AMBAC FINANCIAL GROUP INC,AMBC,KPMG,45251000,15.98,723110980
24287,2018,AMBAC FINANCIAL GROUP INC,AMBC,KPMG,45336000,17.24,781592640
24291,2016,DINE BRANDS GLOBAL INC,DIN,E&Y,17970000,77,1383690000
24291,2017,DINE BRANDS GLOBAL INC,DIN,E&Y,17993000,50.73,912784890
24291,2018,DINE BRANDS GLOBAL INC,DIN,E&Y,17644000,67.34,1188146960
24293,2016,KAISER ALUMINUM CORP,KALU,Deloitte,17651000,77.69,1371306190
24293,2017,KAISER ALUMINUM CORP,KALU,Deloitte,16774000,106.85,1792301900
24293,2018,KAISER ALUMINUM CORP,KALU,Deloitte,16235000,89.29,1449623150
24302,2016,ALKERMES PLC,ALKS,PwC,152431000,55.58,8472114980
24302,2017,ALKERMES PLC,ALKS,PwC,154009000,54.73,8428912570
24302,2018,ALKERMES PLC,ALKS,PwC,155757000,29.51,4596389070
24316,2016,MONSTER BEVERAGE CORP,MNST,Deloitte,566566000,44.34,25121536440
24316,2017,MONSTER BEVERAGE CORP,MNST,Deloitte,566298000,63.29,35841000420
24316,2018,MONSTER BEVERAGE CORP,MNST,Deloitte,543676000,49.22,26759732720
24318,2016,XL GROUP LTD,XL,PwC,266889000,37.26,9944284140
24318,2017,XL GROUP LTD,XL,PwC,256034000,35.16,9002155440
24330,2016,SERITAGE GROWTH PROPERTIES,SRG,Deloitte,31598000,42.71,1349550580
24330,2017,SERITAGE GROWTH PROPERTIES,SRG,Deloitte,35567000,40.46,1439040820
24330,2018,SERITAGE GROWTH PROPERTIES,SRG,Deloitte,35668000,32.33,1153146440
24344,2016,VERTEX PHARMACEUTICALS INC,VRTX,E&Y,248301000,73.67,18292334670
24344,2017,VERTEX PHARMACEUTICALS INC,VRTX,E&Y,253253000,149.86,37952494580
24344,2018,VERTEX PHARMACEUTICALS INC,VRTX,E&Y,255172000,165.71,42284552120
24350,2016,MONRO INC,MNRO,PwC,32690000,52.1,1703149000
24350,2017,MONRO INC,MNRO,PwC,32836000,53.6,1760009600
24350,2018,MONRO INC,MNRO,PwC,33151000,86.52,2868224520
24352,2016,PROGRESS SOFTWARE CORP,PRGS,Deloitte,48537000,29.57,1435239090
24352,2017,PROGRESS SOFTWARE CORP,PRGS,Deloitte,47281000,41.34,1954596540
24352,2018,PROGRESS SOFTWARE CORP,PRGS,Deloitte,45115000,35.16,1586243400
24368,2016,RETAIL HOLDINGS NV,RHDGF,KPMG,4650000,17.3,80445000
24368,2017,RETAIL HOLDINGS NV,RHDGF,KPMG,4650000,22.3,103695000
24368,2018,RETAIL HOLDINGS NV,RHDGF,KPMG,4650000,9.65,44872500
24379,2016,MGIC INVESTMENT CORP/WI,MTG,PwC,340663000,10.19,3471355970
24379,2017,MGIC INVESTMENT CORP/WI,MTG,PwC,370567000,14.11,5228700370
24379,2018,MGIC INVESTMENT CORP/WI,MTG,PwC,355371000,10.46,3717180660
24396,2016,TIVITY HEALTH INC,TVTY,PwC,38934000,22.75,885748500
24396,2017,TIVITY HEALTH INC,TVTY,PwC,39730000,36.55,1452131500
24396,2018,TIVITY HEALTH INC,TVTY,PwC,41049000,24.81,1018425690
24405,2016,ZEBRA TECHNOLOGIES CP  -CL A,ZBRA,E&Y,52885000,85.76,4535417600
24405,2017,ZEBRA TECHNOLOGIES CP  -CL A,ZBRA,E&Y,53236000,103.8,5525896800
24405,2018,ZEBRA TECHNOLOGIES CP  -CL A,ZBRA,E&Y,53871000,159.23,8577879330
24415,2016,BMC STOCK HOLDINGS INC,BMCH,PwC,66700000,19.5,1300650000
24415,2017,BMC STOCK HOLDINGS INC,BMCH,PwC,67079000,25.3,1697098700
24415,2018,BMC STOCK HOLDINGS INC,BMCH,PwC,67230000,15.48,1040720400
24430,2016,EZCORP INC  -CL A,EZPW,BDO Seidman,54099000,11.06,598334940
24430,2017,EZCORP INC  -CL A,EZPW,BDO Seidman,54398000,9.5,516781000
24430,2018,EZCORP INC  -CL A,EZPW,BDO Seidman,54585000,10.7,584059500
24437,2016,BLUE BUFFALO PET PRODUCTS,BUFF,KPMG,196524000,24.04,4724436960
24437,2017,BLUE BUFFALO PET PRODUCTS,BUFF,KPMG,195522000,32.79,6411166380
24440,2016,PROASSURANCE CORP,PRA,E&Y,53251000,56.2,2992706200
24440,2017,PROASSURANCE CORP,PRA,E&Y,53457000,57.15,3055067550
24440,2018,PROASSURANCE CORP,PRA,E&Y,53637000,40.56,2175516720
24447,2016,BOK FINANCIAL CORP,BOKF,E&Y,65337000,83.04,5425584480
24447,2017,BOK FINANCIAL CORP,BOKF,E&Y,65395000,92.32,6037266400
24447,2018,BOK FINANCIAL CORP,BOKF,E&Y,72123000,73.33,5288779590
24458,2016,SEASPINE HOLDINGS CORP,SPNE,PwC,11258000,7.9,88938200
24466,2016,IBERIABANK CORP,IBKC,E&Y,44795000,83.75,3751581250
24466,2017,IBERIABANK CORP,IBKC,E&Y,53872000,77.5,4175080000
24466,2018,IBERIABANK CORP,IBKC,E&Y,54796000,64.28,3522286880
24468,2016,BIOGEN INC,BIIB,PwC,215900000,283.58,61224922000
24468,2017,BIOGEN INC,BIIB,PwC,211500000,318.57,67377555000
24468,2018,BIOGEN INC,BIIB,PwC,197200000,300.92,59341424000
24481,2016,MADISON SQUARE GARDEN CO,MSG,KPMG,24307000,172.51,4193200570
24481,2017,MADISON SQUARE GARDEN CO,MSG,KPMG,23544000,196.9,4635813600
24481,2018,MADISON SQUARE GARDEN CO,MSG,KPMG,23666000,310.19,7340956540
24483,2016,BON-TON STORES INC,BONTQ,KPMG,21586000,1.18,25471480
24501,2016,RAPID7 INC,RPD,KPMG,42555000,12.17,517894350
24501,2017,RAPID7 INC,RPD,KPMG,44054000,18.66,822047640
24501,2018,RAPID7 INC,RPD,KPMG,47600000,31.16,1483216000
24508,2016,OOMA INC,OOMA,Deloitte,17996000,9.65,173661400
24508,2017,OOMA INC,OOMA,Deloitte,19115000,10.25,195928750
24508,2018,OOMA INC,OOMA,Deloitte,20312000,15.11,306914320
24515,2016,VTV THERAPEUTICS INC,VTVT,E&Y,9693000,4.83,46817190
24515,2017,VTV THERAPEUTICS INC,VTVT,E&Y,9693000,6.01,58254930
24515,2018,VTV THERAPEUTICS INC,VTVT,E&Y,20347000,2.65,53919550
24523,2016,CHIASMA INC,CHMA,Deloitte,24360000,1.95,47502000
24523,2017,CHIASMA INC,CHMA,Deloitte,24382000,1.7,41449400
24523,2018,CHIASMA INC,CHMA,Deloitte,24456000,3.11,76058160
24525,2016,JUPAI HOLDINGS LTD -ADR,JP,Deloitte,32287000,8.71,281219770
24525,2017,JUPAI HOLDINGS LTD -ADR,JP,Deloitte,33024000,18.49,610613760
24525,2018,JUPAI HOLDINGS LTD -ADR,JP,Deloitte,33580000,4.39,147416200
24533,2016,NATIONAL HEALTH INVESTORS,NHI,BDO Seidman,39848000,74.17,2955526160
24533,2017,NATIONAL HEALTH INVESTORS,NHI,BDO Seidman,41532000,75.38,3130682160
24533,2018,NATIONAL HEALTH INVESTORS,NHI,BDO Seidman,42700000,75.54,3225558000
24539,2016,VCA INC,WOOF,KPMG,81231000,68.65,5576508150
24544,2016,WILLIAM LYON HOMES,WLH,KPMG,31722000,19.03,603669660
24544,2017,WILLIAM LYON HOMES,WLH,KPMG,37953000,29.08,1103673240
24544,2018,WILLIAM LYON HOMES,WLH,KPMG,37507000,10.69,400949830
24552,2017,DASEKE INC,DSKE,Grant Thornton,48712000,14.29,696094480
24552,2018,DASEKE INC,DSKE,Grant Thornton,64455000,3.68,237194400
24578,2016,SWEDBANK AB,SWDBY,Deloitte,1110732000,24.25,26935251000
24578,2017,SWEDBANK AB,SWDBY,Deloitte,1113630000,24.171,26917550730
24578,2018,SWEDBANK AB,SWDBY,Deloitte,1116674000,22.305,24907413570
24597,2016,TERRAFORM GLOBAL INC,GLBL,KPMG,112995000,3.95,446330250
24598,2016,BIOCARDIA INC,BCDA,KPMG,457576000,1.08,494182080
24598,2017,BIOCARDIA INC,BCDA,KPMG,38219000,2.35,89814650
24598,2018,BIOCARDIA INC,BCDA,KPMG,43611000,1.2,52333200
24599,2016,AEGLEA BIOTHERAPEUTICS INC,AGLE,PwC,13431000,4.35,58424850
24599,2017,AEGLEA BIOTHERAPEUTICS INC,AGLE,PwC,16670000,5.41,90184700
24599,2018,AEGLEA BIOTHERAPEUTICS INC,AGLE,PwC,24140000,7.49,180808600
24601,2016,CSW INDUSTRIALS INC,CSWI,Grant Thornton,15816000,36.7,580447200
24601,2017,CSW INDUSTRIALS INC,CSWI,Grant Thornton,15877000,45.05,715258850
24601,2018,CSW INDUSTRIALS INC,CSWI,Grant Thornton,15039000,57.29,861584310
24611,2016,SPX FLOW INC,FLOW,Deloitte,41920000,32.06,1343955200
24611,2017,SPX FLOW INC,FLOW,Deloitte,42405000,47.55,2016357750
24611,2018,SPX FLOW INC,FLOW,Deloitte,42543000,30.42,1294158060
24616,2016,PAYPAL HOLDINGS INC,PYPL,PwC,1207000000,39.47,47640290000
24616,2017,PAYPAL HOLDINGS INC,PYPL,PwC,1200000000,73.62,88344000000
24616,2018,PAYPAL HOLDINGS INC,PYPL,PwC,1174000000,84.09,98721660000
24617,2016,OLD DOMINION FREIGHT,ODFL,E&Y,82417000,85.79,7070554430
24617,2017,OLD DOMINION FREIGHT,ODFL,E&Y,82376000,131.55,10836562800
24617,2018,OLD DOMINION FREIGHT,ODFL,E&Y,81231000,123.49,10031216190
24620,2016,RYMAN HOSPITALITY PPTYS INC,RHP,E&Y,50476000,63.01,3180492760
24620,2017,RYMAN HOSPITALITY PPTYS INC,RHP,E&Y,50631000,69.02,3494551620
24620,2018,RYMAN HOSPITALITY PPTYS INC,RHP,E&Y,50744000,66.69,3384117360
24625,2016,TOTAL SA,TOT,KPMG,2419778000,50.97,1.23336E+11
24625,2017,TOTAL SA,TOT,KPMG,2520613000,55.28,1.39339E+11
24625,2018,TOTAL SA,TOT,KPMG,2608129000,52.18,1.36092E+11
24638,2016,TRANSUNION,TRU,E&Y,183200000,30.93,5666376000
24638,2017,TRANSUNION,TRU,E&Y,183200000,54.96,10068672000
24638,2018,TRANSUNION,TRU,E&Y,185700000,56.8,10547760000
24658,2016,IDEANOMICS INC,IDEX,KPMG,53919000,1.23,66320370
24678,2016,HORACE MANN EDUCATORS CORP,HMN,KPMG,40245000,42.8,1722486000
24678,2017,HORACE MANN EDUCATORS CORP,HMN,KPMG,40718000,44.1,1795663800
24678,2018,HORACE MANN EDUCATORS CORP,HMN,KPMG,40970000,37.45,1534326500
24708,2016,ATN INTERNATIONAL INC,ATNI,PwC,16139000,80.13,1293218070
24708,2017,ATN INTERNATIONAL INC,ATNI,PwC,16026000,55.26,885596760
24708,2018,ATN INTERNATIONAL INC,ATNI,PwC,16003000,71.53,1144694590
24720,2016,WABASH NATIONAL CORP,WNC,E&Y,60130000,15.82,951256600
24720,2017,WABASH NATIONAL CORP,WNC,E&Y,57564000,21.7,1249138800
24720,2018,WABASH NATIONAL CORP,WNC,E&Y,55136000,13.08,721178880
24724,2016,LIBERTY LATIN AMERICA LTD,LILAK,KPMG,173095000,21.96,3801166200
24724,2017,LIBERTY LATIN AMERICA LTD,LILAK,KPMG,171213000,20.15,3449941950
24724,2018,LIBERTY LATIN AMERICA LTD,LILAK,KPMG,180964000,14.57,2636645480
24731,2016,KIMCO REALTY CORP,KIM,PwC,425034000,25.16,10693855440
24731,2017,KIMCO REALTY CORP,KIM,PwC,425646000,18.15,7725474900
24731,2018,KIMCO REALTY CORP,KIM,PwC,421389000,14.65,6173348850
24750,2016,WISDOMTREE INVESTMENTS INC,WETF,E&Y,134039000,11.14,1493194460
24750,2017,WISDOMTREE INVESTMENTS INC,WETF,E&Y,135179000,12.55,1696496450
24750,2018,WISDOMTREE INVESTMENTS INC,WETF,E&Y,151245000,6.65,1005779250
24755,2016,SANFILIPPO JOHN B&SON,JBSS,PwC,11205000,42.63,477669150
24755,2017,SANFILIPPO JOHN B&SON,JBSS,PwC,11281000,63.11,711943910
24755,2018,SANFILIPPO JOHN B&SON,JBSS,PwC,11345000,74.45,844635250
24782,2016,PERRIGO CO PLC,PRGO,E&Y,143400000,83.23,11935182000
24782,2017,PERRIGO CO PLC,PRGO,E&Y,140800000,87.16,12272128000
24782,2018,PERRIGO CO PLC,PRGO,E&Y,135900000,38.75,5266125000
24783,2016,TETRA TECH INC,TTEK,PwC,57042000,35.47,2023279740
24783,2017,TETRA TECH INC,TTEK,PwC,55873000,46.55,2600888150
24783,2018,TETRA TECH INC,TTEK,PwC,55349000,68.3,3780336700
24800,2016,QUALCOMM INC,QCOM,PwC,1476000000,68.5,1.01106E+11
24800,2017,QUALCOMM INC,QCOM,PwC,1474000000,51.84,76412160000
24800,2018,QUALCOMM INC,QCOM,PwC,1219000000,72.03,87804570000
24810,2016,ENBRIDGE ENERGY PRTNRS  -LP,EEP,PwC,351892000,25.48,8966208160
24810,2017,ENBRIDGE ENERGY PRTNRS  -LP,EEP,PwC,424143000,13.81,5857414830
24825,2016,CORPORATE OFFICE PROPERT,OFC,PwC,98499000,31.22,3075138780
24825,2017,CORPORATE OFFICE PROPERT,OFC,PwC,101292000,29.2,2957726400
24825,2018,CORPORATE OFFICE PROPERT,OFC,PwC,110242000,21.03,2318389260
24844,2016,SPOK HOLDINGS INC,SPOK,Grant Thornton,20526000,20.75,425914500
24844,2017,SPOK HOLDINGS INC,SPOK,Grant Thornton,20136000,15.65,315128400
24844,2018,SPOK HOLDINGS INC,SPOK,Grant Thornton,19389000,13.26,257098140
24853,2016,SPECTRANETICS CORP,SPNC,KPMG,43303000,24.5,1060923500
24856,2016,GILEAD SCIENCES INC,GILD,E&Y,1310000000,71.61,93809100000
24856,2017,GILEAD SCIENCES INC,GILD,E&Y,1308000000,71.64,93705120000
24856,2018,GILEAD SCIENCES INC,GILD,E&Y,1282000000,62.55,80189100000
24861,2016,PLANET FITNESS INC,PLNT,KPMG,61314000,20.1,1232411400
24861,2017,PLANET FITNESS INC,PLNT,KPMG,87188000,34.63,3019320440
24861,2018,PLANET FITNESS INC,PLNT,KPMG,83584000,53.62,4481774080
24878,2016,PDL BIOPHARMA INC,PDLI,PwC,165538000,2.12,350940560
24878,2017,PDL BIOPHARMA INC,PDLI,PwC,153775000,2.74,421343500
24878,2018,PDL BIOPHARMA INC,PDLI,PwC,135763000,2.9,393712700
24890,2016,MISONIX INC,MSON,Grant Thornton,7809000,5.17,40372530
24890,2017,MISONIX INC,MSON,Grant Thornton,9357000,9.55,89359350
24890,2018,MISONIX INC,MSON,BDO Seidman,9430000,12.4,116932000
24891,2016,PD-RX PHARMACEUTICALS INC,PDRX,Grant Thornton,1720000,5.5,9460000
24891,2017,PD-RX PHARMACEUTICALS INC,PDRX,Grant Thornton,1720000,5.85,10062000
24891,2018,PD-RX PHARMACEUTICALS INC,PDRX,Grant Thornton,1715000,6.1,10461500
24893,2016,WHOLE FOODS MARKET INC,WFM,E&Y,318300000,28.35,9023805000
24905,2016,SUNRUN INC,RUN,E&Y,104321000,5.31,553944510
24905,2017,SUNRUN INC,RUN,E&Y,107350000,5.9,633365000
24905,2018,SUNRUN INC,RUN,E&Y,113149000,10.89,1232192610
24911,2016,MASTERCRAFT BOAT HLDNGS IN,MCFT,BDO Seidman,18592000,11.05,205441600
24911,2017,MASTERCRAFT BOAT HLDNGS IN,MCFT,BDO Seidman,18637000,19.55,364353350
24911,2018,MASTERCRAFT BOAT HLDNGS IN,MCFT,BDO Seidman,18682000,28.95,540843900
24925,2016,ROPER TECHNOLOGIES INC,ROP,PwC,101672000,183.08,18614109760
24925,2017,ROPER TECHNOLOGIES INC,ROP,PwC,102493000,259,26545687000
24925,2018,ROPER TECHNOLOGIES INC,ROP,PwC,103400000,266.52,27558168000
24943,2016,INTERTAPE POLYMER GROUP INC,ITPOF,Grant Thornton,59060000,18.85,1113281000
24943,2017,INTERTAPE POLYMER GROUP INC,ITPOF,Grant Thornton,58800000,17.06,1003128000
24943,2018,INTERTAPE POLYMER GROUP INC,ITPOF,Grant Thornton,58650000,12.43,729019500
24965,2016,TERRA NITROGEN CO  -LP,TNH,KPMG,18502000,102.71,1900340420
24965,2017,TERRA NITROGEN CO  -LP,TNH,KPMG,18502000,79.81,1476644620
24975,2016,SYNOPSYS INC,SNPS,KPMG,151454000,59.31,8982736740
24975,2017,SYNOPSYS INC,SNPS,KPMG,150445000,86.52,13016501400
24975,2018,SYNOPSYS INC,SNPS,KPMG,149265000,89.53,13363695450
24978,2016,CALLAWAY GOLF CO,ELY,Deloitte,94116000,10.96,1031511360
24978,2017,CALLAWAY GOLF CO,ELY,Deloitte,94632000,13.93,1318223760
24978,2018,CALLAWAY GOLF CO,ELY,Deloitte,94511000,15.3,1446018300
24980,2016,CROSS TIMBERS ROYALTY TRUST,CRT,PwC,6000000,17.97,107820000
24980,2017,CROSS TIMBERS ROYALTY TRUST,CRT,PwC,6000000,14.6869,88121400
24980,2018,CROSS TIMBERS ROYALTY TRUST,CRT,PwC,6000000,10.92,65520000
24990,2016,AMPLIFY SNACK BRANDS,BETR,Deloitte,73837000,8.81,650503970
24998,2016,MULTI PACKAGING SOLUTNS INTL,MPSX,E&Y,77453000,13.35,1033997550
25030,2016,VIRTUS INVESTMENT PTNRS INC,VRTS,PwC,5889000,118.05,695196450
25030,2017,VIRTUS INVESTMENT PTNRS INC,VRTS,PwC,7160000,115.05,823758000
25030,2018,VIRTUS INVESTMENT PTNRS INC,VRTS,Deloitte,6997000,79.43,555771710
25047,2016,SCICLONE PHARMACEUTICALS INC,SCLN,PwC,51237000,10.8,553359600
25055,2016,AURICO METALS INC,ARCTF,KPMG,149763000,0.7423,111169074.9
25056,2016,TIME WARNER INC,TWX,E&Y,772000000,96.53,74521160000
25056,2017,TIME WARNER INC,TWX,E&Y,780000000,91.47,71346600000
25069,2016,USA TRUCK INC,USAK,Grant Thornton,8307000,8.71,72353970
25069,2017,USA TRUCK INC,USAK,Grant Thornton,8289000,18.13,150279570
25069,2018,USA TRUCK INC,USAK,Grant Thornton,8362000,14.97,125179140
25077,2016,AIMMUNE THERAPEUTICS INC,AIMT,KPMG,50204000,20.45,1026671800
25077,2017,AIMMUNE THERAPEUTICS INC,AIMT,KPMG,51091000,37.82,1932261620
25077,2018,AIMMUNE THERAPEUTICS INC,AIMT,KPMG,62142000,23.92,1486436640
25105,2016,CONIFER HOLDINGS INC,CNFR,Deloitte,7633000,8.15,62208950
25105,2017,CONIFER HOLDINGS INC,CNFR,Deloitte,8520000,5.8,49416000
25105,2018,CONIFER HOLDINGS INC,CNFR,Deloitte,8478000,3.5,29673000
25108,2016,CHRISTOPHER & BANKS CORP,CBKC,KPMG,37634000,1.34,50429560
25108,2017,CHRISTOPHER & BANKS CORP,CBKC,Deloitte,37834000,1.27,48049180
25108,2018,CHRISTOPHER & BANKS CORP,CBKC,Deloitte,38386000,0.5995,23012407
25110,2016,ICU MEDICAL INC,ICUI,Deloitte,16338000,147.35,2407404300
25110,2017,ICU MEDICAL INC,ICUI,Deloitte,20210000,216,4365360000
25110,2018,ICU MEDICAL INC,ICUI,Deloitte,20491000,229.63,4705348330
25119,2016,MOHAWK INDUSTRIES INC,MHK,KPMG,74168000,199.68,14809866240
25119,2017,MOHAWK INDUSTRIES INC,MHK,KPMG,74421000,275.9,20532753900
25119,2018,MOHAWK INDUSTRIES INC,MHK,KPMG,72307000,116.96,8457026720
25124,2016,LINDE PLC,LIN,PwC,284901000,117.19,33387548190
25124,2017,LINDE PLC,LIN,PwC,286777000,154.68,44358666360
25124,2018,LINDE PLC,LIN,PwC,547242000,156.04,85391641680
25128,2016,ZYNERBA PHARMACEUTICALS INC,ZYNE,KPMG,9995000,15.59,155822050
25128,2017,ZYNERBA PHARMACEUTICALS INC,ZYNE,KPMG,13554000,12.52,169696080
25128,2018,ZYNERBA PHARMACEUTICALS INC,ZYNE,KPMG,17627000,2.97,52352190
25129,2016,SIERRA ONCOLOGY,SRRA,Deloitte,30371000,1.49,45252790
25129,2017,SIERRA ONCOLOGY,SRRA,Deloitte,52395000,3.73,195433350
25129,2018,SIERRA ONCOLOGY,SRRA,Deloitte,74366000,1.32,98163120
25130,2016,CORNERSTNE BULDNG BRNDS INC,CNR,E&Y,70806000,14.4,1019606400
25130,2017,CORNERSTNE BULDNG BRNDS INC,CNR,E&Y,68387000,15.95,1090772650
25130,2018,CORNERSTNE BULDNG BRNDS INC,CNR,E&Y,66204000,12.25,810999000
25157,2016,FIRST DATA CORP,FDC,E&Y,911959000,14.19,12940698210
25157,2017,FIRST DATA CORP,FDC,E&Y,925000000,16.71,15456750000
25157,2018,FIRST DATA CORP,FDC,E&Y,937000000,16.91,15844670000
25166,2016,KOPIN CORP,KOPN,Deloitte,64539000,2.84,183290760
25166,2017,KOPIN CORP,KOPN,Deloitte,73059000,3.2,233788800
25166,2018,KOPIN CORP,KOPN,Deloitte,74009000,0.999,73934991
25167,2016,TAILORED BRANDS INC,TLRD,Deloitte,48784000,21.25,1036660000
25167,2017,TAILORED BRANDS INC,TLRD,Deloitte,49288000,24.19,1192276720
25167,2018,TAILORED BRANDS INC,TLRD,Deloitte,50181000,12.63,633786030
25170,2016,LIGHTING SCIENCE GROUP CORP,LSCG,KPMG,217787000,0.04,8711480
25180,2016,AGCO CORP,AGCO,KPMG,79465000,57.86,4597844900
25180,2017,AGCO CORP,AGCO,KPMG,79554000,71.43,5682542220
25180,2018,AGCO CORP,AGCO,KPMG,76537000,55.67,4260814790
25186,2016,STEIN MART INC,SMRT,KPMG,47019000,3.66,172089540
25186,2017,STEIN MART INC,SMRT,KPMG,47978000,0.68,32625040
25186,2018,STEIN MART INC,SMRT,KPMG,47874000,1.12,53618880
25201,2016,CASS INFORMATION SYSTEMS INC,CASS,KPMG,11188000,73.57,823101160
25201,2017,CASS INFORMATION SYSTEMS INC,CASS,KPMG,12287000,58.21,715226270
25201,2018,CASS INFORMATION SYSTEMS INC,CASS,KPMG,14611000,52.92,773214120
25219,2016,HOULIHAN LOKEY INC,HLI,KPMG,66010000,34.45,2274044500
25219,2017,HOULIHAN LOKEY INC,HLI,KPMG,65792000,44.6,2934323200
25219,2018,HOULIHAN LOKEY INC,HLI,KPMG,65399000,45.85,2998544150
25234,2016,BUCKLE INC,BKE,Deloitte,48623000,21.15,1028376450
25234,2017,BUCKLE INC,BKE,Deloitte,48816000,20.05,978760800
25234,2018,BUCKLE INC,BKE,Deloitte,49017000,17.37,851425290
25274,2016,UNIVERSAL DISPLAY CORP,OLED,KPMG,46913000,56.3,2641201900
25274,2017,UNIVERSAL DISPLAY CORP,OLED,KPMG,47118000,172.65,8134922700
25274,2018,UNIVERSAL DISPLAY CORP,OLED,KPMG,47320000,93.57,4427732400
25279,2016,BOSTON SCIENTIFIC CORP,BSX,E&Y,1362105000,21.63,29462331150
25279,2017,BOSTON SCIENTIFIC CORP,BSX,E&Y,1373497000,24.79,34048990630
25279,2018,BOSTON SCIENTIFIC CORP,BSX,E&Y,1384582000,35.34,48931127880
25283,2016,KOHL'S CORP,KSS,E&Y,174000000,39.83,6930420000
25283,2017,KOHL'S CORP,KSS,E&Y,168000000,64.77,10881360000
25283,2018,KOHL'S CORP,KSS,E&Y,163000000,68.69,11196470000
25313,2016,STERIS PLC,STE,E&Y,84948000,69.46,5900488080
25313,2017,STERIS PLC,STE,E&Y,84747000,93.36,7911979920
25313,2018,STERIS PLC,STE,E&Y,84517000,128.03,10820711510
25318,2016,U S PHYSICAL THERAPY INC,USPH,Grant Thornton,12518000,70.2,878763600
25318,2017,U S PHYSICAL THERAPY INC,USPH,Grant Thornton,12595000,72.2,909359000
25318,2018,U S PHYSICAL THERAPY INC,USPH,Grant Thornton,12684000,102.35,1298207400
25331,2016,FRANKLIN COVEY CO,FC,E&Y,13724000,16.24,222877760
25331,2017,FRANKLIN COVEY CO,FC,Deloitte,13642000,18.8,256469600
25331,2018,FRANKLIN COVEY CO,FC,Deloitte,13897000,25.6,355763200
25332,2017,LOOP INDUSTRIES INC,LOOP,PwC,33751000,12.26,413787260
25332,2018,LOOP INDUSTRIES INC,LOOP,PwC,33806000,9.69,327580140
25338,2016,BED BATH & BEYOND INC,BBBY,KPMG,146274000,40.4,5909469600
25338,2017,BED BATH & BEYOND INC,BBBY,KPMG,140498000,21.44,3012277120
25338,2018,BED BATH & BEYOND INC,BBBY,KPMG,132233000,16.73,2212258090
25339,2016,CREDIT ACCEPTANCE CORP,CACC,Grant Thornton,19877000,217.51,4323446270
25339,2017,CREDIT ACCEPTANCE CORP,CACC,Grant Thornton,19310000,323.48,6246398800
25339,2018,CREDIT ACCEPTANCE CORP,CACC,Grant Thornton,18973000,381.76,7243132480
25340,2016,D R HORTON INC,DHI,PwC,372923000,30.2,11262274600
25340,2017,D R HORTON INC,DHI,PwC,374986000,39.93,14973190980
25340,2018,D R HORTON INC,DHI,PwC,376262000,42.18,15870731160
25348,2016,NANTKWEST INC,NK,E&Y,81984000,5.72,468948480
25348,2017,NANTKWEST INC,NK,E&Y,79022000,4.49,354808780
25348,2018,NANTKWEST INC,NK,E&Y,79088000,1.16,91742080
25349,2016,GLOBAL BLOOD THERAPEUTICS,GBT,KPMG,36638000,14.45,529419100
25349,2017,GLOBAL BLOOD THERAPEUTICS,GBT,KPMG,46132000,39.35,1815294200
25349,2018,GLOBAL BLOOD THERAPEUTICS,GBT,KPMG,55640000,41.05,2284022000
25356,2016,EXPRESS SCRIPTS HOLDING CO,ESRX,PwC,605500000,68.79,41652345000
25356,2017,EXPRESS SCRIPTS HOLDING CO,ESRX,PwC,564400000,74.64,42126816000
25357,2016,FINISH LINE INC  -CL A,FINL,E&Y,40337000,16.3,657493100
25357,2017,FINISH LINE INC  -CL A,FINL,E&Y,40370000,10.62,428729400
25365,2016,GRUPO TMM S.A.B,GTMAY,Grant Thornton,20437000,1.565,31983905
25365,2017,GRUPO TMM S.A.B,GTMAY,Grant Thornton,20437000,1.321,26997277
25365,2018,GRUPO TMM S.A.B,GTMAY,Grant Thornton,20437000,2.029,41466673
25367,2016,MAGIC SOFTWARE ENTERPRISES,MGIC,E&Y,44356000,6.6684,295783550.4
25367,2017,MAGIC SOFTWARE ENTERPRISES,MGIC,E&Y,44489000,8.3776,372711046.4
25367,2018,MAGIC SOFTWARE ENTERPRISES,MGIC,E&Y,48861000,7.63,372809430
25376,2016,COLUMBIA BANKING SYSTEM INC,COLB,Deloitte,58042000,44.68,2593316560
25376,2017,COLUMBIA BANKING SYSTEM INC,COLB,Deloitte,73020000,43.44,3171988800
25376,2018,COLUMBIA BANKING SYSTEM INC,COLB,Deloitte,73249000,36.29,2658206210
25389,2016,GRAPHIC PACKAGING HOLDING CO,GPK,E&Y,313534000,12.48,3912904320
25389,2017,GRAPHIC PACKAGING HOLDING CO,GPK,E&Y,309716000,15.45,4785112200
25389,2018,GRAPHIC PACKAGING HOLDING CO,GPK,E&Y,299892000,10.64,3190850880
25405,2016,GENERAL CABLE CORP/DE,BGC,Deloitte,49391000,19.05,940898550
25405,2017,GENERAL CABLE CORP/DE,BGC,Deloitte,50584000,29.6,1497286400
25424,2016,HOSTESS BRANDS INC,TWNK,KPMG,98251000,13,1277263000
25424,2017,HOSTESS BRANDS INC,TWNK,KPMG,99791000,14.81,1477904710
25424,2018,HOSTESS BRANDS INC,TWNK,KPMG,100046000,10.94,1094503240
25430,2016,FUELCELL ENERGY INC,FCEL,KPMG,35174000,3.35,117832900
25430,2017,FUELCELL ENERGY INC,FCEL,KPMG,69493000,2.19,152189670
25430,2018,FUELCELL ENERGY INC,FCEL,KPMG,95672000,0.8453,80871541.6
25434,2016,STARBUCKS CORP,SBUX,Deloitte,1460500000,54.14,79071470000
25434,2017,STARBUCKS CORP,SBUX,Deloitte,1431600000,53.71,76891236000
25434,2018,STARBUCKS CORP,SBUX,Deloitte,1309100000,56.84,74409244000
25466,2016,FERRARI NV,RACE,E&Y,188923000,58.14,10983983220
25466,2017,FERRARI NV,RACE,E&Y,188954000,104.84,19809937360
25466,2018,FERRARI NV,RACE,E&Y,187921000,99.44,18686864240
25495,2016,DYNEGY INC,DYN,E&Y,117301000,8.46,992366460
25495,2017,DYNEGY INC,DYN,E&Y,144384000,11.85,1710950400
25509,2016,SUPERIOR ENERGY SERVICES INC,SPN,KPMG,151862000,16.88,2563430560
25509,2017,SUPERIOR ENERGY SERVICES INC,SPN,KPMG,153263000,9.63,1475922690
25509,2018,SUPERIOR ENERGY SERVICES INC,SPN,KPMG,154885000,3.35,518864750
25536,2016,CENTRAL GARDEN & PET CO,CENTA,Deloitte,51069000,24.8,1266511200
25536,2017,CENTRAL GARDEN & PET CO,CENTA,Deloitte,51832000,37.19,1927632080
25536,2018,CENTRAL GARDEN & PET CO,CENTA,Deloitte,57751000,33.14,1913868140
25539,2016,CPI CARD GROUP INC,PMTS,KPMG,55359000,4.15,229739850
25539,2017,CPI CARD GROUP INC,PMTS,KPMG,11135000,3.67,40865450
25539,2018,CPI CARD GROUP INC,PMTS,KPMG,11160000,2.29,25556400
25572,2016,ENCORE WIRE CORP,WIRE,E&Y,20735000,43.35,898862250
25572,2017,ENCORE WIRE CORP,WIRE,E&Y,20832000,48.65,1013476800
25572,2018,ENCORE WIRE CORP,WIRE,E&Y,20879000,50.18,1047708220
25600,2016,CARE CAPITAL PPTYS INC,CCP,KPMG,83959000,25,2098975000
25632,2016,KENNEDY-WILSON HOLDINGS INC,KW,KPMG,115741000,20.5,2372690500
25632,2017,KENNEDY-WILSON HOLDINGS INC,KW,KPMG,151561000,17.35,2629583350
25632,2018,KENNEDY-WILSON HOLDINGS INC,KW,KPMG,143205000,18.17,2602034850
25633,2016,OMEGA HEALTHCARE INVS INC,OHI,E&Y,196142000,31.26,6131398920
25633,2017,OMEGA HEALTHCARE INVS INC,OHI,E&Y,198309000,27.54,5461429860
25633,2018,OMEGA HEALTHCARE INVS INC,OHI,E&Y,202346000,35.15,7112461900
25648,2016,ROCHE HOLDING AG,RHHBY,KPMG,6815421000,28.607,1.94969E+11
25648,2017,ROCHE HOLDING AG,RHHBY,KPMG,6830798000,31.619,2.15983E+11
25648,2018,ROCHE HOLDING AG,RHHBY,KPMG,6835424000,30.863,2.10962E+11
25665,2016,LTC PROPERTIES INC,LTC,E&Y,39221000,46.98,1842602580
25665,2017,LTC PROPERTIES INC,LTC,E&Y,39570000,43.55,1723273500
25665,2018,LTC PROPERTIES INC,LTC,E&Y,39657000,41.68,1652903760
25676,2016,PERCEPTRON INC,PRCP,BDO Seidman,9370000,4.68,43851600
25676,2017,PERCEPTRON INC,PRCP,BDO Seidman,9438000,7.28,68708640
25676,2018,PERCEPTRON INC,PRCP,BDO Seidman,9554000,10.55,100794700
25680,2016,LAYNE CHRISTENSEN CO,LAYN,Deloitte,19805000,10.43,206566150
25680,2017,LAYNE CHRISTENSEN CO,LAYN,Deloitte,19917000,13.49,268680330
25709,2017,EQUUS TOTAL RETURN INC,EQS,BDO Seidman,13518000,2.4,32443200
25709,2018,EQUUS TOTAL RETURN INC,EQS,BDO Seidman,13518000,1.96,26495280
25714,2016,SHINHAN FINANCIAL GROUP LTD,SHG,KPMG,474200000,37.64,17848888000
25714,2017,SHINHAN FINANCIAL GROUP LTD,SHG,KPMG,474200000,46.4,22002880000
25714,2018,SHINHAN FINANCIAL GROUP LTD,SHG,KPMG,470551000,35.49,16699854990
25737,2016,CHEESECAKE FACTORY INC,CAKE,PwC,47692000,59.88,2855796960
25737,2017,CHEESECAKE FACTORY INC,CAKE,PwC,45878000,48.18,2210402040
25737,2018,CHEESECAKE FACTORY INC,CAKE,KPMG,44830000,43.51,1950553300
25747,2016,LITTELFUSE INC,LFUS,Grant Thornton,22627000,151.77,3434099790
25747,2017,LITTELFUSE INC,LFUS,Grant Thornton,22713000,197.82,4493085660
25747,2018,LITTELFUSE INC,LFUS,Grant Thornton,24774000,171.48,4248245520
25749,2016,ASGN INC,ASGN,Deloitte,52716000,44.16,2327938560
25749,2017,ASGN INC,ASGN,Deloitte,52152000,64.27,3351809040
25749,2018,ASGN INC,ASGN,Deloitte,52511000,54.5,2861849500
25750,2017,APTOSE BIOSCIENCES INC,APTO,KPMG,27502000,2.24,61604480
25750,2018,APTOSE BIOSCIENCES INC,APTO,KPMG,38162000,1.91,72889420
25751,2016,BANCO LATINOAMERICANO DE COM,BLX,Deloitte,39160000,29.44,1152870400
25751,2017,BANCO LATINOAMERICANO DE COM,BLX,Deloitte,39429000,26.9,1060640100
25751,2018,BANCO LATINOAMERICANO DE COM,BLX,KPMG,39539000,17.3,684024700
25753,2016,COMPANIA CERVECERIAS UNIDAS,CCU,PwC,184751000,20.98,3876075980
25753,2017,COMPANIA CERVECERIAS UNIDAS,CCU,PwC,184751000,29.58,5464934580
25753,2018,COMPANIA CERVECERIAS UNIDAS,CCU,PwC,184751000,25.13,4642792630
25756,2016,PURE STORAGE INC,PSTG,Deloitte,204364000,11.37,2323618680
25756,2017,PURE STORAGE INC,PSTG,Deloitte,220979000,20.14,4450517060
25756,2018,PURE STORAGE INC,PSTG,Deloitte,243524000,17.91,4361514840
25770,2016,PACE HOLDINGS CORP,PACE,KPMG,13615000,10.12,137783800
25773,2016,CREATIVE TECHNOLOGY LTD,CREAF,PwC,70332000,0.76,53452320
25773,2017,CREATIVE TECHNOLOGY LTD,CREAF,PwC,70332000,0.695,48880740
25773,2018,CREATIVE TECHNOLOGY LTD,CREAF,PwC,70332000,4.83,339703560
25774,2016,ELECTRONICS FOR IMAGING INC,EFII,Deloitte,46581000,43.86,2043042660
25774,2017,ELECTRONICS FOR IMAGING INC,EFII,Deloitte,45179000,29.53,1334135870
25774,2018,ELECTRONICS FOR IMAGING INC,EFII,Deloitte,42420000,24.8,1052016000
25848,2016,KEMET CORP,KEM,E&Y,46689000,12,560268000
25848,2017,KEMET CORP,KEM,E&Y,56641000,18.13,1026901330
25848,2018,KEMET CORP,KEM,E&Y,57822000,16.97,981239340
25850,2016,TRINITY BIOTECH PLC,TRIB,Grant Thornton,23105000,6.92,159886600
25850,2017,TRINITY BIOTECH PLC,TRIB,Grant Thornton,20929000,5.1,106737900
25850,2018,TRINITY BIOTECH PLC,TRIB,Grant Thornton,20902000,2.29,47865580
25870,2016,MINERALS TECHNOLOGIES INC,MTX,KPMG,34970000,77.25,2701432500
25870,2017,MINERALS TECHNOLOGIES INC,MTX,KPMG,35374000,68.85,2435499900
25870,2018,MINERALS TECHNOLOGIES INC,MTX,KPMG,35190000,51.34,1806654600
25874,2016,PETROQUEST ENERGY INC,PQUEQ,E&Y,21197000,3.31,70162070
25874,2017,PETROQUEST ENERGY INC,PQUEQ,E&Y,25521000,1.89,48234690
25880,2016,PATTERSON COS INC,PDCO,E&Y,96534000,44.49,4294797660
25880,2017,PATTERSON COS INC,PDCO,E&Y,94756000,23.28,2205919680
25880,2018,PATTERSON COS INC,PDCO,E&Y,95272000,21.84,2080740480
25893,2016,SITEONE LANDSCAPE SUPPLY INC,SITE,Deloitte,39577000,34.73,1374509210
25893,2017,SITEONE LANDSCAPE SUPPLY INC,SITE,Deloitte,39956000,76.7,3064625200
25893,2018,SITEONE LANDSCAPE SUPPLY INC,SITE,Deloitte,40890000,55.27,2259990300
25895,2016,RADIAN GROUP INC,RDN,PwC,214521000,17.98,3857087580
25895,2017,RADIAN GROUP INC,RDN,PwC,215814000,20.61,4447926540
25895,2018,RADIAN GROUP INC,RDN,PwC,213473000,16.36,3492418280
25898,2016,SURGERY PARTNERS INC,SGRY,E&Y,48489000,15.85,768550650
25898,2017,SURGERY PARTNERS INC,SGRY,E&Y,48687000,12.1,589112700
25898,2018,SURGERY PARTNERS INC,SGRY,Deloitte,48869000,9.79,478427510
25904,2016,ACLARIS THERAPEUTICS INC,ACRS,PwC,26059000,27.14,707241260
25904,2017,ACLARIS THERAPEUTICS INC,ACRS,PwC,30857000,24.66,760933620
25904,2018,ACLARIS THERAPEUTICS INC,ACRS,PwC,41211000,7.39,304549290
25915,2016,QUMU CORP,QUMU,KPMG,9227000,2.38,21960260
25915,2017,QUMU CORP,QUMU,KPMG,9365000,2.37,22195050
25915,2018,QUMU CORP,QUMU,KPMG,9624000,1.9,18285600
25922,2016,KADANT INC,KAI,KPMG,10937000,61.2,669344400
25922,2017,KADANT INC,KAI,KPMG,11010000,100.4,1105404000
25922,2018,KADANT INC,KAI,KPMG,11110000,81.46,905020600
25923,2016,HG HOLDINGS INC,STLY,BDO Seidman,14731000,0.9002,13260846.2
25923,2017,HG HOLDINGS INC,STLY,BDO Seidman,14920000,0.87,12980400
25923,2018,HG HOLDINGS INC,STLY,BDO Seidman,14712000,0.435,6399720
25937,2016,LIGAND PHARMACEUTICAL INC,LGND,E&Y,20909000,101.61,2124563490
25937,2017,LIGAND PHARMACEUTICAL INC,LGND,E&Y,21149000,136.93,2895932570
25937,2018,LIGAND PHARMACEUTICAL INC,LGND,E&Y,20766000,135.7,2817946200
25950,2016,TAUBMAN CENTERS INC,TCO,KPMG,60431000,73.93,4467663830
25950,2017,TAUBMAN CENTERS INC,TCO,KPMG,60833000,65.43,3980303190
25950,2018,TAUBMAN CENTERS INC,TCO,KPMG,61069000,45.49,2778028810
25964,2016,CHART INDUSTRIES INC,GTLS,E&Y,30613000,36.02,1102680260
25964,2017,CHART INDUSTRIES INC,GTLS,E&Y,30805000,46.86,1443522300
25964,2018,CHART INDUSTRIES INC,GTLS,E&Y,31364000,65.03,2039600920
25978,2016,MRV COMMUNICATIONS INC,MRVC,Grant Thornton,6802000,8.15,55436300
25979,2017,PERMA-FIX ENVIRONMENTAL SVCS,PESI,Grant Thornton,11731000,3.65,42818150
25979,2018,PERMA-FIX ENVIRONMENTAL SVCS,PESI,Grant Thornton,11937000,2.35,28051950
26012,2016,BLACK BOX CORP,BBOX,BDO Seidman,14960000,8.95,133892000
26012,2017,BLACK BOX CORP,BBOX,BDO Seidman,15141000,2,30282000
26013,2016,SM ENERGY CO,SM,E&Y,111258000,34.48,3836175840
26013,2017,SM ENERGY CO,SM,E&Y,111687000,22.08,2466048960
26013,2018,SM ENERGY CO,SM,E&Y,112242000,15.48,1737506160
26021,2016,SEACOR HOLDINGS INC,CKH,E&Y,17401000,71.28,1240343280
26021,2017,SEACOR HOLDINGS INC,CKH,Grant Thornton,17940000,46.22,829186800
26021,2018,SEACOR HOLDINGS INC,CKH,Grant Thornton,18330000,37,678210000
26037,2016,HMS HOLDINGS CORP,HMSY,KPMG,83553000,18.16,1517322480
26037,2017,HMS HOLDINGS CORP,HMSY,Grant Thornton,83257000,16.95,1411206150
26037,2018,HMS HOLDINGS CORP,HMSY,Grant Thornton,85262000,28.13,2398420060
26061,2016,IAC/INTERACTIVECORP,IAC,E&Y,78384000,64.79,5078499360
26061,2017,IAC/INTERACTIVECORP,IAC,E&Y,82618000,122.28,10102529040
26061,2018,IAC/INTERACTIVECORP,IAC,E&Y,83752000,183.04,15329966080
26069,2016,GULFPORT ENERGY CORP,GPOR,Grant Thornton,158830000,21.64,3437081200
26069,2017,GULFPORT ENERGY CORP,GPOR,Grant Thornton,183106000,12.76,2336432560
26069,2018,GULFPORT ENERGY CORP,GPOR,Grant Thornton,162986000,6.55,1067558300
26081,2016,KURA ONCOLOGY INC,KURA,E&Y,19348000,5.9,114153200
26081,2017,KURA ONCOLOGY INC,KURA,E&Y,29424000,15.3,450187200
26081,2018,KURA ONCOLOGY INC,KURA,E&Y,38148000,14.04,535597920
26094,2016,MIRNA THERAPEUTICS INC,MIRN,E&Y,20841000,1.8,37513800
26112,2016,CYTOMX THERAPEUTICS INC,CTMX,PwC,36490000,10.99,401025100
26112,2017,CYTOMX THERAPEUTICS INC,CTMX,E&Y,38479000,21.11,812291690
26112,2018,CYTOMX THERAPEUTICS INC,CTMX,E&Y,45083000,15.1,680753300
26123,2016,NOVOCURE LTD,NVCR,E&Y,87066000,7.85,683468100
26123,2017,NOVOCURE LTD,NVCR,E&Y,89478000,20.2,1807455600
26123,2018,NOVOCURE LTD,NVCR,E&Y,93254000,33.48,3122143920
26126,2016,AMERICAN RENAL ASSOCS HLDGS,ARA,Grant Thornton,30895000,21.28,657445600
26126,2017,AMERICAN RENAL ASSOCS HLDGS,ARA,Grant Thornton,32034000,17.4,557391600
26144,2016,AT HOME GROUP INC,HOME,E&Y,60367000,15.24,919993080
26144,2017,AT HOME GROUP INC,HOME,E&Y,61423000,31.68,1945880640
26144,2018,AT HOME GROUP INC,HOME,E&Y,63610000,22.04,1401964400
26146,2016,REGENXBIO INC,RGNX,PwC,26477000,18.55,491148350
26146,2017,REGENXBIO INC,RGNX,PwC,31295000,33.25,1040558750
26146,2018,REGENXBIO INC,RGNX,PwC,36120000,41.95,1515234000
26147,2016,PENUMBRA INC,PEN,Deloitte,31109000,63.8,1984754200
26147,2017,PENUMBRA INC,PEN,Deloitte,33685000,94.1,3169758500
26147,2018,PENUMBRA INC,PEN,Deloitte,34437000,122.2,4208201400
26148,2016,NABRIVA THERAPEUTICS PLC,NBRV,PwC,27197000,5.96,162094120
26148,2017,NABRIVA THERAPEUTICS PLC,NBRV,KPMG,36708000,5.98,219513840
26148,2018,NABRIVA THERAPEUTICS PLC,NBRV,KPMG,67019000,1.46,97847740
26149,2016,CERECOR INC,CERC,E&Y,9434000,0.8804,8305693.6
26149,2017,CERECOR INC,CERC,E&Y,31267000,3.2,100054400
26149,2018,CERECOR INC,CERC,E&Y,40804000,3.23,131796920
26156,2016,HEWLETT PACKARD ENTERPRISE,HPE,E&Y,1666000000,22.47,37435020000
26156,2017,HEWLETT PACKARD ENTERPRISE,HPE,E&Y,1595161000,13.92,22204641120
26156,2018,HEWLETT PACKARD ENTERPRISE,HPE,E&Y,1423000000,15.25,21700750000
26157,2016,QUORUM HEALTH CORP,QHC,Deloitte,29482000,7.27,214334140
26157,2017,QUORUM HEALTH CORP,QHC,Deloitte,30295000,6.24,189040800
26157,2018,QUORUM HEALTH CORP,QHC,Deloitte,31521000,2.89,91095690
26162,2017,ANAPTYSBIO INC,ANAB,KPMG,23791000,100.72,2396229520
26162,2018,ANAPTYSBIO INC,ANAB,KPMG,26922000,63.79,1717354380
26197,2016,DIMENSION THERAPEUTICS INC,DMTX,PwC,25044000,4.35,108941400
26204,2016,AKARI THERAPEUTICS PLC -ADR,AKTX,BDO Seidman,11777000,7.04,82910080
26204,2017,AKARI THERAPEUTICS PLC -ADR,AKTX,BDO Seidman,15257000,4.33,66062810
26204,2018,AKARI THERAPEUTICS PLC -ADR,AKTX,BDO Seidman,15807000,1.57,24816990
26269,2016,MYOKARDIA INC,MYOK,PwC,31429000,12.95,407005550
26269,2017,MYOKARDIA INC,MYOK,PwC,35813000,42.1,1507727300
26269,2018,MYOKARDIA INC,MYOK,PwC,40289000,48.86,1968520540
26272,2016,AQUAVENTURE HOLDINGS LTD,WAAS,KPMG,26388000,24.53,647297640
26272,2017,AQUAVENTURE HOLDINGS LTD,WAAS,KPMG,26482000,15.52,411000640
26272,2018,AQUAVENTURE HOLDINGS LTD,WAAS,KPMG,26780000,18.89,505874200
26273,2016,EDGE THERAPEUTICS INC,EDGE,KPMG,28919000,12.5,361487500
26273,2017,EDGE THERAPEUTICS INC,EDGE,KPMG,30869000,9.37,289242530
26273,2018,EDGE THERAPEUTICS INC,EDGE,KPMG,31450000,0.321,10095450
26304,2016,CSRA INC,CSRA,Deloitte,163216000,29.29,4780596640
26305,2017,LAUREATE EDUCATION INC,LAUR,PwC,187495000,13.56,2542432200
26305,2018,LAUREATE EDUCATION INC,LAUR,PwC,224315000,15.24,3418560600
26321,2016,INSTRUCTURE INC,INST,E&Y,28554000,19.55,558230700
26321,2017,INSTRUCTURE INC,INST,E&Y,30860000,33.1,1021466000
26321,2018,INSTRUCTURE INC,INST,E&Y,35386000,37.51,1327328860
26335,2016,DULUTH HOLDINGS INC,DLTH,Grant Thornton,32376000,22.62,732345120
26335,2017,DULUTH HOLDINGS INC,DLTH,Grant Thornton,32462000,17.61,571655820
26335,2018,DULUTH HOLDINGS INC,DLTH,Grant Thornton,32574000,23.88,777867120
26340,2016,WAVE LIFE SCIENCES LTD,WVE,KPMG,23502000,26.15,614577300
26340,2017,WAVE LIFE SCIENCES LTD,WVE,KPMG,27829000,35.1,976797900
26340,2018,WAVE LIFE SCIENCES LTD,WVE,KPMG,29472000,42.04,1239002880
26341,2016,VOYAGER THERAPEUTICS INC,VYGR,E&Y,25598000,12.74,326118520
26341,2017,VOYAGER THERAPEUTICS INC,VYGR,E&Y,31572000,16.6,524095200
26341,2018,VOYAGER THERAPEUTICS INC,VYGR,E&Y,32365000,9.4,304231000
26343,2016,ARMSTRONG FLOORING INC,AFI,KPMG,27896000,19.91,555409360
26343,2017,ARMSTRONG FLOORING INC,AFI,KPMG,25734000,16.92,435419280
26343,2018,ARMSTRONG FLOORING INC,AFI,KPMG,25832000,11.84,305850880
26349,2016,AXSOME THERAPEUTICS INC,AXSM,E&Y,19158000,6.75,129316500
26349,2017,AXSOME THERAPEUTICS INC,AXSM,E&Y,25493000,5.6,142760800
26349,2018,AXSOME THERAPEUTICS INC,AXSM,E&Y,30087000,2.82,84845340
26351,2016,NORTHSTAR REALTY EUROPE CORP,NRE,PwC,55395000,12.57,696315150
26351,2017,NORTHSTAR REALTY EUROPE CORP,NRE,PwC,55402000,13.43,744048860
26351,2018,NORTHSTAR REALTY EUROPE CORP,NRE,PwC,49807000,14.54,724193780
26359,2017,APELLIS PHARMACEUTICALS,APLS,E&Y,50334000,21.7,1092247800
26359,2018,APELLIS PHARMACEUTICALS,APLS,E&Y,56279000,13.19,742320010
26361,2016,RED ROCK RESORTS INC,RRR,E&Y,65893000,23.19,1528058670
26361,2017,RED ROCK RESORTS INC,RRR,E&Y,68898000,33.74,2324618520
26361,2018,RED ROCK RESORTS INC,RRR,E&Y,69663000,20.31,1414855530
26367,2016,SQUARE INC,SQ,KPMG,364547000,13.63,4968775610
26367,2017,SQUARE INC,SQ,KPMG,395194000,34.67,13701375980
26367,2018,SQUARE INC,SQ,KPMG,417048000,56.09,23392222320
26368,2016,MIMECAST LTD,MIME,E&Y,55902000,22.39,1251645780
26368,2017,MIMECAST LTD,MIME,E&Y,58950000,35.43,2088598500
26368,2018,MIMECAST LTD,MIME,E&Y,61158000,47.35,2895831300
26376,2016,BEIGENE LTD,BGNE,E&Y,39680000,30.36,1204684800
26376,2017,BEIGENE LTD,BGNE,E&Y,45544000,97.72,4450559680
26376,2018,BEIGENE LTD,BGNE,E&Y,59713000,140.26,8375345380
26381,2016,MATCH GROUP INC,MTCH,E&Y,255716000,17.1,4372743600
26381,2017,MATCH GROUP INC,MTCH,E&Y,274289000,31.31,8587988590
26381,2018,MATCH GROUP INC,MTCH,E&Y,278380000,42.77,11906312600
26382,2016,NUVECTRA CORP,NVTR,Deloitte,10320000,5.03,51909600
26382,2017,NUVECTRA CORP,NVTR,Deloitte,10849000,7.76,84188240
26382,2018,NUVECTRA CORP,NVTR,Deloitte,17690000,16.34,289054600
26385,2016,MERUS NV,MRUS,KPMG,16086000,21.11,339575460
26385,2017,MERUS NV,MRUS,KPMG,19430000,19.4,376942000
26385,2018,MERUS NV,MRUS,KPMG,23359000,14,327026000
26410,2016,FOUR CORNERS PROPERTY TR INC,FCPT,KPMG,59924000,20.52,1229640480
26410,2017,FOUR CORNERS PROPERTY TR INC,FCPT,KPMG,61329000,25.7,1576155300
26410,2018,FOUR CORNERS PROPERTY TR INC,FCPT,KPMG,68204000,26.2,1786944800
26411,2016,NOBLE MIDSTREAM PARTNERS LP,NBLX,KPMG,31806000,36,1145016000
26411,2017,NOBLE MIDSTREAM PARTNERS LP,NBLX,KPMG,39615000,50,1980750000
26411,2018,NOBLE MIDSTREAM PARTNERS LP,NBLX,KPMG,39662000,28.84,1143852080
26413,2016,ASSOCIATED CAPITAL GROUP INC,AC,Deloitte,24256000,32.85,796809600
26413,2017,ASSOCIATED CAPITAL GROUP INC,AC,Deloitte,23639000,34.1,806089900
26413,2018,ASSOCIATED CAPITAL GROUP INC,AC,Deloitte,22585000,35.23,795669550
26434,2016,PYXIS TANKERS INC,PXS,E&Y,18278000,2.6,47522800
26434,2017,PYXIS TANKERS INC,PXS,E&Y,20878000,3.22,67227160
26434,2018,PYXIS TANKERS INC,PXS,E&Y,21060000,0.9972,21001032
26475,2017,CLIPPER REALTY INC,CLPR,BDO Seidman,17813000,9.99,177951870
26475,2018,CLIPPER REALTY INC,CLPR,BDO Seidman,17813000,13.07,232815910
26494,2016,ATLASSIAN CORP PLC,TEAM,E&Y,216202000,25.9,5599631800
26494,2017,ATLASSIAN CORP PLC,TEAM,E&Y,227264000,35.18,7995147520
26494,2018,ATLASSIAN CORP PLC,TEAM,E&Y,235315000,62.52,14711893800
26495,2016,WELBILT INC,WBT,PwC,138562000,19.33,2678403460
26495,2017,WELBILT INC,WBT,PwC,139440000,23.51,3278234400
26495,2018,WELBILT INC,WBT,PwC,140253000,11.11,1558210830
26509,2017,ELEVATE CREDIT INC,ELVT,Grant Thornton,42166000,7.53,317509980
26509,2018,ELEVATE CREDIT INC,ELVT,Grant Thornton,43329000,4.48,194113920
26537,2016,YIRENDAI LTD -ADR,YRD,Deloitte,59756000,20.72,1238144320
26537,2017,YIRENDAI LTD -ADR,YRD,Deloitte,60672000,43.97,2667747840
26537,2018,YIRENDAI LTD -ADR,YRD,Deloitte,61564000,10.75,661813000
26539,2016,ELDORADO GOLD CORP,EGO,KPMG,716038000,3.22,2305642360
26539,2017,ELDORADO GOLD CORP,EGO,KPMG,792305000,1.43,1132996150
26539,2018,ELDORADO GOLD CORP,EGO,KPMG,158294000,2.88,455886720
26545,2016,RMR GROUP INC,RMR,E&Y,16082000,37.94,610151080
26545,2017,RMR GROUP INC,RMR,E&Y,16164000,51.35,830021400
26545,2018,RMR GROUP INC,RMR,E&Y,16230000,92.8,1506144000
26573,2016,STG GROUP INC,STGGQ,BDO Seidman,16603000,3,49809000
26590,2016,FORTIVE CORP,FTV,E&Y,345900000,53.63,18550617000
26590,2017,FORTIVE CORP,FTV,E&Y,347800000,72.35,25163330000
26590,2018,FORTIVE CORP,FTV,E&Y,334500000,67.66,22632270000
26636,2016,SENSEONICS HLDGS INC,SENS,E&Y,93570000,2.67,249831900
26636,2017,SENSEONICS HLDGS INC,SENS,E&Y,136883000,2.66,364108780
26636,2018,SENSEONICS HLDGS INC,SENS,E&Y,176918000,2.59,458217620
26658,2016,AVANGRID INC,AGR,E&Y,308993000,37.88,11704654840
26658,2017,AVANGRID INC,AGR,KPMG,309005000,50.58,15629472900
26658,2018,AVANGRID INC,AGR,KPMG,309005000,50.09,15478060450
26676,2016,AZURE POWER GLOBAL LTD,AZRE,E&Y,25916000,18.66,483592560
26676,2017,AZURE POWER GLOBAL LTD,AZRE,E&Y,25997000,13.25,344460250
26676,2018,AZURE POWER GLOBAL LTD,AZRE,E&Y,41040000,11.27,462520800
26677,2016,SECUREWORKS CORP,SCWX,PwC,80566000,10.34,833052440
26677,2017,SECUREWORKS CORP,SCWX,PwC,81085000,9.68,784902800
26677,2018,SECUREWORKS CORP,SCWX,PwC,81016000,22.92,1856886720
26709,2016,VERSUM MATERIALS INC,VSM,KPMG,108675000,22.7,2466922500
26709,2017,VERSUM MATERIALS INC,VSM,KPMG,108815000,38.82,4224198300
26709,2018,VERSUM MATERIALS INC,VSM,KPMG,108952000,36.01,3923361520
26721,2016,BROOKFIELD BUSINESS PRTNR LP,BBU,Deloitte,51845000,24.06,1247390700
26721,2017,BROOKFIELD BUSINESS PRTNR LP,BBU,Deloitte,66186000,34.52,2284740720
26721,2018,BROOKFIELD BUSINESS PRTNR LP,BBU,Deloitte,66186000,30.39,2011392540
26722,2016,ACACIA COMMUNICATIONS INC,ACIA,Deloitte,37998000,61.75,2346376500
26722,2017,ACACIA COMMUNICATIONS INC,ACIA,Deloitte,39606000,36.23,1434925380
26722,2018,ACACIA COMMUNICATIONS INC,ACIA,Deloitte,40050000,38,1521900000
26746,2017,NUTANIX INC,NTNX,Deloitte,154637000,21.245,3285263065
26746,2018,NUTANIX INC,NTNX,Deloitte,172858000,48.89,8451027620
26749,2016,HERC HOLDINGS INC,HRI,PwC,28300000,40.16,1136528000
26749,2017,HERC HOLDINGS INC,HRI,PwC,28300000,62.61,1771863000
26749,2018,HERC HOLDINGS INC,HRI,PwC,28500000,25.99,740715000
26753,2016,FERROGLOBE PLC,GSM,Deloitte,171838000,10.83,1861005540
26753,2017,FERROGLOBE PLC,GSM,Deloitte,171977000,16.2,2786027400
26753,2018,FERROGLOBE PLC,GSM,Deloitte,170864000,1.59,271673760
26754,2016,ABILITY INC,ABIL,BDO Seidman,25756000,2.77,71344120
26754,2018,ABILITY INC,ABIL,BDO Seidman,6305000,1.9,11979500
26755,2016,PROTEOSTASIS THERAPEUTICS,PTI,PwC,25001000,12.26,306512260
26755,2017,PROTEOSTASIS THERAPEUTICS,PTI,PwC,34416000,5.83,200645280
26755,2018,PROTEOSTASIS THERAPEUTICS,PTI,PwC,50808000,3.24,164617920
26768,2016,SSR MINING INC,SSRM,PwC,119401000,8.92,1065056920
26768,2017,SSR MINING INC,SSRM,PwC,119841000,8.79,1053402390
26768,2018,SSR MINING INC,SSRM,PwC,120740000,12.09,1459746600
26788,2016,TABULA RASA HEALTHCARE INC,TRHC,KPMG,16628000,14.98,249087440
26788,2017,TABULA RASA HEALTHCARE INC,TRHC,KPMG,19298000,28.05,541308900
26788,2018,TABULA RASA HEALTHCARE INC,TRHC,KPMG,20558000,63.76,1310778080
26792,2016,GRUPO SUPERVIELLE,SUPV,PwC,72756000,13.14,956013840
26792,2017,GRUPO SUPERVIELLE,SUPV,PwC,91344000,29.32,2678206080
26792,2018,GRUPO SUPERVIELLE,SUPV,PwC,91344000,8.68,792865920
26798,2016,CLEARSIDE BIOMEDICAL INC,CLSD,E&Y,24573000,8.94,219682620
26798,2017,CLEARSIDE BIOMEDICAL INC,CLSD,E&Y,25355000,7,177485000
26798,2018,CLEARSIDE BIOMEDICAL INC,CLSD,E&Y,32119000,1.07,34367330
26809,2016,DIFFUSION PHARMACEUTICALS,DFFN,KPMG,10346000,2.26,23381960
26809,2017,DIFFUSION PHARMACEUTICALS,DFFN,KPMG,14520000,1.18,17133600
26809,2018,DIFFUSION PHARMACEUTICALS,DFFN,KPMG,3376000,1.99,6718240
26812,2016,GCP APPLIED TECHNOLOGIES INC,GCP,PwC,71082000,26.75,1901443500
26812,2017,GCP APPLIED TECHNOLOGIES INC,GCP,PwC,71754000,31.9,2288952600
26812,2018,GCP APPLIED TECHNOLOGIES INC,GCP,PwC,72176000,24.55,1771920800
26817,2016,OUTLOOK THERAPEUTICS INC,OTLK,KPMG,22803000,4.25,96912750
26817,2017,OUTLOOK THERAPEUTICS INC,OTLK,KPMG,24934000,1.37,34159580
26817,2018,OUTLOOK THERAPEUTICS INC,OTLK,KPMG,72220000,0.98,70775600
26818,2016,AVEXIS INC,AVXS,PwC,27700000,47.73,1322121000
26818,2017,AVEXIS INC,AVXS,Deloitte,32090000,110.67,3551400300
26847,2016,TACTILE SYSTEMS TECHNOLOGY,TCMD,Grant Thornton,16834000,16.41,276245940
26847,2017,TACTILE SYSTEMS TECHNOLOGY,TCMD,Grant Thornton,17846000,28.98,517177080
26847,2018,TACTILE SYSTEMS TECHNOLOGY,TCMD,Grant Thornton,18631000,45.55,848642050
26864,2016,CENTENNIAL RES DVLPMNT INC,CDEV,KPMG,201092000,19.72,3965534240
26864,2017,CENTENNIAL RES DVLPMNT INC,CDEV,KPMG,260328000,19.8,5154494400
26864,2018,CENTENNIAL RES DVLPMNT INC,CDEV,KPMG,264323000,11.02,2912839460
26873,2016,MOLECULIN BIOTECH INC,MBRX,Grant Thornton,12165000,2.28,27736200
26873,2017,MOLECULIN BIOTECH INC,MBRX,Grant Thornton,21469000,1.86,39932340
26873,2018,MOLECULIN BIOTECH INC,MBRX,Grant Thornton,28529000,1.04,29670160
26874,2016,EDITAS MEDICINE INC,EDIT,E&Y,35818000,16.23,581326140
26874,2017,EDITAS MEDICINE INC,EDIT,E&Y,44508000,30.73,1367730840
26874,2018,EDITAS MEDICINE INC,EDIT,E&Y,48759000,22.75,1109267250
26877,2016,TBG DIAGNOSTICS LTD,PGLA,BDO Seidman,217587000,0.21,45693270
26877,2017,TBG DIAGNOSTICS LTD,PGLA,BDO Seidman,217587000,0.0475,10335382.5
26877,2018,TBG DIAGNOSTICS LTD,PGLA,BDO Seidman,217587000,0.0305,6636403.5
26892,2016,REATA PHARMACEUTICALS INC,RETA,E&Y,22345000,21.83,487791350
26892,2017,REATA PHARMACEUTICALS INC,RETA,E&Y,26141000,28.32,740313120
26892,2018,REATA PHARMACEUTICALS INC,RETA,E&Y,29729000,56.1,1667796900
26895,2016,CORVUS PHARMACEUTICALS INC,CRVS,PwC,20922000,14.3,299184600
26895,2017,CORVUS PHARMACEUTICALS INC,CRVS,PwC,21041000,10.36,217984760
26895,2018,CORVUS PHARMACEUTICALS INC,CRVS,PwC,29324000,3.67,107619080
27014,2016,ATKORE INTL GROUP INC,ATKR,Deloitte,62458000,18.74,1170462920
27014,2017,ATKORE INTL GROUP INC,ATKR,Deloitte,63305000,19.51,1235080550
27014,2018,ATKORE INTL GROUP INC,ATKR,Deloitte,47080000,26.53,1249032400
27045,2016,MGM GROWTH PROPERTIES LLC,MGP,Deloitte,57500000,25.31,1455325000
27045,2017,MGM GROWTH PROPERTIES LLC,MGP,Deloitte,70897000,29.15,2066647550
27045,2018,MGM GROWTH PROPERTIES LLC,MGP,Deloitte,70911000,26.41,1872759510
27046,2016,EIGER BIOPHARMACEUTICALS INC,EIGR,KPMG,8357000,11.65,97359050
27046,2017,EIGER BIOPHARMACEUTICALS INC,EIGR,KPMG,10527000,13.95,146851650
27046,2018,EIGER BIOPHARMACEUTICALS INC,EIGR,KPMG,19212000,10.16,195193920
27054,2016,LIBERTY EXPEDIA HOLDINGS INC,LEXEA,KPMG,56963000,39.67,2259722210
27054,2017,LIBERTY EXPEDIA HOLDINGS INC,LEXEA,KPMG,57269000,44.33,2538734770
27054,2018,LIBERTY EXPEDIA HOLDINGS INC,LEXEA,KPMG,57326000,39.11,2242019860
27119,2016,INGEVITY CORP,NGVT,PwC,42116000,54.86,2310483760
27119,2017,INGEVITY CORP,NGVT,PwC,42089000,70.47,2966011830
27119,2018,INGEVITY CORP,NGVT,PwC,41693000,83.69,3489287170
27123,2016,YINTECH INVST HLDGS LTD -ADR,YIN,KPMG,68885000,16.4,1129714000
27123,2017,YINTECH INVST HLDGS LTD -ADR,YIN,KPMG,70698000,9.56,675872880
27123,2018,YINTECH INVST HLDGS LTD -ADR,YIN,KPMG,71447000,6.1,435826700
27131,2016,INVESQUE INC,MHIVF,KPMG,32222000,9.2815,299068493
27131,2017,INVESQUE INC,MHIVF,KPMG,32359000,8.2915,268304648.5
27131,2018,INVESQUE INC,MHIVF,KPMG,52934000,7.07,374243380
27141,2017,ENEL CHILE SA,ENIC,E&Y,981855000,5.68,5576936400
27141,2018,ENEL CHILE SA,ENIC,E&Y,1383332000,4.95,6847493400
27148,2016,ADVANCEPIERRE FOODS HOLDINGS,APFH,PwC,78079000,29.78,2325192620
27155,2016,INTELLIA THERAPEUTICS INC,NTLA,Deloitte,36019000,13.11,472209090
27155,2017,INTELLIA THERAPEUTICS INC,NTLA,Deloitte,42385000,19.22,814639700
27155,2018,INTELLIA THERAPEUTICS INC,NTLA,Deloitte,45224000,13.65,617307600
27186,2016,LIBERTY MEDIA BRAVES GROUP,BATRK,KPMG,49433000,20.49,1012882170
27186,2017,LIBERTY MEDIA BRAVES GROUP,BATRK,KPMG,50948000,22.05,1123403400
27186,2018,LIBERTY MEDIA BRAVES GROUP,BATRK,KPMG,50967000,24.89,1268568630
27187,2016,LIBERTY MEDIA FORMULA ONE,FWONK,KPMG,83797000,31.35,2627035950
27187,2017,LIBERTY MEDIA FORMULA ONE,FWONK,KPMG,230825000,32.72,7552594000
27187,2018,LIBERTY MEDIA FORMULA ONE,FWONK,KPMG,231016000,30.7,7092191200
27199,2016,VAALCO ENERGY INC,EGY,BDO Seidman,58554000,1.04,60896160
27199,2017,VAALCO ENERGY INC,EGY,BDO Seidman,58863000,0.6971,41033397.3
27199,2018,VAALCO ENERGY INC,EGY,BDO Seidman,59596000,1.47,87606120
27201,2016,GEMPHIRE THERAPEUTICS INC,GEMP,E&Y,9270000,7.84,72676800
27201,2017,GEMPHIRE THERAPEUTICS INC,GEMP,E&Y,10633000,7.9454,84483438.2
27201,2018,GEMPHIRE THERAPEUTICS INC,GEMP,E&Y,14265000,0.8099,11553223.5
27215,2017,FGL HOLDINGS,FG,KPMG,214370000,10.07,2158705900
27215,2018,FGL HOLDINGS,FG,KPMG,221061000,6.66,1472266260
27245,2016,COTIVITI HOLDINGS INC,COTV,KPMG,90741000,34.4,3121490400
27245,2017,COTIVITI HOLDINGS INC,COTV,KPMG,92299000,32.21,2972950790
27252,2018,PULSE BIOSCIENCES INC,PLSE,Deloitte,20593000,11.46,235995780
27274,2016,NANTHEALTH INC,NH,E&Y,121243000,9.94,1205155420
27274,2017,NANTHEALTH INC,NH,E&Y,108380000,3.05,330559000
27274,2018,NANTHEALTH INC,NH,E&Y,109491000,0.5442,59585002.2
27299,2016,CHINA ONLINE EDUCATN GP -ADR,COE,PwC,20056000,15.55,311870800
27299,2017,CHINA ONLINE EDUCATN GP -ADR,COE,PwC,20181000,12.5,252262500
27299,2018,CHINA ONLINE EDUCATN GP -ADR,COE,PwC,20395000,7.22,147251900
27318,2016,ZEDGE INC,ZDGE,BDO Seidman,9344000,4.16,38871040
27318,2017,ZEDGE INC,ZDGE,BDO Seidman,9648000,2.07,19971360
27333,2017,ADIENT PLC,ADNT,PwC,93142000,83.99,7822996580
27333,2018,ADIENT PLC,ADNT,PwC,93396000,39.31,3671396760
27335,2016,HIGHLANDS REIT INC,HHDS,KPMG,864891000,0.2,172978200
27335,2017,HIGHLANDS REIT INC,HHDS,KPMG,868424000,0.01,8684240
27335,2018,HIGHLANDS REIT INC,HHDS,KPMG,871689000,0.01,8716890
27338,2016,APTEVO THERAPEUTICS INC,APVO,E&Y,20272000,2.44,49463680
27338,2017,APTEVO THERAPEUTICS INC,APVO,E&Y,21606000,4.24,91609440
27338,2018,APTEVO THERAPEUTICS INC,APVO,E&Y,22808000,1.27,28966160
27345,2016,BANK OF PRINCETON,BPRN,BDO Seidman,4700000,30,141000000
27345,2017,BANK OF PRINCETON,BPRN,BDO Seidman,6551000,34.34,224961340
27345,2018,BANK OF PRINCETON,BPRN,BDO Seidman,6656000,27.9,185702400
27354,2016,SELECTA BIOSCIENCES INC,SELB,E&Y,18439000,17.15,316228850
27354,2017,SELECTA BIOSCIENCES INC,SELB,E&Y,22343000,9.81,219184830
27354,2018,SELECTA BIOSCIENCES INC,SELB,E&Y,22472000,2.66,59775520
27364,2016,TWILIO INC,TWLO,KPMG,87249000,28.85,2517133650
27364,2017,TWILIO INC,TWLO,KPMG,93970000,23.6,2217692000
27364,2018,TWILIO INC,TWLO,KPMG,100080000,89.3,8937144000
27372,2016,AC IMMUNE SA,ACIU,E&Y,56773000,12.98,736913540
27372,2017,AC IMMUNE SA,ACIU,E&Y,57355000,12.8,734144000
27372,2018,AC IMMUNE SA,ACIU,PwC,67562000,9.45,638460900
27373,2016,VALVOLINE INC,VVV,E&Y,205000000,23.49,4815450000
27373,2017,VALVOLINE INC,VVV,E&Y,203000000,23.45,4760350000
27373,2018,VALVOLINE INC,VVV,E&Y,188000000,21.51,4043880000
27386,2017,JELD-WEN HOLDING INC,JELD,PwC,105990000,39.37,4172826300
27386,2018,JELD-WEN HOLDING INC,JELD,PwC,101311000,14.21,1439629310
27387,2016,IMPINJ INC,PI,PwC,20336000,35.34,718674240
27387,2017,IMPINJ INC,PI,PwC,20973000,22.53,472521690
27387,2018,IMPINJ INC,PI,PwC,21492000,14.55,312708600
27392,2016,SYROS PHARMACEUTICALS INC,SYRS,E&Y,23381000,12.16,284312960
27392,2017,SYROS PHARMACEUTICALS INC,SYRS,E&Y,26423000,9.73,257095790
27392,2018,SYROS PHARMACEUTICALS INC,SYRS,E&Y,33766000,5.57,188076620
27393,2016,HILTON GRAND VACATIONS,HGV,E&Y,98803000,26,2568878000
27393,2017,HILTON GRAND VACATIONS,HGV,E&Y,99136000,41.95,4158755200
27393,2018,HILTON GRAND VACATIONS,HGV,E&Y,94558000,26.39,2495385620
27394,2017,PARK HOTELS & RESORTS,PK,E&Y,214845000,28.75,6176793750
27394,2018,PARK HOTELS & RESORTS,PK,E&Y,201198000,25.98,5227124040
27463,2016,INLAND REAL ESTATE INCOME TR,ISTT,KPMG,88156000,7.85,692024600
27476,2016,KADMON HOLDINGS INC,KDMN,BDO Seidman,45079000,5.35,241172650
27476,2017,KADMON HOLDINGS INC,KDMN,BDO Seidman,78644000,3.62,284691280
27476,2018,KADMON HOLDINGS INC,KDMN,BDO Seidman,113131000,2.08,235312480
27490,2016,LINE CORP,LN,PwC,217776000,34.01,7406561760
27490,2017,LINE CORP,LN,PwC,237489000,40.99,9734674110
27490,2018,LINE CORP,LN,PwC,238545000,34.11,8136769950
27555,2017,ORTHOPEDIATRICS CORP,KIDS,Deloitte,12622000,19.19,242216180
27555,2018,ORTHOPEDIATRICS CORP,KIDS,Deloitte,14538000,34.88,507085440
27574,2016,TPI COMPOSITES INC,TPIC,KPMG,33737000,16.04,541141480
27574,2017,TPI COMPOSITES INC,TPIC,KPMG,34021000,20.46,696069660
27574,2018,TPI COMPOSITES INC,TPIC,KPMG,34678000,24.58,852385240
27575,2016,ACUSHNET HOLDINGS CORP,GOLF,PwC,74094000,19.71,1460392740
27575,2017,ACUSHNET HOLDINGS CORP,GOLF,PwC,74479000,21.08,1570017320
27575,2018,ACUSHNET HOLDINGS CORP,GOLF,PwC,74760000,21.07,1575193200
27576,2017,SIMPLY GOOD FOODS COMPANY,SMPL,E&Y,70628000,11.85,836941800
27576,2018,SIMPLY GOOD FOODS COMPANY,SMPL,E&Y,70606000,18,1270908000
27635,2016,COMMERCEHUB INC,CHUBK,KPMG,42921000,15.01,644244210
27635,2017,COMMERCEHUB INC,CHUBK,KPMG,43479000,21.99,956103210
27636,2016,TALEND SA  -ADR,TLND,KPMG,28557000,22.2,633965400
27636,2017,TALEND SA  -ADR,TLND,KPMG,29440000,37.48,1103411200
27636,2018,TALEND SA  -ADR,TLND,KPMG,30158000,37.08,1118258640
27638,2016,ALCOA CORP,AA,PwC,182931000,28.08,5136702480
27638,2017,ALCOA CORP,AA,PwC,185201000,53.87,9976777870
27638,2018,ALCOA CORP,AA,PwC,184770000,26.58,4911186600
27652,2016,KINSALE CAPITAL GROUP INC,KNSL,KPMG,20969000,34.01,713155690
27652,2017,KINSALE CAPITAL GROUP INC,KNSL,KPMG,21036000,45,946620000
27652,2018,KINSALE CAPITAL GROUP INC,KNSL,KPMG,21242000,55.56,1180205520
27653,2018,YETI HOLDINGS INC,YETI,Grant Thornton,84196000,14.84,1249468640
27665,2016,FIRST HAWAIIAN INC,FHB,Deloitte,139531000,34.82,4858469420
27665,2017,FIRST HAWAIIAN INC,FHB,Deloitte,139589000,29.18,4073207020
27665,2018,FIRST HAWAIIAN INC,FHB,Deloitte,134874000,22.51,3036013740
27669,2016,AUDENTES THERAPEUTICS INC,BOLD,KPMG,21731000,18.27,397025370
27669,2017,AUDENTES THERAPEUTICS INC,BOLD,KPMG,29901000,31.25,934406250
27669,2018,AUDENTES THERAPEUTICS INC,BOLD,KPMG,43547000,21.32,928422040
27670,2016,PROTAGONIST THERAPEUTICS INC,PTGX,PwC,16722000,21.99,367716780
27670,2017,PROTAGONIST THERAPEUTICS INC,PTGX,PwC,21088000,20.8,438630400
27670,2018,PROTAGONIST THERAPEUTICS INC,PTGX,PwC,23187000,6.73,156048510
27677,2016,EXTRACTION OIL & GAS INC,XOG,PwC,171835000,20.04,3443573400
27677,2017,EXTRACTION OIL & GAS INC,XOG,PwC,171894000,14.31,2459803140
27677,2018,EXTRACTION OIL & GAS INC,XOG,PwC,171666000,4.29,736447140
27703,2016,AIRGAIN INC,AIRG,KPMG,9275000,14.4,133560000
27703,2017,AIRGAIN INC,AIRG,KPMG,9482000,8.99,85243180
27703,2018,AIRGAIN INC,AIRG,KPMG,9601000,9.91,95145910
27706,2016,INTERNATIONAL SEAWAYS INC,INSW,PwC,29189000,14.04,409813560
27706,2017,INTERNATIONAL SEAWAYS INC,INSW,E&Y,29090000,18.46,537001400
27706,2018,INTERNATIONAL SEAWAYS INC,INSW,E&Y,29185000,16.84,491475400
27716,2016,MADRIGAL PHARMACEUTICALS INC,MDGL,PwC,11952000,14.9,178084800
27716,2017,MADRIGAL PHARMACEUTICALS INC,MDGL,PwC,14228000,91.79,1305988120
27716,2018,MADRIGAL PHARMACEUTICALS INC,MDGL,PwC,15409000,112.72,1736902480
27760,2016,NAUTILUS INC,NLS,Deloitte,30825000,18.5,570262500
27760,2017,NAUTILUS INC,NLS,KPMG,30305000,13.35,404571750
27760,2018,NAUTILUS INC,NLS,KPMG,29545000,10.9,322040500
27780,2016,SITE CENTERS CORP,SITC,PwC,365350000,15.27,5578894500
27780,2017,SITE CENTERS CORP,SITC,PwC,367900000,8.96,3296384000
27780,2018,SITE CENTERS CORP,SITC,PwC,181339000,11.07,2007422730
27786,2016,CHESAPEAKE ENERGY CORP,CHK,PwC,895059000,7.02,6283314180
27786,2017,CHESAPEAKE ENERGY CORP,CHK,PwC,906492000,3.96,3589708320
27786,2018,CHESAPEAKE ENERGY CORP,CHK,PwC,910469000,2.1,1911984900
27794,2016,CREE INC,CREE,PwC,100829000,24.44,2464260760
27794,2017,CREE INC,CREE,PwC,97674000,24.65,2407664100
27794,2018,CREE INC,CREE,PwC,101488000,41.57,4218856160
27800,2016,QUALITY CARE PROPERTIES INC,QCP,Deloitte,93598000,15.5,1450769000
27800,2017,QUALITY CARE PROPERTIES INC,QCP,Deloitte,93810000,13.81,1295516100
27802,2016,LSC COMMUNICATIONS INC,LKSD,Deloitte,32450000,29.68,963116000
27802,2017,LSC COMMUNICATIONS INC,LKSD,Deloitte,34511000,15.15,522841650
27802,2018,LSC COMMUNICATIONS INC,LKSD,Deloitte,33141000,7,231987000
27803,2016,DONNELLEY FINANCIAL SOLTNS,DFIN,Deloitte,32600000,22.98,749148000
27803,2017,DONNELLEY FINANCIAL SOLTNS,DFIN,Deloitte,33800000,19.49,658762000
27803,2018,DONNELLEY FINANCIAL SOLTNS,DFIN,Deloitte,34100000,14.03,478423000
27809,2016,TECHCARE CORP,TECR,PwC,20381000,0.495,10088595
27809,2018,TECHCARE CORP,TECR,PwC,33212000,0.0601,1996041.2
27810,2016,LIVANOVA PLC,LIVN,PwC,48028000,44.97,2159819160
27810,2017,LIVANOVA PLC,LIVN,PwC,48287000,79.92,3859097040
27810,2018,LIVANOVA PLC,LIVN,PwC,48206000,91.47,4409402820
27823,2016,CRYOLIFE INC,CRY,E&Y,32874000,19.15,629537100
27823,2017,CRYOLIFE INC,CRY,E&Y,36231000,19.15,693823650
27823,2018,CRYOLIFE INC,CRY,E&Y,36979000,28.38,1049464020
27828,2016,UNIVERSAL ELECTRONICS INC,UEIC,Grant Thornton,14553000,64.55,939396150
27828,2017,UNIVERSAL ELECTRONICS INC,UEIC,Grant Thornton,14058000,47.25,664240500
27828,2018,UNIVERSAL ELECTRONICS INC,UEIC,Grant Thornton,13817000,25.28,349293760
27841,2016,CONTURA ENERGY INC,CTRA,KPMG,10309000,71,731939000
27841,2017,CONTURA ENERGY INC,CTRA,KPMG,9925000,59.38,589346500
27841,2018,CONTURA ENERGY INC,CTRA,KPMG,19100000,65.74,1255634000
27845,2016,ALLERGAN PLC,AGN,PwC,334900000,210.01,70332349000
27845,2017,ALLERGAN PLC,AGN,PwC,330200000,163.58,54014116000
27845,2018,ALLERGAN PLC,AGN,PwC,332600000,133.66,44455316000
27874,2016,EVERBRIDGE INC,EVBG,KPMG,27151000,18.45,500935950
27874,2017,EVERBRIDGE INC,EVBG,KPMG,28330000,29.72,841967600
27874,2018,EVERBRIDGE INC,EVBG,E&Y,29700000,56.76,1685772000
27875,2016,EQUITY LIFESTYLE PROPERTIES,ELS,E&Y,85529000,72.1,6166640900
27875,2017,EQUITY LIFESTYLE PROPERTIES,ELS,E&Y,88585000,89.02,7885836700
27875,2018,EQUITY LIFESTYLE PROPERTIES,ELS,E&Y,89921000,97.13,8734026730
27885,2016,TRADE DESK INC,TTD,PwC,39131000,27.67,1082754770
27885,2017,TRADE DESK INC,TTD,PwC,41641000,45.73,1904242930
27885,2018,TRADE DESK INC,TTD,PwC,43864000,116.06,5090855840
27887,2016,SABAN CAPITAL ACQUISITION CP,SCAC,KPMG,31241000,10,312410000
27887,2017,SABAN CAPITAL ACQUISITION CP,SCAC,KPMG,31243000,9.91,309618130
27887,2018,SABAN CAPITAL ACQUISITION CP,SCAC,KPMG,27401000,10.08,276202080
27905,2016,NOVAN INC,NOVN,PwC,15940000,27.02,430698800
27905,2017,NOVAN INC,NOVN,PwC,16005000,4.22,67541100
27905,2018,NOVAN INC,NOVN,BDO Seidman,26057000,0.83,21627310
27906,2016,RELIV INTERNATIONAL INC,RELV,E&Y,1845000,4.64,8560800
27906,2017,RELIV INTERNATIONAL INC,RELV,E&Y,1845000,4.77,8800650
27906,2018,RELIV INTERNATIONAL INC,RELV,E&Y,1845000,4.2359,7815235.5
27907,2016,E.L.F. BEAUTY INC,ELF,Deloitte,45276000,28.94,1310287440
27907,2017,E.L.F. BEAUTY INC,ELF,Deloitte,46618000,22.31,1040047580
27907,2018,E.L.F. BEAUTY INC,ELF,Deloitte,48715000,8.66,421871900
27909,2016,APPTIO INC,APTI,PwC,38338000,18.53,710403140
27909,2017,APPTIO INC,APTI,PwC,42113000,23.52,990497760
27914,2016,HUMANA INC,HUM,PwC,149305000,204.03,30462699150
27914,2017,HUMANA INC,HUM,PwC,137679000,248.07,34154029530
27914,2018,HUMANA INC,HUM,PwC,135567000,286.48,38837234160
27920,2016,VICAL INC,VICL,E&Y,11052000,2.3,25419600
27920,2017,VICAL INC,VICL,E&Y,21802000,1.83,39897660
27920,2018,VICAL INC,VICL,E&Y,21817000,1.18,25744060
27922,2016,GRIDSUM HOLDING INC  -ADR,GSUM,PwC,29735000,10.19,302999650
27925,2016,AVID TECHNOLOGY INC,AVID,BDO Seidman,40727000,4.4,179198800
27925,2017,AVID TECHNOLOGY INC,AVID,BDO Seidman,41356000,5.39,222908840
27925,2018,AVID TECHNOLOGY INC,AVID,BDO Seidman,41948000,4.75,199253000
27928,2016,INTUIT INC,INTU,E&Y,257853000,110.99,28619104470
27928,2017,INTUIT INC,INTU,E&Y,255668000,137.21,35080206280
27928,2018,INTUIT INC,INTU,E&Y,258616000,204.24,52819731840
27932,2016,HALLMARK FINANCIAL SERVICES,HALL,E&Y,18612000,11.63,216457560
27932,2017,HALLMARK FINANCIAL SERVICES,HALL,BDO Seidman,18169000,10.43,189502670
27932,2018,HALLMARK FINANCIAL SERVICES,HALL,BDO Seidman,18027000,10.69,192708630
27936,2016,DESTINATION MATERNITY CORP,DEST,KPMG,14010000,5.66,79296600
27936,2017,DESTINATION MATERNITY CORP,DEST,KPMG,14684000,2.55,37444200
27936,2018,DESTINATION MATERNITY CORP,DEST,KPMG,14417000,2.98,42962660
27938,2016,SHOE CARNIVAL INC,SCVL,Deloitte,18135000,25.57,463711950
27938,2017,SHOE CARNIVAL INC,SCVL,Deloitte,16947000,22.85,387238950
27938,2018,SHOE CARNIVAL INC,SCVL,Deloitte,15375000,36.88,567030000
27945,2016,CAPSTAR FINANCIAL HLDGS INC,CSTR,KPMG,11205000,21.96,246061800
27946,2016,ARTEMIS THERAPEUTICS INC,ATMS,Deloitte,5775000,0.75,4331250
27946,2017,ARTEMIS THERAPEUTICS INC,ATMS,Deloitte,5153000,1.6,8244800
27946,2018,ARTEMIS THERAPEUTICS INC,ATMS,Deloitte,5153000,0.6001,3092315.3
27960,2016,ALAMO GROUP INC,ALG,KPMG,11420000,76.1,869062000
27960,2017,ALAMO GROUP INC,ALG,KPMG,11534000,112.87,1301842580
27960,2018,ALAMO GROUP INC,ALG,KPMG,11620000,77.32,898458400
27965,2016,MICROCHIP TECHNOLOGY INC,MCHP,E&Y,229094000,73.78,16902555320
27965,2017,MICROCHIP TECHNOLOGY INC,MCHP,E&Y,235028000,91.36,21472158080
27965,2018,MICROCHIP TECHNOLOGY INC,MCHP,E&Y,237590000,82.96,19710466400
27981,2016,CHICOS FAS INC,CHS,E&Y,128753000,13.49,1736877970
27981,2017,CHICOS FAS INC,CHS,E&Y,127471000,9.51,1212249210
27981,2018,CHICOS FAS INC,CHS,E&Y,116949000,5.8,678304200
27988,2016,REPROS THERAPEUTICS INC,RPRX,PwC,25826000,1.32,34090320
28012,2016,FULGENT GENETICS INC,FLGT,Deloitte,17676000,11.57,204511320
28012,2017,FULGENT GENETICS INC,FLGT,Deloitte,17847000,4.38,78169860
28012,2018,FULGENT GENETICS INC,FLGT,Deloitte,18172000,3.17,57605240
28027,2016,AMARIN CORP,AMRN,E&Y,269364000,3.08,829641120
28027,2017,AMARIN CORP,AMRN,E&Y,271022000,4.01,1086798220
28027,2018,AMARIN CORP,AMRN,E&Y,325850000,13.61,4434818500
28034,2016,CHUBB LTD,CB,PwC,465969000,132.12,61563824280
28034,2017,CHUBB LTD,CB,PwC,463833000,146.13,67779916290
28034,2018,CHUBB LTD,CB,PwC,459203000,129.18,59319843540
28070,2016,ADVANSIX INC,ASIX,PwC,30483000,22.14,674893620
28070,2017,ADVANSIX INC,ASIX,PwC,30483000,42.07,1282419810
28070,2018,ADVANSIX INC,ASIX,PwC,29345000,24.34,714257300
28071,2016,DASAN ZHONE SOLUTIONS INC,DZSI,PwC,81875000,0.9838,80548625
28071,2017,DASAN ZHONE SOLUTIONS INC,DZSI,PwC,16410000,9.26,151956600
28071,2018,DASAN ZHONE SOLUTIONS INC,DZSI,PwC,16587000,13.91,230725170
28080,2016,NEVSUN RESOURCES LTD,NSU,KPMG,301323000,3.09,931088070
28080,2017,NEVSUN RESOURCES LTD,NSU,KPMG,302212000,2.44,737397280
28084,2016,COUPA SOFTWARE INC,COUP,E&Y,50252000,25.99,1306049480
28084,2017,COUPA SOFTWARE INC,COUP,E&Y,55712000,38.23,2129869760
28084,2018,COUPA SOFTWARE INC,COUP,E&Y,60455000,86.96,5257166800
28086,2016,OBALON THERAPEUTICS INC,OBLN,KPMG,16773000,8.85,148441050
28086,2017,OBALON THERAPEUTICS INC,OBLN,KPMG,17501000,6.61,115681610
28086,2018,OBALON THERAPEUTICS INC,OBLN,KPMG,23513000,2.07,48671910
28087,2016,EVERSPIN TECHNOLOGIES INC,MRAM,E&Y,12498000,8.29,103608420
28087,2017,EVERSPIN TECHNOLOGIES INC,MRAM,E&Y,12817000,7.5,96127500
28087,2018,EVERSPIN TECHNOLOGIES INC,MRAM,E&Y,17095000,5.61,95902950
28113,2016,CRISPR THERAPEUTICS AG,CRSP,E&Y,39719000,20.26,804706940
28113,2017,CRISPR THERAPEUTICS AG,CRSP,E&Y,40592000,23.48,953100160
28113,2018,CRISPR THERAPEUTICS AG,CRSP,E&Y,51853000,28.57,1481440210
28118,2016,FOSSIL GROUP INC,FOSL,Deloitte,48269000,25.86,1248236340
28118,2017,FOSSIL GROUP INC,FOSL,Deloitte,48643000,7.77,377956110
28118,2018,FOSSIL GROUP INC,FOSL,Deloitte,49518000,15.73,778918140
28119,2016,GGP INC,GGP,Deloitte,884098000,24.98,22084768040
28119,2017,GGP INC,GGP,Deloitte,956983000,23.39,22383832370
28139,2016,SANMINA CORP,SANM,PwC,73031000,28.47,2079192570
28139,2017,SANMINA CORP,SANM,PwC,71664000,37.15,2662317600
28139,2018,SANMINA CORP,SANM,PwC,67777000,27.6,1870645200
28169,2016,AGRIUM INC,AGU,KPMG,138176000,100.55,13893596800
28169,2017,AGRIUM INC,AGU,KPMG,138166000,115,15889090000
28176,2016,APTARGROUP INC,ATR,PwC,62147000,73.45,4564697150
28176,2017,APTARGROUP INC,ATR,PwC,61861000,86.28,5337367080
28176,2018,APTARGROUP INC,ATR,PwC,62916000,94.07,5918508120
28180,2016,O'REILLY AUTOMOTIVE INC,ORLY,E&Y,92852000,278.41,25850925320
28180,2017,O'REILLY AUTOMOTIVE INC,ORLY,E&Y,84302000,240.54,20278003080
28180,2018,O'REILLY AUTOMOTIVE INC,ORLY,E&Y,79044000,344.33,27217220520
28191,2016,ROYAL CARIBBEAN CRUISES LTD,RCL,PwC,214594000,82.04,17605291760
28191,2017,ROYAL CARIBBEAN CRUISES LTD,RCL,PwC,213338000,119.28,25446956640
28191,2018,ROYAL CARIBBEAN CRUISES LTD,RCL,PwC,209017000,97.79,20439772430
28192,2016,ARCONIC INC,ARNC,PwC,438520000,18.54,8130160800
28192,2017,ARCONIC INC,ARNC,PwC,481417000,27.25,13118613250
28192,2018,ARCONIC INC,ARNC,PwC,483271000,16.86,8147949060
28194,2016,POLYONE CORP,POL,E&Y,82600000,32.04,2646504000
28194,2017,POLYONE CORP,POL,E&Y,80900000,43.5,3519150000
28194,2018,POLYONE CORP,POL,E&Y,77700000,28.6,2222220000
28195,2016,JABIL INC,JBL,E&Y,186998000,21.19,3962487620
28195,2017,JABIL INC,JBL,E&Y,177728000,31.35,5571772800
28195,2018,JABIL INC,JBL,E&Y,164588000,29.56,4865221280
28209,2016,ANIKA THERAPEUTICS INC,ANIK,PwC,14627000,48.96,716137920
28209,2017,ANIKA THERAPEUTICS INC,ANIK,Deloitte,14688000,53.91,791830080
28209,2018,ANIKA THERAPEUTICS INC,ANIK,Deloitte,14210000,33.61,477598100
28216,2016,REINSURANCE GROUP AMER INC,RGA,Deloitte,64303000,125.83,8091246490
28216,2017,REINSURANCE GROUP AMER INC,RGA,Deloitte,64452000,155.93,10050000360
28216,2018,REINSURANCE GROUP AMER INC,RGA,Deloitte,62814000,140.23,8808407220
28236,2016,GILAT SATELLITE NETWORKS LTD,GILT,E&Y,54593000,5.01,273510930
28236,2017,GILAT SATELLITE NETWORKS LTD,GILT,E&Y,54737000,7.735,423390695
28236,2018,GILAT SATELLITE NETWORKS LTD,GILT,E&Y,55176000,9.16,505412160
28262,2016,NATUZZI SPA,NTZ,KPMG,54853000,2.26,123967780
28262,2017,NATUZZI SPA,NTZ,KPMG,54853000,1.6,87764800
28262,2018,NATUZZI SPA,NTZ,KPMG,54853000,0.788046,43226687.24
28272,2016,ASTRAZENECA PLC,AZN,KPMG,2530459000,27.32,69132139880
28272,2017,ASTRAZENECA PLC,AZN,PwC,2532443000,34.7,87875772100
28272,2018,ASTRAZENECA PLC,AZN,PwC,2534079000,37.98,96244320420
28286,2016,PGS ASA,PGSVY,E&Y,324390000,3.392,1100330880
28286,2017,PGS ASA,PGSVY,E&Y,338580000,2.036,689348880
28286,2018,PGS ASA,PGSVY,E&Y,338580000,1.364,461823120
28295,2016,TITAN INTERNATIONAL INC,TWI,Grant Thornton,54170000,11.21,607245700
28295,2017,TITAN INTERNATIONAL INC,TWI,Grant Thornton,59800000,12.88,770224000
28295,2018,TITAN INTERNATIONAL INC,TWI,Grant Thornton,59917000,4.66,279213220
28296,2016,CLAYTON WILLIAMS ENERGY INC,CWEI,KPMG,17631000,119.26,2102673060
28303,2016,ELLIS PERRY INTL INC,PERY,PwC,15530000,23.59,366352700
28303,2017,ELLIS PERRY INTL INC,PERY,PwC,15691000,23.98,376270180
28320,2016,CDW CORP,CDW,E&Y,160300000,52.09,8350027000
28320,2017,CDW CORP,CDW,E&Y,153000000,69.49,10631970000
28320,2018,CDW CORP,CDW,E&Y,147700000,81.05,11971085000
28322,2016,HEALTHCARE REALTY TRUST INC,HR,BDO Seidman,116417000,30.32,3529763440
28322,2017,HEALTHCARE REALTY TRUST INC,HR,BDO Seidman,125132000,32.12,4019239840
28322,2018,HEALTHCARE REALTY TRUST INC,HR,BDO Seidman,125279000,28.44,3562934760
28323,2016,ACADIA REALTY TRUST,AKR,BDO Seidman,83598000,32.68,2731982640
28323,2017,ACADIA REALTY TRUST,AKR,BDO Seidman,83708000,27.36,2290250880
28323,2018,ACADIA REALTY TRUST,AKR,BDO Seidman,81557000,23.76,1937794320
28338,2016,TRANSOCEAN LTD,RIG,E&Y,389366000,14.74,5739254840
28338,2017,TRANSOCEAN LTD,RIG,E&Y,391237000,10.68,4178411160
28338,2018,TRANSOCEAN LTD,RIG,E&Y,609649000,6.94,4230964060
28340,2016,TANGER FACTORY OUTLET CTRS,SKT,Deloitte,96096000,35.78,3438314880
28340,2017,TANGER FACTORY OUTLET CTRS,SKT,Deloitte,94561000,26.51,2506812110
28340,2018,TANGER FACTORY OUTLET CTRS,SKT,Deloitte,93942000,20.22,1899507240
28349,2016,ALLSTATE CORP,ALL,Deloitte,366000000,74.12,27127920000
28349,2017,ALLSTATE CORP,ALL,Deloitte,354691000,104.71,37139694610
28349,2018,ALLSTATE CORP,ALL,Deloitte,331909000,82.63,27425640670
28367,2016,IRHYTHM TECHNOLOGIES INC,IRTC,PwC,22139000,30,664170000
28367,2017,IRHYTHM TECHNOLOGIES INC,IRTC,PwC,23377000,56.05,1310280850
28367,2018,IRHYTHM TECHNOLOGIES INC,IRTC,PwC,24368000,69.48,1693088640
28370,2017,PLAYA HOTELS & RESORTS N.V,PLYA,Deloitte,110298000,10.79,1190115420
28370,2018,PLAYA HOTELS & RESORTS N.V,PLYA,Deloitte,130440000,7.19,937863600
28378,2016,LIONS GATE ENTERTAINMENT CP,LGF.A,E&Y,207500000,26.56,5511200000
28378,2017,LIONS GATE ENTERTAINMENT CP,LGF.A,E&Y,211100000,25.83,5452713000
28378,2018,LIONS GATE ENTERTAINMENT CP,LGF.A,E&Y,216000000,15.64,3378240000
28379,2016,PARKWAY INC,PKY,E&Y,49969000,22.25,1111810250
28380,2016,ORTHOFIX MEDICAL INC,OFIX,E&Y,17828000,36.18,645017040
28380,2017,ORTHOFIX MEDICAL INC,OFIX,E&Y,18279000,54.7,999861300
28380,2018,ORTHOFIX MEDICAL INC,OFIX,E&Y,18580000,52.49,975264200
28383,2016,ATTUNITY LTD,ATTU,E&Y,16841000,6,101046000
28383,2017,ATTUNITY LTD,ATTU,E&Y,20718000,6.98,144611640
28383,2018,ATTUNITY LTD,ATTU,E&Y,21672000,19.68,426504960
28384,2016,SAPIENS INTERNATIONAL CORP,SPNS,E&Y,49036000,14.34,703176240
28384,2017,SAPIENS INTERNATIONAL CORP,SPNS,E&Y,49759000,11.52,573223680
28384,2018,SAPIENS INTERNATIONAL CORP,SPNS,E&Y,49982000,11.03,551301460
28385,2017,MAGAL SECURITY SYSTEMS,MAGS,E&Y,23032000,5.06,116541920
28385,2018,MAGAL SECURITY SYSTEMS,MAGS,E&Y,23050000,4.45,102572500
28397,2016,PAPA JOHNS INTERNATIONAL INC,PZZA,E&Y,36683000,85.58,3139331140
28397,2017,PAPA JOHNS INTERNATIONAL INC,PZZA,E&Y,33931000,56.11,1903868410
28397,2018,PAPA JOHNS INTERNATIONAL INC,PZZA,KPMG,31372000,39.81,1248919320
28408,2016,GENTHERM INC,THRM,Grant Thornton,36534000,33.85,1236675900
28408,2017,GENTHERM INC,THRM,Grant Thornton,36761000,31.75,1167161750
28408,2018,GENTHERM INC,THRM,Grant Thornton,33857000,39.98,1353602860
28410,2016,BARRETT BUSINESS SVCS INC,BBSI,Deloitte,7244000,64.1,464340400
28410,2017,BARRETT BUSINESS SVCS INC,BBSI,Deloitte,7301000,64.49,470841490
28410,2018,BARRETT BUSINESS SVCS INC,BBSI,Deloitte,7395000,57.25,423363750
28420,2016,BLACKLINE INC,BL,PwC,51278000,27.63,1416811140
28420,2017,BLACKLINE INC,BL,PwC,52983000,32.8,1737842400
28420,2018,BLACKLINE INC,BL,PwC,54683000,40.95,2239268850
28421,2016,MYOVANT SCIENCES LTD,MYOV,E&Y,60276000,11.74,707640240
28421,2017,MYOVANT SCIENCES LTD,MYOV,E&Y,60998000,21.27,1297427460
28421,2018,MYOVANT SCIENCES LTD,MYOV,E&Y,72057000,23.87,1720000590
28423,2016,ZTO EXPRESS (CAYM) INC -ADR,ZTO,Deloitte,720565000,12.07,8697219550
28423,2017,ZTO EXPRESS (CAYM) INC -ADR,ZTO,Deloitte,710805000,15.85,11266259250
28423,2018,ZTO EXPRESS (CAYM) INC -ADR,ZTO,Deloitte,785464000,15.83,12433895120
28424,2016,QUANTENNA COMMUNICATIONS INC,QTNA,PwC,33076000,18.13,599667880
28424,2017,QUANTENNA COMMUNICATIONS INC,QTNA,PwC,35529000,12.2,433453800
28424,2018,QUANTENNA COMMUNICATIONS INC,QTNA,PwC,37695000,14.35,540923250
28456,2016,SUBSEA 7 SA,SUBCY,E&Y,325834000,12.698,4137440132
28456,2017,SUBSEA 7 SA,SUBCY,E&Y,326509000,15.038,4910042342
28456,2018,SUBSEA 7 SA,SUBCY,E&Y,319127000,9.733,3106063091
28462,2016,LIBBEY INC,LBY,E&Y,21865000,19.46,425492900
28462,2017,LIBBEY INC,LBY,Deloitte,22018000,7.52,165575360
28462,2018,LIBBEY INC,LBY,Deloitte,22157000,3.88,85969160
28470,2016,RA PHARMACEUTICALS INC,RARX,Deloitte,22546000,15.19,342473740
28470,2017,RA PHARMACEUTICALS INC,RARX,Deloitte,22626000,8.5,192321000
28470,2018,RA PHARMACEUTICALS INC,RARX,Deloitte,42072000,18.2,765710400
28475,2016,GDS HOLDINGS LTD  -ADR,GDS,KPMG,95001000,8.6,817008600
28475,2017,GDS HOLDINGS LTD  -ADR,GDS,KPMG,117659000,22.53,2650857270
28475,2018,GDS HOLDINGS LTD  -ADR,GDS,KPMG,125884000,23.09,2906661560
28477,2016,FLIR SYSTEMS INC,FLIR,KPMG,136334000,36.19,4933927460
28477,2017,FLIR SYSTEMS INC,FLIR,KPMG,138869000,46.62,6474072780
28477,2018,FLIR SYSTEMS INC,FLIR,KPMG,135516000,43.54,5900366640
28485,2016,COLLIERS INTL GROUP INC,CIGI,PwC,38648000,36.75,1420314000
28485,2017,COLLIERS INTL GROUP INC,CIGI,PwC,38934000,60.35,2349666900
28485,2018,COLLIERS INTL GROUP INC,CIGI,PwC,39213000,55.03,2157891390
28499,2016,YUM CHINA HOLDINGS INC,YUMC,KPMG,383345000,26.12,10012971400
28499,2017,YUM CHINA HOLDINGS INC,YUMC,KPMG,384720000,40.02,15396494400
28499,2018,YUM CHINA HOLDINGS INC,YUMC,KPMG,379000000,33.53,12707870000
28518,2016,SHILOH INDUSTRIES INC,SHLO,Grant Thornton,17614000,6.99,123121860
28518,2017,SHILOH INDUSTRIES INC,SHLO,Grant Thornton,23122000,9.28,214572160
28518,2018,SHILOH INDUSTRIES INC,SHLO,Grant Thornton,23417000,9.09,212860530
28520,2016,YACIMIENTOS PETE FISCALES SA,YPF,Deloitte,390892000,16.5,6449718000
28520,2017,YACIMIENTOS PETE FISCALES SA,YPF,Deloitte,390629000,22.91,8949310390
28520,2018,YACIMIENTOS PETE FISCALES SA,YPF,Deloitte,390378000,13.39,5227161420
28564,2016,STONE ENERGY CORP,SGY,E&Y,5608000,7.15,40097200
28564,2017,STONE ENERGY CORP,SGY,E&Y,19998000,32.16,643135680
28590,2016,BRINKS CO,BCO,KPMG,50000000,41.25,2062500000
28590,2017,BRINKS CO,BCO,Deloitte,50500000,78.7,3974350000
28590,2018,BRINKS CO,BCO,Deloitte,49700000,64.65,3213105000
28629,2016,CAMDEN PROPERTY TRUST,CPT,Deloitte,97818000,84.07,8223559260
28629,2017,CAMDEN PROPERTY TRUST,CPT,Deloitte,102769000,92.06,9460914140
28629,2018,CAMDEN PROPERTY TRUST,CPT,Deloitte,103080000,88.05,9076194000
28641,2016,KEY TECHNOLOGY INC,KTEC,Grant Thornton,6404000,11,70444000
28641,2017,KEY TECHNOLOGY INC,KTEC,Grant Thornton,6488000,18.89,122558320
28653,2016,SINOPEC SHANGHAI PETROCHEM,SHI,PwC,108000000,54.13,5846040000
28653,2017,SINOPEC SHANGHAI PETROCHEM,SHI,PwC,108142000,57,6164094000
28653,2018,SINOPEC SHANGHAI PETROCHEM,SHI,PwC,108238000,43.16,4671552080
28670,2016,INNOVATIVE INDUSTRIAL PPTYS,IIPR,BDO Seidman,3417000,18.19,62155230
28670,2017,INNOVATIVE INDUSTRIAL PPTYS,IIPR,BDO Seidman,3501000,32.31,113117310
28670,2018,INNOVATIVE INDUSTRIAL PPTYS,IIPR,BDO Seidman,9776000,45.39,443732640
28704,2016,MONARCH CASINO & RESORT INC,MCRI,E&Y,17468000,25.78,450325040
28704,2017,MONARCH CASINO & RESORT INC,MCRI,E&Y,17759000,44.82,795958380
28704,2018,MONARCH CASINO & RESORT INC,MCRI,E&Y,17919000,38.14,683430660
28712,2018,ATRM HOLDINGS INC,ATRM,BDO Seidman,2466000,0.2,493200
28719,2016,CONDUENT INC,CNDT,PwC,202875000,14.9,3022837500
28719,2017,CONDUENT INC,CNDT,PwC,210440000,16.16,3400710400
28719,2018,CONDUENT INC,CNDT,PwC,211306000,10.63,2246182780
28724,2016,BALLARD POWER SYSTEMS INC,BLDP,KPMG,174750000,1.65,288337500
28724,2017,BALLARD POWER SYSTEMS INC,BLDP,KPMG,178063000,4.41,785257830
28724,2018,BALLARD POWER SYSTEMS INC,BLDP,KPMG,231892000,2.39,554221880
28733,2016,EQUITY RESIDENTIAL,EQR,E&Y,365871000,64.36,23547457560
28733,2017,EQUITY RESIDENTIAL,EQR,E&Y,368018000,63.77,23468507860
28733,2018,EQUITY RESIDENTIAL,EQR,E&Y,369405000,66.01,24384424050
28742,2016,BORGWARNER INC,BWA,PwC,212263000,39.44,8371652720
28742,2017,BORGWARNER INC,BWA,PwC,210813000,51.09,10770436170
28742,2018,BORGWARNER INC,BWA,PwC,208215000,34.74,7233389100
28762,2016,SPARTANNASH CO,SPTN,Deloitte,37539000,39.54,1484292060
28762,2017,SPARTANNASH CO,SPTN,Deloitte,36466000,26.68,972912880
28762,2018,SPARTANNASH CO,SPTN,Deloitte,35952000,17.18,617655360
28769,2016,SAUL CENTERS INC,BFS,E&Y,21704000,66.61,1445703440
28769,2017,SAUL CENTERS INC,BFS,E&Y,22123000,61.75,1366095250
28769,2018,SAUL CENTERS INC,BFS,Deloitte,22739000,47.22,1073735580
28785,2016,WINMARK CORP,WINA,Grant Thornton,4166000,126.15,525540900
28785,2017,WINMARK CORP,WINA,Grant Thornton,3843000,129.4,497284200
28785,2018,WINMARK CORP,WINA,Grant Thornton,3908000,159,621372000
28787,2016,PERFORMANCE FOOD GROUP CO,PFGC,Deloitte,99901000,26.91,2688335910
28787,2017,PERFORMANCE FOOD GROUP CO,PFGC,Deloitte,100806000,27.4,2762084400
28787,2018,PERFORMANCE FOOD GROUP CO,PFGC,Deloitte,103200000,36.7,3787440000
28788,2016,YUMA ENERGY INC,YUMA,Grant Thornton,12202000,3.4,41486800
28790,2016,LAMB WESTON HOLDINGS INC,LW,KPMG,146075000,46.41,6779340750
28790,2017,LAMB WESTON HOLDINGS INC,LW,KPMG,146332000,63.75,9328665000
28790,2018,LAMB WESTON HOLDINGS INC,LW,KPMG,146069000,59.25,8654588250
28838,2016,CREDIT SUISSE GROUP,CS,KPMG,2089897000,14.31,29906426070
28838,2017,CREDIT SUISSE GROUP,CS,KPMG,2550254000,17.85,45522033900
28838,2018,CREDIT SUISSE GROUP,CS,KPMG,2550584000,10.86,27699342240
28844,2016,COCA-COLA FEMSA SAB DE CV,KOF,E&Y,207292000,63.54,13171333680
28844,2017,COCA-COLA FEMSA SAB DE CV,KOF,E&Y,210083000,69.62,14625978460
28844,2018,COCA-COLA FEMSA SAB DE CV,KOF,E&Y,210083000,60.84,12781449720
28852,2016,JAGUAR MINING INC,JAGGF,KPMG,307116000,0.4561,140075607.6
28852,2017,JAGUAR MINING INC,JAGGF,KPMG,325115000,0.2767,89959320.5
28852,2018,JAGUAR MINING INC,JAGGF,KPMG,328506000,0.1485,48783141
28853,2016,ARRIS INTERNATIONAL PLC,ARRS,E&Y,190100000,30.13,5727713000
28853,2017,ARRIS INTERNATIONAL PLC,ARRS,E&Y,185200000,25.69,4757788000
28853,2018,ARRIS INTERNATIONAL PLC,ARRS,E&Y,174000000,30.57,5319180000
28866,2016,META FINANCIAL GROUP INC,CASH,KPMG,8524000,60.61,516639640
28866,2017,META FINANCIAL GROUP INC,CASH,KPMG,9623000,78.4,754443200
28866,2018,META FINANCIAL GROUP INC,CASH,KPMG,13056000,82.65,1079078400
28877,2018,KEURIG DR PEPPER INC,KDP,Deloitte,1405945000,25.64,36048429800
28883,2016,SOC QUIMICA Y MINERA DE CHI,SQM,PwC,263197000,28.65,7540594050
28883,2017,SOC QUIMICA Y MINERA DE CHI,SQM,PwC,263197000,59.37,15626005890
28883,2018,SOC QUIMICA Y MINERA DE CHI,SQM,PwC,263197000,38.3,10080445100
28919,2016,ONEOK PARTNERS -LP,OKS,PwC,285826000,43.01,12293376260
28924,2016,BARNES & NOBLE INC,BKS,E&Y,72436000,8.55,619327800
28924,2017,BARNES & NOBLE INC,BKS,E&Y,72653000,5.55,403224150
28924,2018,BARNES & NOBLE INC,BKS,E&Y,73037000,5.03,367376110
28930,2016,MARRIOTT INTL INC,MAR,E&Y,386100000,82.68,31922748000
28930,2017,MARRIOTT INTL INC,MAR,E&Y,359100000,135.73,48740643000
28930,2018,MARRIOTT INTL INC,MAR,E&Y,339100000,108.56,36812696000
28938,2016,ULTRATECH INC,UTEK,E&Y,26950000,23.98,646261000
28940,2016,BELDEN INC,BDC,E&Y,42180000,74.77,3153798600
28940,2017,BELDEN INC,BDC,E&Y,42019000,77.17,3242606230
28940,2018,BELDEN INC,BDC,E&Y,39396000,41.77,1645570920
29004,2017,VAREX IMAGING CORP,VREX,PwC,37634000,33.84,1273534560
29004,2018,VAREX IMAGING CORP,VREX,PwC,38027000,28.66,1089853820
29011,2016,BOYD GAMING CORP,BYD,Deloitte,112896000,20.17,2277112320
29011,2017,BOYD GAMING CORP,BYD,Deloitte,112634000,35.05,3947821700
29011,2018,BOYD GAMING CORP,BYD,Deloitte,111757000,20.78,2322310460
29013,2016,CHECKPOINT THERAPEUTICS INC,CKPT,BDO Seidman,24427000,8,195416000
29013,2017,CHECKPOINT THERAPEUTICS INC,CKPT,BDO Seidman,25512000,3.88,98986560
29013,2018,CHECKPOINT THERAPEUTICS INC,CKPT,BDO Seidman,34076000,1.82,62018320
29015,2016,DECKERS OUTDOOR CORP,DECK,KPMG,31987000,59.73,1910583510
29015,2017,DECKERS OUTDOOR CORP,DECK,KPMG,30447000,90.03,2741143410
29015,2018,DECKERS OUTDOOR CORP,DECK,KPMG,29141000,146.99,4283435590
29016,2016,GREAT ELM CAPITAL CORP,GECC,Deloitte,12791000,11.67,149270970
29016,2017,GREAT ELM CAPITAL CORP,GECC,Deloitte,10652000,9.84,104815680
29016,2018,GREAT ELM CAPITAL CORP,GECC,Deloitte,10652000,7.85,83618200
29018,2016,ALBIREO PHARMA INC,ALBO,E&Y,6293000,17.73,111574890
29018,2017,ALBIREO PHARMA INC,ALBO,E&Y,8903000,25.6,227916800
29018,2018,ALBIREO PHARMA INC,ALBO,E&Y,11970000,24.53,293624100
29028,2016,COSTCO WHOLESALE CORP,COST,KPMG,437524000,162.09,70918265160
29028,2017,COSTCO WHOLESALE CORP,COST,KPMG,437204000,156.74,68527354960
29028,2018,COSTCO WHOLESALE CORP,COST,KPMG,438189000,233.13,1.02155E+11
29039,2016,ENEL AMERICAS SA,ENIA,E&Y,1149053000,8.21,9433725130
29039,2017,ENEL AMERICAS SA,ENIA,E&Y,1149053000,11.17,12834922010
29039,2018,ENEL AMERICAS SA,ENIA,E&Y,1149053000,8.92,10249552760
29040,2016,STANDARD DIVERSIFIED INC,SDI,KPMG,21038000,0.93,19565340
29052,2016,LEXINGTON REALTY TRUST,LXP,KPMG,238037000,10.8,2570799600
29052,2017,LEXINGTON REALTY TRUST,LXP,Deloitte,240689000,9.65,2322648850
29052,2018,LEXINGTON REALTY TRUST,LXP,Deloitte,235009000,8.21,1929423890
29064,2017,THEMAVEN INC,MVEN,BDO Seidman,28516000,1.9,54180400
29082,2016,CBL & ASSOCIATES PPTYS INC,CBL,Deloitte,170793000,11.5,1964119500
29082,2017,CBL & ASSOCIATES PPTYS INC,CBL,Deloitte,171089000,5.66,968363740
29082,2018,CBL & ASSOCIATES PPTYS INC,CBL,Deloitte,172656000,1.92,331499520
29086,2016,PALATIN TECHNOLOGIES INC,PTN,KPMG,68568000,0.4414,30265915.2
29086,2017,PALATIN TECHNOLOGIES INC,PTN,KPMG,160515000,0.43,69021450
29086,2018,PALATIN TECHNOLOGIES INC,PTN,KPMG,200554000,0.9698,194497269.2
29099,2016,REGENCY CENTERS CORP,REG,KPMG,104149000,68.95,7181073550
29099,2017,REGENCY CENTERS CORP,REG,KPMG,170998000,69.18,11829641640
29099,2018,REGENCY CENTERS CORP,REG,KPMG,167514000,58.68,9829721520
29101,2016,FIRST FINL BANKSHARES INC,FFIN,E&Y,65587000,45.2,2964532400
29101,2017,FIRST FINL BANKSHARES INC,FFIN,E&Y,65764000,45.05,2962668200
29101,2018,FIRST FINL BANKSHARES INC,FFIN,E&Y,67285000,57.69,3881671650
29108,2016,PATTERSON-UTI ENERGY INC,PTEN,PwC,148133000,26.92,3987740360
29108,2017,PATTERSON-UTI ENERGY INC,PTEN,PwC,222456000,23.01,5118712560
29108,2018,PATTERSON-UTI ENERGY INC,PTEN,PwC,213614000,10.35,2210904900
29113,2016,HUNTER MARITIME ACQS -OLD,HUNT.1,KPMG,34269000,10.15,347830350
29113,2017,HUNTER MARITIME ACQS -OLD,HUNT.1,KPMG,33711000,9.76,329019360
29127,2016,INCYTE CORP,INCY,E&Y,188849000,100.27,18935889230
29127,2017,INCYTE CORP,INCY,E&Y,211263000,94.71,20008718730
29127,2018,INCYTE CORP,INCY,E&Y,213275000,63.59,13562157250
29129,2016,EMPIRE RESORTS INC,NYNY,E&Y,31156000,22.75,708799000
29129,2017,EMPIRE RESORTS INC,NYNY,E&Y,32560000,27,879120000
29129,2018,EMPIRE RESORTS INC,NYNY,E&Y,34403000,10.13,348502390
29131,2016,GIBRALTAR INDUSTRIES INC,ROCK,E&Y,31555000,41.65,1314265750
29131,2017,GIBRALTAR INDUSTRIES INC,ROCK,E&Y,31717000,33,1046661000
29131,2018,GIBRALTAR INDUSTRIES INC,ROCK,E&Y,32091000,35.59,1142118690
29133,2016,ITRON INC,ITRI,Deloitte,38317000,62.85,2408223450
29133,2017,ITRON INC,ITRI,Deloitte,38771000,68.2,2644182200
29133,2018,ITRON INC,ITRI,Deloitte,39498000,47.29,1867860420
29138,2016,WILDHORSE RES DVLPT,WRD,E&Y,91680000,14.6,1338528000
29138,2017,WILDHORSE RES DVLPT,WRD,KPMG,101137000,18.41,1861932170
29138,2018,WILDHORSE RES DVLPT,WRD,KPMG,101794000,14.11,1436313340
29150,2016,URBAN OUTFITTERS INC,URBN,Deloitte,116234000,26.54,3084850360
29150,2017,URBAN OUTFITTERS INC,URBN,Deloitte,108249000,34.11,3692373390
29150,2018,URBAN OUTFITTERS INC,URBN,Deloitte,105642000,32.3,3412236600
29151,2016,CENTURY CASINOS INC,CNTY,Deloitte,24452000,8.23,201239960
29151,2017,CENTURY CASINOS INC,CNTY,Deloitte,29360000,9.13,268056800
29151,2018,CENTURY CASINOS INC,CNTY,Deloitte,29439000,7.39,217554210
29155,2017,CARS.COM INC,CARS,E&Y,71628000,28.84,2065751520
29155,2018,CARS.COM INC,CARS,E&Y,68262000,21.5,1467633000
29156,2016,UNIVERSAL FOREST PRODS INC,UFPI,Deloitte,20342000,102.18,2078545560
29156,2017,UNIVERSAL FOREST PRODS INC,UFPI,Deloitte,61192000,37.62,2302043040
29156,2018,UNIVERSAL FOREST PRODS INC,UFPI,Deloitte,60884000,25.96,1580548640
29173,2016,NEWFIELD EXPLORATION CO,NFX,PwC,198955000,40.5,8057677500
29173,2017,NEWFIELD EXPLORATION CO,NFX,PwC,199705000,31.53,6296698650
29191,2016,ICHOR HOLDINGS LTD,ICHR,KPMG,23857000,10.82,258132740
29191,2017,ICHOR HOLDINGS LTD,ICHR,KPMG,25892000,24.6,636943200
29191,2018,ICHOR HOLDINGS LTD,ICHR,KPMG,22235000,16.3,362430500
29194,2016,TELECOM ARGENTINA,TEO,PwC,193832000,18.17,3521927440
29194,2017,TELECOM ARGENTINA,TEO,PwC,193832000,36.63,7100066160
29194,2018,TELECOM ARGENTINA,TEO,PwC,430738000,15.56,6702283280
29206,2016,FORWARD AIR CORP,FWRD,E&Y,30090000,47.38,1425664200
29206,2017,FORWARD AIR CORP,FWRD,E&Y,29454000,57.44,1691837760
29206,2018,FORWARD AIR CORP,FWRD,E&Y,28535000,54.85,1565144750
29207,2017,BEYONDSPRING INC,BYSI,E&Y,22531000,29.0791,655181202.1
29207,2018,BEYONDSPRING INC,BYSI,E&Y,23185000,18.75,434718750
29211,2016,BOSTON PRIVATE FINL HOLDINGS,BPFH,KPMG,83732000,16.55,1385764600
29211,2017,BOSTON PRIVATE FINL HOLDINGS,BPFH,KPMG,84209000,15.45,1301029050
29211,2018,BOSTON PRIVATE FINL HOLDINGS,BPFH,KPMG,83656000,10.57,884243920
29217,2016,SCHNITZER STEEL INDS  -CL A,SCHN,PwC,26788000,18.78,503078640
29217,2017,SCHNITZER STEEL INDS  -CL A,SCHN,PwC,27059000,26.9,727887100
29217,2018,SCHNITZER STEEL INDS  -CL A,SCHN,PwC,26702000,26.35,703597700
29241,2016,VIAVI SOLUTIONS INC,VIAV,PwC,232500000,6.63,1541475000
29241,2017,VIAVI SOLUTIONS INC,VIAV,PwC,228000000,10.53,2400840000
29241,2018,VIAVI SOLUTIONS INC,VIAV,PwC,226700000,10.24,2321408000
29246,2016,ASTORIA FINANCIAL CORP,AF,KPMG,101210000,18.65,1887566500
29251,2016,KALVISTA PHARMACEUTICALS,KALV,Deloitte,9713000,7.4887,72737743.1
29251,2017,KALVISTA PHARMACEUTICALS,KALV,Deloitte,10800000,9.62,103896000
29251,2018,KALVISTA PHARMACEUTICALS,KALV,Deloitte,17278000,23,397394000
29268,2016,WEST MARINE INC,WMAR,PwC,25002000,10.47,261770940
29282,2016,NEW YORK CMNTY BANCORP INC,NYCB,KPMG,487057000,15.91,7749076870
29282,2017,NEW YORK CMNTY BANCORP INC,NYCB,KPMG,488490000,13.02,6360139800
29282,2018,NEW YORK CMNTY BANCORP INC,NYCB,KPMG,473537000,9.41,4455983170
29286,2016,BBVA BANCO FRANCES SA,BBAR,Deloitte,178959000,17.43,3119255370
29286,2017,BBVA BANCO FRANCES SA,BBAR,KPMG,204220000,25.2,5146344000
29286,2018,BBVA BANCO FRANCES SA,BBAR,KPMG,204220000,11.33,2313812600
29293,2016,MICROBOT MEDICAL INC,MBOT,Deloitte,15848000,6.1,96672800
29293,2017,MICROBOT MEDICAL INC,MBOT,Deloitte,29880000,1.02,30477600
29332,2016,PARKERVISION INC,PRKR,PwC,13183000,1.84,24256720
29332,2017,PARKERVISION INC,PRKR,PwC,21222000,1.06,22495320
29332,2018,PARKERVISION INC,PRKR,BDO Seidman,28677000,0.142,4072134
29359,2016,SUN COMMUNITIES INC,SUI,Grant Thornton,73206000,76.61,5608311660
29359,2017,SUN COMMUNITIES INC,SUI,Grant Thornton,79679000,92.78,7392617620
29359,2018,SUN COMMUNITIES INC,SUI,Grant Thornton,86357000,101.71,8783370470
29375,2017,CASA SYSTEMS INC,CASA,PwC,81043000,17.76,1439323680
29375,2018,CASA SYSTEMS INC,CASA,PwC,82961000,13.13,1089277930
29378,2017,BEST INC ADS,BEST,E&Y,374514000,8.98,3363135720
29378,2018,BEST INC ADS,BEST,E&Y,392514000,4.11,1613232540
29389,2016,SIMON PROPERTY GROUP INC,SPG,E&Y,313075000,177.67,55624035250
29389,2017,SIMON PROPERTY GROUP INC,SPG,E&Y,311167000,171.74,53439820580
29389,2018,SIMON PROPERTY GROUP INC,SPG,E&Y,309017000,167.99,51911765830
29392,2016,EASTMAN CHEMICAL CO,EMN,PwC,146439000,75.21,11013677190
29392,2017,EASTMAN CHEMICAL CO,EMN,PwC,142916000,92.64,13239738240
29392,2018,EASTMAN CHEMICAL CO,EMN,PwC,139727000,73.11,10215440970
29449,2016,UFP TECHNOLOGIES INC,UFPT,Grant Thornton,7212000,25.45,183545400
29449,2017,UFP TECHNOLOGIES INC,UFPT,Grant Thornton,7280000,27.8,202384000
29449,2018,UFP TECHNOLOGIES INC,UFPT,Grant Thornton,7385000,30.04,221845400
29453,2016,CHENIERE ENERGY INC,LNG,KPMG,237960000,41.43,9858682800
29453,2017,CHENIERE ENERGY INC,LNG,KPMG,237600000,53.84,12792384000
29453,2018,CHENIERE ENERGY INC,LNG,KPMG,257000000,59.19,15211830000
29473,2017,GORES HOLDINGS II INC,GSHT,KPMG,50000000,9.94,497000000
29524,2017,KEANE GROUP INC,FRAC,KPMG,111831000,19.01,2125907310
29524,2018,KEANE GROUP INC,FRAC,KPMG,104188000,8.18,852257840
29537,2016,TRIVAGO N.V. -ADR,TRVG,E&Y,239035000,11.75,2808661250
29537,2017,TRIVAGO N.V. -ADR,TRVG,E&Y,350716000,6.84,2398897440
29537,2018,TRIVAGO N.V. -ADR,TRVG,E&Y,351248000,5.63,1977526240
29565,2017,JAGGED PEAK ENERGY INC,JAG,KPMG,212931000,15.78,3360051180
29565,2018,JAGGED PEAK ENERGY INC,JAG,KPMG,213188000,9.12,1944274560
29569,2016,YATRA ONLINE INC,YTRA,E&Y,33829000,9.5,321375500
29569,2017,YATRA ONLINE INC,YTRA,E&Y,34648000,6.61,229023280
29609,2016,HAIN CELESTIAL GROUP INC,HAIN,E&Y,103461000,49.75,5147184750
29609,2017,HAIN CELESTIAL GROUP INC,HAIN,E&Y,103702000,38.82,4025711640
29609,2018,HAIN CELESTIAL GROUP INC,HAIN,E&Y,103952000,29.8,3097769600
29613,2016,CASCADE BANCORP,CACB,BDO Seidman,76262000,8.12,619247440
29621,2016,STEEL CONNECT INC,STCN,BDO Seidman,55249000,1.28,70718720
29621,2017,STEEL CONNECT INC,STCN,BDO Seidman,55556000,1.68,93334080
29621,2018,STEEL CONNECT INC,STCN,BDO Seidman,60743000,2.12,128775160
29649,2016,MID-AMERICA APT CMNTYS INC,MAA,E&Y,113518000,97.92,11115682560
29649,2017,MID-AMERICA APT CMNTYS INC,MAA,E&Y,113643000,100.56,11427940080
29649,2018,MID-AMERICA APT CMNTYS INC,MAA,E&Y,113845000,95.7,10894966500
29680,2017,SELECT ENERGY SERVICES INC,WTTR,Grant Thornton,65914000,18.24,1202271360
29680,2018,SELECT ENERGY SERVICES INC,WTTR,Grant Thornton,78957000,6.32,499008240
29684,2017,JOUNCE THERAPEUTICS INC,JNCE,E&Y,32249000,12.75,411174750
29684,2018,JOUNCE THERAPEUTICS INC,JNCE,E&Y,32941000,3.37,111011170
29687,2016,APOLLO ENDOSURGERY INC,APEN,KPMG,10689000,12.16,129978240
29687,2017,APOLLO ENDOSURGERY INC,APEN,KPMG,17291000,5.6,96829600
29687,2018,APOLLO ENDOSURGERY INC,APEN,KPMG,21900000,3.45,75555000
29698,2016,SIGMATRON INTERNATIONAL INC,SGMA,BDO Seidman,4196000,5.41,22700360
29698,2017,SIGMATRON INTERNATIONAL INC,SGMA,BDO Seidman,4215000,6.78,28577700
29698,2018,SIGMATRON INTERNATIONAL INC,SGMA,BDO Seidman,4240000,2.74,11617600
29705,2016,DAKTRONICS INC,DAKT,E&Y,44068000,9.46,416883280
29705,2017,DAKTRONICS INC,DAKT,Deloitte,44476000,9.01,400728760
29705,2018,DAKTRONICS INC,DAKT,Deloitte,45013000,7.58,341198540
29718,2017,OBSEVA SA,OBSV,PwC,36343000,9.76,354707680
29718,2018,OBSEVA SA,OBSV,PwC,41841000,12.66,529707060
29722,2016,DSP GROUP INC,DSPG,E&Y,21931000,13.05,286199550
29722,2017,DSP GROUP INC,DSPG,E&Y,22433000,12.5,280412500
29722,2018,DSP GROUP INC,DSPG,E&Y,22266000,11.2,249379200
29733,2016,MARTIN MARIETTA MATERIALS,MLM,PwC,63176000,221.53,13995379280
29733,2017,MARTIN MARIETTA MATERIALS,MLM,PwC,62873000,221.04,13897447920
29733,2018,MARTIN MARIETTA MATERIALS,MLM,PwC,62515000,171.87,10744453050
29734,2016,MOBILE MINI INC,MINI,KPMG,44295000,30.25,1339923750
29734,2017,MOBILE MINI INC,MINI,KPMG,44380000,34.5,1531110000
29734,2018,MOBILE MINI INC,MINI,KPMG,44690000,31.75,1418907500
29736,2016,TRACTOR SUPPLY CO,TSCO,E&Y,130795000,75.81,9915568950
29736,2017,TRACTOR SUPPLY CO,TSCO,E&Y,125303000,74.75,9366399250
29736,2018,TRACTOR SUPPLY CO,TSCO,E&Y,121828000,83.44,10165328320
29751,2016,ALBEMARLE CORP,ALB,PwC,112524000,86.08,9686065920
29751,2017,ALBEMARLE CORP,ALB,PwC,110547000,127.89,14137855830
29751,2018,ALBEMARLE CORP,ALB,PwC,105616000,77.07,8139825120
29755,2016,BEAZER HOMES USA INC,BZH,Deloitte,33071000,11.66,385607860
29755,2017,BEAZER HOMES USA INC,BZH,Deloitte,33516000,18.74,628089840
29755,2018,BEAZER HOMES USA INC,BZH,Deloitte,33522000,10.5,351981000
29760,2017,KIMBELL ROYALTY PARTNRS LP,KRP,Grant Thornton,16510000,16.25,268287500
29760,2018,KIMBELL ROYALTY PARTNRS LP,KRP,Grant Thornton,37509000,13.58,509372220
29762,2016,AROTECH CORP,ARTX,BDO Seidman,26438000,3.5,92533000
29762,2017,AROTECH CORP,ARTX,BDO Seidman,26395000,3.55,93702250
29762,2018,AROTECH CORP,ARTX,BDO Seidman,26486000,2.62,69393320
29789,2016,ARCADIS NV,ARCAY,PwC,84792000,14.06,1192175520
29789,2017,ARCADIS NV,ARCAY,PwC,86463000,22.881,1978359903
29789,2018,ARCADIS NV,ARCAY,PwC,87711000,12.186,1068846246
29804,2016,INVESCO LTD,IVZ,PwC,403800000,30.34,12251292000
29804,2017,INVESCO LTD,IVZ,PwC,407100000,36.54,14875434000
29804,2018,INVESCO LTD,IVZ,PwC,397100000,16.74,6647454000
29817,2017,HV BANCORP INC,HVBC,BDO Seidman,2182000,14.48,31595360
29819,2017,BIOVERATIV INC,BIVV,PwC,108203000,53.92,5834305760
29830,2016,WESTROCK CO,WRK,E&Y,251000000,48.48,12168480000
29830,2017,WESTROCK CO,WRK,E&Y,254500000,56.73,14437785000
29830,2018,WESTROCK CO,WRK,E&Y,253500000,53.44,13547040000
29835,2017,FOUNDATION BLDG MRL INC,FBM,Deloitte,42865000,14.79,633973350
29835,2018,FOUNDATION BLDG MRL INC,FBM,Deloitte,42907000,8.31,356557170
29837,2016,BIOCRYST PHARMACEUTICALS INC,BCRX,E&Y,73782000,6.33,467040060
29837,2017,BIOCRYST PHARMACEUTICALS INC,BCRX,E&Y,98411000,4.91,483198010
29837,2018,BIOCRYST PHARMACEUTICALS INC,BCRX,E&Y,110063000,8.07,888208410
29850,2016,GRUPO TELEVISA SAB,TV,PwC,583365000,20.89,12186494850
29850,2017,GRUPO TELEVISA SAB,TV,PwC,585192000,18.67,10925534640
29850,2018,GRUPO TELEVISA SAB,TV,KPMG,578340000,12.58,7275517200
29868,2016,MACERICH CO,MAC,KPMG,143985000,70.84,10199897400
29868,2017,MACERICH CO,MAC,KPMG,140994000,65.68,9260485920
29868,2018,MACERICH CO,MAC,KPMG,141222000,43.28,6112088160
29870,2016,OLYMPIC STEEL INC,ZEUS,PwC,10963000,24.23,265633490
29870,2017,OLYMPIC STEEL INC,ZEUS,PwC,10989000,21.49,236153610
29870,2018,OLYMPIC STEEL INC,ZEUS,PwC,11008000,14.27,157084160
29875,2016,AVALONBAY COMMUNITIES INC,AVB,E&Y,137331000,177.15,24328186650
29875,2017,AVALONBAY COMMUNITIES INC,AVB,E&Y,138094000,178.41,24637350540
29875,2018,AVALONBAY COMMUNITIES INC,AVB,E&Y,138508000,174.05,24107317400
29894,2016,NN INC,NNBR,PwC,27249000,19.05,519093450
29894,2017,NN INC,NNBR,PwC,27572000,27.6,760987200
29894,2018,NN INC,NNBR,PwC,42104000,6.71,282517840
29901,2016,COPART INC,CPRT,E&Y,110122000,50.44,5554553680
29901,2017,COPART INC,CPRT,E&Y,230488000,31.49,7258067120
29901,2018,COPART INC,CPRT,E&Y,233899000,57.39,13423463610
29910,2016,SCANSOURCE INC,SCSC,Grant Thornton,25615000,37.11,950572650
29910,2017,SCANSOURCE INC,SCSC,Grant Thornton,25432000,40.3,1024909600
29910,2018,SCANSOURCE INC,SCSC,Grant Thornton,25593000,40.3,1031397900
29930,2016,MOTORCAR PARTS OF AMER INC,MPAA,E&Y,18649000,30.73,573083770
29930,2017,MOTORCAR PARTS OF AMER INC,MPAA,E&Y,18893000,21.43,404876990
29930,2018,MOTORCAR PARTS OF AMER INC,MPAA,E&Y,18817000,18.87,355076790
29955,2016,BAUSCH HEALTH COMPANIES INC,BHC,PwC,347822000,14.52,5050375440
29955,2017,BAUSCH HEALTH COMPANIES INC,BHC,PwC,348709000,20.78,7246173020
29955,2018,BAUSCH HEALTH COMPANIES INC,BHC,PwC,349871000,18.47,6462117370
29962,2016,LIMONEIRA CO,LMNR,E&Y,14178000,19.69,279164820
29962,2017,LIMONEIRA CO,LMNR,E&Y,14405000,23.35,336356750
29962,2018,LIMONEIRA CO,LMNR,E&Y,17647000,24.65,434998550
29968,2016,AK STEEL HOLDING CORP,AKS,E&Y,314161000,10.21,3207583810
29968,2017,AK STEEL HOLDING CORP,AKS,E&Y,314885000,5.66,1782249100
29968,2018,AK STEEL HOLDING CORP,AKS,E&Y,315536000,2.25,709956000
29984,2016,PROLOGIS INC,PLD,KPMG,528671000,52.79,27908542090
29984,2017,PROLOGIS INC,PLD,KPMG,532186000,64.51,34331318860
29984,2018,PROLOGIS INC,PLD,KPMG,629616000,58.72,36971051520
30004,2017,INVITATION HOMES INC,INVH,Deloitte,519173000,23.57,12236907610
30004,2018,INVITATION HOMES INC,INVH,Deloitte,520648000,20.08,10454611840
30024,2016,MILLICOM INTL CELLULAR SA,TIGO,E&Y,100344000,42.35,4249568400
30024,2017,MILLICOM INTL CELLULAR SA,TIGO,E&Y,100544000,67.41,6777671040
30024,2018,MILLICOM INTL CELLULAR SA,TIGO,E&Y,100826000,63.66,6418583160
30029,2016,NUMEREX CORP  -CL A,NMRX,BDO Seidman,19608000,7.4,145099200
30030,2016,SILICOM LTD,SILC,KPMG,7382000,41.09,303326380
30030,2017,SILICOM LTD,SILC,KPMG,7550000,70.11,529330500
30030,2018,SILICOM LTD,SILC,KPMG,7559000,34.94,264111460
30032,2016,EAGLE MATERIALS INC,EXP,E&Y,48453000,97.14,4706724420
30032,2017,EAGLE MATERIALS INC,EXP,E&Y,48283000,103.05,4975563150
30032,2018,EAGLE MATERIALS INC,EXP,E&Y,45117000,84.3,3803363100
30059,2016,AMERN EAGLE OUTFITTERS INC,AEO,E&Y,181886000,15.11,2748297460
30059,2017,AMERN EAGLE OUTFITTERS INC,AEO,E&Y,177316000,18,3191688000
30059,2018,AMERN EAGLE OUTFITTERS INC,AEO,E&Y,172436000,21.12,3641848320
30067,2016,AGREE REALTY CORP,ADC,Grant Thornton,26165000,46.05,1204898250
30067,2017,AGREE REALTY CORP,ADC,Grant Thornton,31005000,51.44,1594897200
30067,2018,AGREE REALTY CORP,ADC,Grant Thornton,37546000,59.12,2219719520
30076,2016,HAMILTON LANE INC,HLNE,E&Y,19037000,18.67,355420790
30076,2017,HAMILTON LANE INC,HLNE,E&Y,23139000,37.23,861464970
30076,2018,HAMILTON LANE INC,HLNE,E&Y,27367000,43.58,1192653860
30082,2016,DNB FINANCIAL CORP,DNBF,BDO Seidman,4241000,28.4,120444400
30082,2017,DNB FINANCIAL CORP,DNBF,BDO Seidman,4286000,33.7,144438200
30082,2018,DNB FINANCIAL CORP,DNBF,BDO Seidman,4322000,28.49,123133780
30091,2017,SNAP INC,SNAP,E&Y,1222202000,14.61,17856371220
30091,2018,SNAP INC,SNAP,E&Y,1317760000,5.51,7260857600
30098,2017,GARDNER DENVER HOLDINGS INC,GDI,Deloitte,196218000,33.93,6657676740
30098,2018,GARDNER DENVER HOLDINGS INC,GDI,Deloitte,198170000,20.45,4052576500
30137,2016,NEKTAR THERAPEUTICS,NKTR,E&Y,153212000,12.27,1879911240
30137,2017,NEKTAR THERAPEUTICS,NKTR,E&Y,159524000,59.72,9526773280
30137,2018,NEKTAR THERAPEUTICS,NKTR,E&Y,173530000,32.87,5703931100
30145,2017,PROPETRO HOLDING CORP,PUMP,Deloitte,83040000,20.16,1674086400
30145,2018,PROPETRO HOLDING CORP,PUMP,Deloitte,100190000,12.32,1234340800
30146,2016,INVESTMENT TECHNOLOGY GP INC,ITG,KPMG,32626000,19.74,644037240
30146,2017,INVESTMENT TECHNOLOGY GP INC,ITG,KPMG,32601000,19.25,627569250
30146,2018,INVESTMENT TECHNOLOGY GP INC,ITG,KPMG,33201000,30.24,1003998240
30170,2016,FLEX LTD,FLEX,Deloitte,531295000,16.8,8925756000
30170,2017,FLEX LTD,FLEX,Deloitte,528078000,16.33,8623513740
30170,2018,FLEX LTD,FLEX,Deloitte,516548000,10,5165480000
30175,2016,DIVERSICARE HEALTHCARE SVCS,DVCR,BDO Seidman,6361000,10.4,66154400
30175,2017,DIVERSICARE HEALTHCARE SVCS,DVCR,BDO Seidman,6455000,10.01,64614550
30175,2018,DIVERSICARE HEALTHCARE SVCS,DVCR,BDO Seidman,6519000,2.37,15450030
30209,2016,PROPHOTONIX LTD,STKR,KPMG,83665000,0.062,5187230
30209,2017,PROPHOTONIX LTD,STKR,KPMG,92565000,0.10005,9261128.25
30218,2016,BANCO SANTANDER-CHILE,BSAC,PwC,471115000,21.87,10303285050
30218,2017,BANCO SANTANDER-CHILE,BSAC,PwC,471115000,31.27,14731766050
30218,2018,BANCO SANTANDER-CHILE,BSAC,PwC,471115000,29.9,14086338500
30236,2016,AMPLIPHI BIOSCIENCES CORP,APHB,E&Y,16488000,0.44,7254720
30236,2017,AMPLIPHI BIOSCIENCES CORP,APHB,E&Y,9499000,1.01,9593990
30236,2018,AMPLIPHI BIOSCIENCES CORP,APHB,E&Y,32294000,0.2063,6662252.2
30241,2017,TELLURIAN INC,TELL,Deloitte,222749000,9.74,2169575260
30241,2018,TELLURIAN INC,TELL,Deloitte,240656000,6.95,1672559200
30259,2016,PENN NATIONAL GAMING INC,PENN,E&Y,91122000,13.79,1256572380
30259,2017,PENN NATIONAL GAMING INC,PENN,Deloitte,91225000,31.33,2858079250
30259,2018,PENN NATIONAL GAMING INC,PENN,Deloitte,116688000,18.83,2197235040
30260,2016,SIMPSON MANUFACTURING INC,SSD,Grant Thornton,47437000,43.75,2075368750
30260,2017,SIMPSON MANUFACTURING INC,SSD,Grant Thornton,46745000,57.41,2683630450
30260,2018,SIMPSON MANUFACTURING INC,SSD,Grant Thornton,44998000,54.13,2435741740
30284,2018,LIBERTY OILFIELD SVS,LBRT,Deloitte,68360000,12.95,885262000
30293,2016,ESSEX PROPERTY TRUST,ESS,KPMG,65528000,232.5,15235260000
30293,2017,ESSEX PROPERTY TRUST,ESS,KPMG,66054000,241.37,15943453980
30293,2018,ESSEX PROPERTY TRUST,ESS,KPMG,65890000,245.21,16156886900
30298,2016,HIGHWOODS PROPERTIES INC,HIW,Deloitte,101666000,51.01,5185982660
30298,2017,HIGHWOODS PROPERTIES INC,HIW,Deloitte,103267000,50.91,5257322970
30298,2018,HIGHWOODS PROPERTIES INC,HIW,Deloitte,103557000,38.69,4006620330
30311,2017,MIRAGEN THERAPEUTICS INC,MGEN,KPMG,22568000,10.43,235384240
30311,2018,MIRAGEN THERAPEUTICS INC,MGEN,KPMG,30839000,3.03,93442170
30312,2016,IMAX CORP,IMAX,PwC,66160000,31.4,2077424000
30312,2017,IMAX CORP,IMAX,PwC,64696000,23.15,1497712400
30312,2018,IMAX CORP,IMAX,PwC,61434000,18.81,1155573540
30354,2016,LIBERTY PROPERTY TRUST,LPT,E&Y,146993000,39.5,5806223500
30354,2017,LIBERTY PROPERTY TRUST,LPT,E&Y,147451000,43.01,6341867510
30354,2018,LIBERTY PROPERTY TRUST,LPT,E&Y,147899000,41.88,6194010120
30384,2016,FIRST INDL REALTY TRUST INC,FR,PwC,117108000,28.05,3284879400
30384,2017,FIRST INDL REALTY TRUST INC,FR,PwC,119883000,31.47,3772718010
30384,2018,FIRST INDL REALTY TRUST INC,FR,PwC,126307000,28.86,3645220020
30397,2017,WARRIOR MET COAL INC,HCC,E&Y,53284000,25.15,1340092600
30397,2018,WARRIOR MET COAL INC,HCC,E&Y,51623000,24.11,1244630530
30398,2016,FALCONSTOR SOFTWARE INC,FALCD,BDO Seidman,43955000,0.4499,19775354.5
30398,2017,FALCONSTOR SOFTWARE INC,FALCD,BDO Seidman,44563000,0.1525,6795857.5
30401,2017,NETSHOES CAYMAN LTD,NETS,KPMG,31558000,7.9,249308200
30401,2018,NETSHOES CAYMAN LTD,NETS,KPMG,31535000,1.49,46987150
30435,2017,J JILL INC,JILL,PwC,43753000,8.45,369712850
30435,2018,J JILL INC,JILL,PwC,43672000,5.95,259848400
30436,2016,EMBOTELLADORA ANDINA SA,AKO.B,PwC,157762000,22.47,3544912140
30436,2017,EMBOTELLADORA ANDINA SA,AKO.B,E&Y,157762000,29.28,4619271360
30436,2018,EMBOTELLADORA ANDINA SA,AKO.B,E&Y,157762000,22.82,3600128840
30443,2016,FRESH DEL MONTE PRODUCE INC,FDP,E&Y,51257000,60.63,3107711910
30443,2017,FRESH DEL MONTE PRODUCE INC,FDP,E&Y,48759000,47.67,2324341530
30443,2018,FRESH DEL MONTE PRODUCE INC,FDP,E&Y,48442000,28.27,1369455340
30452,2016,BRADESCO BANCO,BBD,KPMG,5531885000,8.71,48182718350
30452,2017,BRADESCO BANCO,BBD,KPMG,6085074000,10.24,62311157760
30452,2018,BRADESCO BANCO,BBD,KPMG,6693581000,9.89,66199516090
30463,2016,GREENBRIER COS INC (THE),GBX,KPMG,28205000,33.89,955867450
30463,2017,GREENBRIER COS INC (THE),GBX,KPMG,28503000,42.9,1222778700
30463,2018,GREENBRIER COS INC (THE),GBX,KPMG,32191000,58,1867078000
30477,2016,MATTHEWS INTL CORP  -CL A,MATW,E&Y,32142000,60.76,1952947920
30477,2017,MATTHEWS INTL CORP  -CL A,MATW,E&Y,32149000,62.25,2001275250
30477,2018,MATTHEWS INTL CORP  -CL A,MATW,E&Y,32075000,50.15,1608561250
30490,2016,APARTMENT INVST & MGMT CO,AIV,E&Y,156888000,45.45,7130559600
30490,2017,APARTMENT INVST & MGMT CO,AIV,E&Y,157189000,43.71,6870731190
30490,2018,APARTMENT INVST & MGMT CO,AIV,E&Y,149134000,43.88,6543999920
30495,2016,FELCOR LODGING TRUST INC,FCH,PwC,137990000,8.01,1105299900
30501,2016,KB FINANCIAL GROUP,KB,PwC,398285000,35.29,14055477650
30501,2017,KB FINANCIAL GROUP,KB,PwC,399038000,58.51,23347713380
30501,2018,KB FINANCIAL GROUP,KB,PwC,395551000,41.98,16605230980
30535,2017,MULESOFT INC,MULE,KPMG,131338000,23.26,3054921880
30536,2016,GEO GROUP INC,GEO,Grant Thornton,75032000,35.93,2695899760
30536,2017,GEO GROUP INC,GEO,Grant Thornton,124008000,23.6,2926588800
30536,2018,GEO GROUP INC,GEO,Grant Thornton,120585000,19.7,2375524500
30538,2016,ENEL GENERACION CHILE SA,EOCCY,E&Y,273392000,19.44,5314740480
30538,2017,ENEL GENERACION CHILE SA,EOCCY,KPMG,273392000,26.91,7356978720
30538,2018,ENEL GENERACION CHILE SA,EOCCY,KPMG,273392000,17,4647664000
30547,2017,SOLARIS OILFIELD IF INC,SOI,BDO Seidman,19011000,21.41,407025510
30547,2018,SOLARIS OILFIELD IF INC,SOI,BDO Seidman,27000000,12.09,326430000
30554,2016,TARO PHARMACEUTICL INDS LTD,TARO,BDO Seidman,40516000,116.62,4724975920
30554,2017,TARO PHARMACEUTICL INDS LTD,TARO,BDO Seidman,39431000,98.74,3893416940
30571,2017,ARDAGH GROUP SA,ARD,PwC,236300000,21.1,4985930000
30571,2018,ARDAGH GROUP SA,ARD,PwC,236300000,11.08,2618204000
30576,2016,ADTRAN INC,ADTN,PwC,48472000,22.35,1083349200
30576,2017,ADTRAN INC,ADTN,PwC,48485000,19.35,938184750
30576,2018,ADTRAN INC,ADTN,PwC,47751000,10.74,512845740
30580,2016,ITAU UNIBANCO HLDG SA,ITUB,PwC,6512700000,10.28,66950556000
30580,2017,ITAU UNIBANCO HLDG SA,ITUB,PwC,6464631000,13,84040203000
30580,2018,ITAU UNIBANCO HLDG SA,ITUB,PwC,9720521000,9.14,88845561940
30582,2016,NATIONAL BANK OF GREECE,NBGGY,Deloitte,9144741000,0.262,2395922142
30582,2017,NATIONAL BANK OF GREECE,NBGGY,PwC,9146648000,0.383,3503166184
30612,2016,AMEDISYS INC,AMED,KPMG,33597000,42.63,1432240110
30612,2017,AMEDISYS INC,AMED,KPMG,33965000,52.71,1790295150
30612,2018,AMEDISYS INC,AMED,KPMG,31974000,117.11,3744475140
30622,2017,YEXT INC,YEXT,E&Y,93977000,12.05,1132422850
30622,2018,YEXT INC,YEXT,E&Y,102173000,15.59,1592877070
30637,2016,MACK-CALI REALTY CORP,CLI,PwC,89697000,29.02,2603006940
30637,2017,MACK-CALI REALTY CORP,CLI,PwC,89914000,21.56,1938545840
30637,2018,MACK-CALI REALTY CORP,CLI,PwC,90320000,19.59,1769368800
30647,2016,PATRIOT NATIONAL BANCORP INC,PNBK,BDO Seidman,3892000,14.05,54682600
30651,2016,DARLING INGREDIENTS INC,DAR,KPMG,164613000,12.91,2125153830
30651,2017,DARLING INGREDIENTS INC,DAR,KPMG,164653000,18.13,2985158890
30651,2018,DARLING INGREDIENTS INC,DAR,KPMG,164661000,19.24,3168077640
30655,2017,ALTERYX INC,AYX,PwC,59635000,25.27,1506976450
30655,2018,ALTERYX INC,AYX,Deloitte,61580000,59.47,3662162600
30662,2016,SIRIUS XM HOLDINGS INC,SIRI,KPMG,4740947000,4.45,21097214150
30662,2017,SIRIUS XM HOLDINGS INC,SIRI,KPMG,4527742000,5.36,24268697120
30662,2018,SIRIUS XM HOLDINGS INC,SIRI,KPMG,4345606000,5.71,24813410260
30671,2016,RELIANCE STEEL & ALUMINUM CO,RS,KPMG,72683000,79.54,5781205820
30671,2017,RELIANCE STEEL & ALUMINUM CO,RS,KPMG,72610000,85.79,6229211900
30671,2018,RELIANCE STEEL & ALUMINUM CO,RS,KPMG,66882000,71.17,4759991940
30714,2016,TESSCO TECHNOLOGIES INC,TESS,E&Y,8338000,15.7,130906600
30714,2017,TESSCO TECHNOLOGIES INC,TESS,E&Y,8397000,23.15,194390550
30714,2018,TESSCO TECHNOLOGIES INC,TESS,E&Y,8469000,15.48,131100120
30736,2017,OKTA INC,OKTA,E&Y,103971000,29.45,3061945950
30736,2018,OKTA INC,OKTA,E&Y,112152000,82.43,9244689360
30747,2016,HUANENG POWER INTERNATIONAL,HNP,KPMG,380010000,26.04,9895460400
30747,2017,HUANENG POWER INTERNATIONAL,HNP,KPMG,380010000,25,9500250000
30747,2018,HUANENG POWER INTERNATIONAL,HNP,KPMG,392452000,25.01,9815224520
30778,2016,CENTRAL EUROPEAN MEDIA,CETV,Deloitte,143450000,2.55,365797500
30778,2017,CENTRAL EUROPEAN MEDIA,CETV,E&Y,145486000,4.65,676509900
30778,2018,CENTRAL EUROPEAN MEDIA,CETV,E&Y,252854000,2.78,702934120
30806,2016,FIBRIA CELULOSE SA,FBR,PwC,553935000,9.61,5323315350
30806,2017,FIBRIA CELULOSE SA,FBR,PwC,553935000,14.7,8142844500
30822,2016,REALTY INCOME CORP,O,KPMG,260168000,57.48,14954456640
30822,2017,REALTY INCOME CORP,O,KPMG,284214000,57.02,16205882280
30822,2018,REALTY INCOME CORP,O,KPMG,303742000,63.04,19147895680
30830,2017,TOCAGEN INC,TOCA,E&Y,19883000,10.25,203800750
30830,2018,TOCAGEN INC,TOCA,E&Y,23000000,8.21,188830000
30838,2016,TRANSPORTADORA DE GAS SUR,TGS,PwC,158899000,9.02,1433268980
30838,2017,TRANSPORTADORA DE GAS SUR,TGS,PwC,158899000,22.23,3532324770
30838,2018,TRANSPORTADORA DE GAS SUR,TGS,PwC,156179000,15,2342685000
30847,2016,STRATASYS LTD,SSYS,PwC,52639000,16.54,870649060
30847,2017,STRATASYS LTD,SSYS,PwC,53631000,19.96,1070474760
30847,2018,STRATASYS LTD,SSYS,PwC,53881000,18.01,970396810
30857,2016,CARVER BANCORP INC,CARV,BDO Seidman,3696000,3.66,13527360
30857,2017,CARVER BANCORP INC,CARV,BDO Seidman,3696000,2.82,10422720
30857,2018,CARVER BANCORP INC,CARV,BDO Seidman,3699000,3.73,13797270
30861,2016,KNIGHT-SWIFT TRPTN HLDGS INC,KNX,Grant Thornton,80229000,33.05,2651568450
30861,2017,KNIGHT-SWIFT TRPTN HLDGS INC,KNX,Grant Thornton,177998000,43.72,7782072560
30861,2018,KNIGHT-SWIFT TRPTN HLDGS INC,KNX,Grant Thornton,172844000,25.07,4333199080
30870,2016,ASPEN TECHNOLOGY INC,AZPN,KPMG,80178000,40.24,3226362720
30870,2017,ASPEN TECHNOLOGY INC,AZPN,KPMG,73421000,55.26,4057244460
30870,2018,ASPEN TECHNOLOGY INC,AZPN,KPMG,71187000,92.74,6601882380
30874,2016,KEPCO-KOREA ELEC POWER CORP,KEP,KPMG,1283928000,18.48,23726989440
30874,2017,KEPCO-KOREA ELEC POWER CORP,KEP,KPMG,1283928000,17.71,22738364880
30874,2018,KEPCO-KOREA ELEC POWER CORP,KEP,KPMG,1283928000,14.75,18937938000
30877,2016,COVENANT TRANSPORTATION GRP,CVTI,KPMG,18249000,19.34,352935660
30877,2017,COVENANT TRANSPORTATION GRP,CVTI,KPMG,18330000,28.73,526620900
30877,2018,COVENANT TRANSPORTATION GRP,CVTI,KPMG,18366000,19.2,352627200
30888,2016,FIDELITY SOUTHERN CORP,LION,E&Y,26318000,23.67,622947060
30888,2017,FIDELITY SOUTHERN CORP,LION,E&Y,27019000,21.8,589014200
30888,2018,FIDELITY SOUTHERN CORP,LION,E&Y,27280000,26.02,709825600
30899,2016,HUDSON TECHNOLOGIES INC,HDSN,BDO Seidman,41466000,8.01,332142660
30899,2017,HUDSON TECHNOLOGIES INC,HDSN,BDO Seidman,42398000,6.07,257355860
30899,2018,HUDSON TECHNOLOGIES INC,HDSN,BDO Seidman,42602000,0.89,37915780
30923,2016,TECHNIPFMC PLC,FTI,PwC,475406000,17.881,8500734686
30923,2017,TECHNIPFMC PLC,FTI,PwC,465000000,31.31,14559150000
30923,2018,TECHNIPFMC PLC,FTI,PwC,450400000,19.58,8818832000
30932,2016,NORTHWEST BANCSHARES INC,NWBI,KPMG,101699000,18.03,1833632970
30932,2017,NORTHWEST BANCSHARES INC,NWBI,KPMG,102395000,16.73,1713068350
30932,2018,NORTHWEST BANCSHARES INC,NWBI,KPMG,103354000,16.94,1750816760
30962,2017,CADENCE BANCORPORATION,CADE,E&Y,83625000,27.12,2267910000
30962,2018,CADENCE BANCORPORATION,CADE,E&Y,81369000,16.78,1365371820
30990,2016,CAPITAL ONE FINANCIAL CORP,COF,E&Y,480219000,87.24,41894305560
30990,2017,CAPITAL ONE FINANCIAL CORP,COF,E&Y,485525000,99.58,48348579500
30990,2018,CAPITAL ONE FINANCIAL CORP,COF,E&Y,467717000,75.59,35354728030
30998,2017,EMERALD EXPSTNS EVENTS,EEX,PwC,72604000,20.34,1476765360
30998,2018,EMERALD EXPSTNS EVENTS,EEX,PwC,71591000,12.34,883432940
30999,2017,CARVANA CO,CVNA,Grant Thornton,18096000,19.12,345995520
30999,2018,CARVANA CO,CVNA,Grant Thornton,41208000,32.71,1347913680
31004,2017,CLOUDERA INC,CLDR,E&Y,145327000,18.72,2720521440
31004,2018,CLOUDERA INC,CLDR,E&Y,268819000,13.5,3629056500
31005,2017,NCS MULTISTAGE HLDG INC,NCSM,PwC,43913000,14.74,647277620
31005,2018,NCS MULTISTAGE HLDG INC,NCSM,PwC,45072000,5.09,229416480
31059,2017,ZYMEWORKS INC,ZYME,KPMG,25444000,7.5931,193198836.4
31059,2018,ZYMEWORKS INC,ZYME,KPMG,31978000,14.68,469437040
31060,2017,CHINA RAPID FNC- ADR,XRF,PwC,64703000,5.72,370101160
31091,2018,VERITONE INC,VERI,Grant Thornton,19335000,3.8,73473000
31094,2017,BIOHAVEN PHRMCUTCL HLD,BHVN,PwC,36058000,26.98,972844840
31094,2018,BIOHAVEN PHRMCUTCL HLD,BHVN,PwC,44198000,36.98,1634442040
31095,2016,CONDOR HOSPITALITY TR INC,CDOR,KPMG,4957000,2.0397,10110792.9
31095,2017,CONDOR HOSPITALITY TR INC,CDOR,KPMG,11834000,9.95,117748300
31095,2018,CONDOR HOSPITALITY TR INC,CDOR,KPMG,11886000,6.89,81894540
31108,2017,FIVE POINT HOLDINGS LLC,FPH,Deloitte,143778000,14.1,2027269800
31108,2018,FIVE POINT HOLDINGS LLC,FPH,Deloitte,145650000,6.94,1010811000
31109,2017,ANTERO MIDSTREAM CORP,AM,KPMG,186182000,19.72,3671509040
31109,2018,ANTERO MIDSTREAM CORP,AM,KPMG,186219000,11.18,2081928420
31112,2017,OVID THRPUTCS INC,OVID,KPMG,24606000,9.87,242861220
31112,2018,OVID THRPUTCS INC,OVID,KPMG,24654000,2.42,59662680
31122,2016,APOLLO EDUCATION GROUP INC,APOL,Deloitte,109625000,8.87,972373750
31137,2016,SKY PLC,BSY,Deloitte,429754000,45.344,19486765376
31137,2017,SKY PLC,BSY,Deloitte,429754000,51.646,22195075084
31137,2018,SKY PLC,BSY,Deloitte,429754000,77.182,33169273228
31142,2016,STMICROELECTRONICS NV,STM,E&Y,883411000,11.35,10026714850
31142,2017,STMICROELECTRONICS NV,STM,E&Y,896590000,21.84,19581525600
31142,2018,STMICROELECTRONICS NV,STM,E&Y,898305000,13.88,12468473400
31156,2017,ROSEHILL RESOURCES INC,ROSE,BDO Seidman,6222000,7.86,48904920
31156,2018,ROSEHILL RESOURCES INC,ROSE,BDO Seidman,13760000,2.23,30684800
31177,2017,SAVARA INC,SVRA,PwC,30510000,14.84,452768400
31177,2018,SAVARA INC,SVRA,PwC,35146000,7.57,266055220
31203,2016,STILLWATER MINING CO,SWC,KPMG,121234000,16.11,1953079740
31205,2016,FOMENTO ECONOMICO MEXICANO,FMX,E&Y,216118000,76.21,16470352780
31205,2017,FOMENTO ECONOMICO MEXICANO,FMX,E&Y,216118000,93.9,20293480200
31205,2018,FOMENTO ECONOMICO MEXICANO,FMX,E&Y,216118000,86.05,18596953900
31227,2016,NUTRISYSTEM INC,NTRI,KPMG,29686000,34.65,1028619900
31227,2017,NUTRISYSTEM INC,NTRI,KPMG,30050000,52.6,1580630000
31227,2018,NUTRISYSTEM INC,NTRI,KPMG,29532000,43.88,1295864160
31236,2017,APPIAN CORP,APPN,BDO Seidman,60600000,31.48,1907688000
31236,2018,APPIAN CORP,APPN,BDO Seidman,63916000,26.71,1707196360
31249,2017,ALTIMMUNE INC,ALT,E&Y,18127000,1.99,36072730
31249,2018,ALTIMMUNE INC,ALT,E&Y,9079000,2.06,18702740
31251,2017,KKR REAL ESTATE FIN TR INC,KREF,Deloitte,53685000,20.01,1074236850
31251,2018,KKR REAL ESTATE FIN TR INC,KREF,Deloitte,57596000,19.15,1102963400
31252,2017,MAGNOLIA OIL & GAS CORP,MGY,KPMG,81250000,10.25,832812500
31252,2018,MAGNOLIA OIL & GAS CORP,MGY,KPMG,156333000,11.21,1752492930
31255,2016,TOWER SEMICONDUCTOR LTD,TSEM,Deloitte,92985000,19.03,1769504550
31255,2017,TOWER SEMICONDUCTOR LTD,TSEM,Deloitte,98458000,34.08,3355448640
31255,2018,TOWER SEMICONDUCTOR LTD,TSEM,Deloitte,104980000,14.74,1547405200
31292,2018,ASV HOLDINGS INC,ASV,BDO Seidman,9851000,2,19702000
31294,2017,G1 THERAPEUTICS INC,GTHX,PwC,28394000,19.84,563336960
31294,2018,G1 THERAPEUTICS INC,GTHX,PwC,37242000,19.15,713184300
31295,2018,FOCUS FINANCL PRTNR LLC,FOCS,Deloitte,46266000,26.33,1218183780
31301,2017,NOVUS THERAPEUTICS INC,NVUS,E&Y,7110000,4.06,28866600
31301,2018,NOVUS THERAPEUTICS INC,NVUS,E&Y,9422000,1.6,15075200
31317,2017,BRIGHT SCHOLAR EDU-ADR,BEDU,Deloitte,117250000,18.36,2152710000
31317,2018,BRIGHT SCHOLAR EDU-ADR,BEDU,Deloitte,127250000,12.04,1532090000
31331,2018,NATIONAL ENERGY SERVICES REU,NESR,KPMG,85563000,8.66,740975580
31348,2018,MOTUS GI HOLDINGS INC,MOTS,Deloitte,21440000,3.11,66678400
31368,2016,HANMI FINANCIAL CORP,HAFC,KPMG,32331000,34.9,1128351900
31368,2017,HANMI FINANCIAL CORP,HAFC,KPMG,32432000,30.35,984311200
31368,2018,HANMI FINANCIAL CORP,HAFC,KPMG,30928000,19.7,609281600
31384,2017,SEACOR MARINE HLDGS INC,SMHI,Grant Thornton,17675000,11.7,206797500
31384,2018,SEACOR MARINE HLDGS INC,SMHI,Grant Thornton,20439000,11.76,240362640
31385,2016,JUNIATA VALLEY FINANCIAL CP,JUVF,BDO Seidman,4756000,18.25,86797000
31385,2017,JUNIATA VALLEY FINANCIAL CP,JUVF,BDO Seidman,4768000,20,95360000
31385,2018,JUNIATA VALLEY FINANCIAL CP,JUVF,BDO Seidman,5092000,21.25,108205000
31386,2018,PLAYAGS INC,AGS,PwC,35353000,23,813119000
31405,2017,ATHENEX INC,ATNX,Deloitte,58221000,15.9,925713900
31405,2018,ATHENEX INC,ATNX,Deloitte,66996000,12.69,850179240
31424,2016,CHINA YUCHAI INTERNATIONAL,CYD,E&Y,40712000,13.81,562232720
31424,2017,CHINA YUCHAI INTERNATIONAL,CYD,E&Y,40858000,24,980592000
31424,2018,CHINA YUCHAI INTERNATIONAL,CYD,E&Y,40858000,12.44,508273520
31442,2017,OASIS MIDSTREAM PARTNR,OMP,PwC,27512000,17.44,479809280
31442,2018,OASIS MIDSTREAM PARTNR,OMP,PwC,33779000,15.99,540126210
31453,2016,INSIGHT ENTERPRISES INC,NSIT,KPMG,35484000,40.44,1434972960
31453,2017,INSIGHT ENTERPRISES INC,NSIT,KPMG,35829000,38.29,1371892410
31453,2018,INSIGHT ENTERPRISES INC,NSIT,KPMG,35482000,40.75,1445891500
31460,2016,RENT-A-CENTER INC,RCII,KPMG,53150000,11.25,597937500
31460,2017,RENT-A-CENTER INC,RCII,KPMG,53312000,11.1,591763200
31460,2018,RENT-A-CENTER INC,RCII,KPMG,53540000,16.19,866812600
31466,2017,WIDEOPENWEST INC,WOW,BDO Seidman,88427000,10.57,934673390
31466,2018,WIDEOPENWEST INC,WOW,BDO Seidman,82680000,7.13,589508400
31477,2016,BROOKS AUTOMATION INC,BRKS,PwC,68758000,13.61,935796380
31477,2017,BROOKS AUTOMATION INC,BRKS,PwC,69833000,30.36,2120129880
31477,2018,BROOKS AUTOMATION INC,BRKS,PwC,70702000,35.03,2476691060
31494,2017,SMART GLOBAL HOLDINGS INC,SGH,Deloitte,21666000,19.87,430503420
31494,2018,SMART GLOBAL HOLDINGS INC,SGH,Deloitte,22480000,32.99,741615200
31507,2018,NINE ENERGY SERVICE INC,NINE,PwC,30163000,22.54,679874020
31519,2016,YAMANA GOLD INC,AUY,Deloitte,947798000,2.81,2663312380
31519,2017,YAMANA GOLD INC,AUY,Deloitte,948525000,3.12,2959398000
31519,2018,YAMANA GOLD INC,AUY,Deloitte,949342000,2.36,2240447120
31521,2016,INTL FCSTONE INC,INTL,KPMG,18435000,38.85,716199750
31521,2017,INTL FCSTONE INC,INTL,KPMG,18733000,38.32,717848560
31521,2018,INTL FCSTONE INC,INTL,KPMG,18908000,48.32,913634560
31559,2017,SIENNA BIOPHARMACEUTICL,SNNA,E&Y,20194000,18.15,366521100
31559,2018,SIENNA BIOPHARMACEUTICL,SNNA,E&Y,20870000,2.32,48418400
31560,2016,SPEEDWAY MOTORSPORTS INC,TRK,PwC,41098000,21.67,890593660
31560,2017,SPEEDWAY MOTORSPORTS INC,TRK,PwC,40992000,18.87,773519040
31560,2018,SPEEDWAY MOTORSPORTS INC,TRK,PwC,40854000,16.27,664694580
31564,2016,ACI WORLDWIDE INC,ACIW,Deloitte,117337000,18.15,2129666550
31564,2017,ACI WORLDWIDE INC,ACIW,Deloitte,117097000,22.67,2654588990
31564,2018,ACI WORLDWIDE INC,ACIW,Deloitte,116123000,27.67,3213123410
31567,2016,STRATTEC SECURITY CORP,STRT,Deloitte,3566000,40.77,145385820
31567,2017,STRATTEC SECURITY CORP,STRT,Deloitte,3597000,35.4,127333800
31567,2018,STRATTEC SECURITY CORP,STRT,Deloitte,3635000,30.55,111049250
31587,2016,DOLLAR TREE INC,DLTR,KPMG,236136000,77.19,18227337840
31587,2017,DOLLAR TREE INC,DLTR,KPMG,237326000,115,27292490000
31587,2018,DOLLAR TREE INC,DLTR,KPMG,238082000,96.83,23053480060
31607,2016,NATIONAL INSTRUMENTS CORP,NATI,E&Y,129203000,30.82,3982036460
31607,2017,NATIONAL INSTRUMENTS CORP,NATI,E&Y,130979000,41.63,5452655770
31607,2018,NATIONAL INSTRUMENTS CORP,NATI,E&Y,132656000,45.38,6019929280
31624,2017,BLUE APRON HOLDNG INC,APRN,E&Y,191385000,4.03,771281550
31624,2018,BLUE APRON HOLDNG INC,APRN,E&Y,194312000,1.02,198198240
31626,2016,CHINA NATURAL RESOURCES INC,CHNR,E&Y,24911000,2.48,61779280
31626,2017,CHINA NATURAL RESOURCES INC,CHNR,E&Y,24911000,2.67,66512370
31626,2018,CHINA NATURAL RESOURCES INC,CHNR,E&Y,24911000,1.6905,42112045.5
31628,2017,MERSANA THRPEUTIC INC,MRSN,E&Y,22765000,16.43,374028950
31628,2018,MERSANA THRPEUTIC INC,MRSN,E&Y,23234000,4.08,94794720
31629,2016,READING INTL INC  -CL A,RDI,Grant Thornton,23178000,16.6,384754800
31629,2017,READING INTL INC  -CL A,RDI,Grant Thornton,22932000,16.7,382964400
31629,2018,READING INTL INC  -CL A,RDI,Grant Thornton,22876000,14.54,332617040
31631,2017,TINTRI INC,TNTRQ,KPMG,31324000,5.62,176040880
31656,2017,AILERON THERAPEUTIC INC,ALRN,PwC,14724000,10.54,155190960
31656,2018,AILERON THERAPEUTIC INC,ALRN,PwC,14748000,0.84,12388320
31657,2017,DOVA PHARMACEUTICAL INC,DOVA,KPMG,25652000,28.8,738777600
31657,2018,DOVA PHARMACEUTICAL INC,DOVA,E&Y,28204000,7.58,213786320
31673,2016,AMERISOURCEBERGEN CORP,ABC,E&Y,220051000,80.78,17775719780
31673,2017,AMERISOURCEBERGEN CORP,ABC,E&Y,217994000,82.75,18039003500
31673,2018,AMERISOURCEBERGEN CORP,ABC,E&Y,213217000,92.22,19662871740
31674,2016,PCM INC,PCMI,Deloitte,11967000,22.5,269257500
31674,2017,PCM INC,PCMI,Deloitte,11780000,9.9,116622000
31674,2018,PCM INC,PCMI,Deloitte,12183000,17.61,214542630
31717,2016,IRSA INVERSIONES Y REPSTN SA,IRS,PwC,57515000,16.81,966827150
31717,2017,IRSA INVERSIONES Y REPSTN SA,IRS,PwC,57525000,24.12,1387503000
31717,2018,IRSA INVERSIONES Y REPSTN SA,IRS,PwC,57542000,17.29,994901180
31752,2016,CBIZ INC,CBZ,KPMG,54044000,13.7,740402800
31752,2017,CBIZ INC,CBZ,KPMG,54591000,15.45,843430950
31752,2018,CBIZ INC,CBZ,KPMG,55072000,19.7,1084918400
31774,2017,BRIGHTHOUSE FINANL INC,BHF,Deloitte,119773000,58.64,7023488720
31774,2018,BRIGHTHOUSE FINANL INC,BHF,Deloitte,117532000,30.48,3582375360
31775,2016,IMAGE SENSING SYSTEMS INC,ISNS,Grant Thornton,5094000,3.7,18847800
31782,2017,TPG PACE HOLDINGS CORP,TPGH,KPMG,56250000,9.73,547312500
31782,2018,TPG PACE HOLDINGS CORP,TPGH,KPMG,56250000,10,562500000
31802,2017,DELPHI TECHNOLOGIES PLC,DLPH,E&Y,88613000,52.47,4649524110
31802,2018,DELPHI TECHNOLOGIES PLC,DLPH,E&Y,88492000,14.32,1267205440
31819,2017,TCG BDC INC,CGBD,E&Y,62208000,20.04,1246648320
31819,2018,TCG BDC INC,CGBD,E&Y,62230000,12.4,771652000
31823,2017,VENATOR MATERIALS PLC,VNTR,Deloitte,106000000,22.12,2344720000
31823,2018,VENATOR MATERIALS PLC,VNTR,Deloitte,106000000,4.19,444140000
31843,2016,HARMONIC INC,HLIT,PwC,78456000,5,392280000
31843,2017,HARMONIC INC,HLIT,PwC,82554000,4.2,346726800
31845,2017,RANGER ENERGY SERVICES,RNGR,BDO Seidman,8413000,9.23,77651990
31845,2018,RANGER ENERGY SERVICES,RNGR,BDO Seidman,8449000,5.17,43681330
31846,2016,DARDEN RESTAURANTS INC,DRI,KPMG,125418000,88.93,11153422740
31846,2017,DARDEN RESTAURANTS INC,DRI,KPMG,123540000,87.41,10798631400
31846,2018,DARDEN RESTAURANTS INC,DRI,KPMG,123080000,116.32,14316665600
31848,2017,AVENUE THERAPEUTICS INC,ATXI,BDO Seidman,10265000,3.62,37159300
31848,2018,AVENUE THERAPEUTICS INC,ATXI,BDO Seidman,10668000,5.4,57607200
31882,2016,PHAROL SGPS SA,PTGCY,BDO Seidman,865648000,0.218,188711264
31882,2017,PHAROL SGPS SA,PTGCY,BDO Seidman,865648000,0.3,259694400
31882,2018,PHAROL SGPS SA,PTGCY,BDO Seidman,865648000,0.187,161876176
31887,2016,RESMED INC,RMD,KPMG,140661000,63.23,8893995030
31887,2017,RESMED INC,RMD,KPMG,142175000,77.87,11071167250
31887,2018,RESMED INC,RMD,KPMG,142680000,103.58,14778794400
31914,2018,AMERICAN FINANCE TRUST INC,AFIN,KPMG,106231000,13.32,1414996920
31958,2017,SAFEHOLD INC,SAFE,PwC,18190000,17.6,320144000
31958,2018,SAFEHOLD INC,SAFE,Deloitte,18276000,18.81,343771560
31966,2017,TPG RE FINANCE TRT INC,TRTX,Deloitte,60619000,19.05,1154791950
31966,2018,TPG RE FINANCE TRT INC,TRTX,Deloitte,67163000,18.28,1227739640
31994,2017,GRANITE POINT MORTGE TRS INC,GPMT,E&Y,43235000,17.74,766988900
31994,2018,GRANITE POINT MORTGE TRS INC,GPMT,E&Y,43621000,18.03,786486630
32018,2017,KALA PHARMECUTICAL INC,KALA,Deloitte,24538000,18.49,453707620
32018,2018,KALA PHARMECUTICAL INC,KALA,Deloitte,33863000,4.89,165590070
32046,2017,AKCEA THERAPEUTICS INC,AKCA,E&Y,66542000,17.36,1155169120
32046,2018,AKCEA THERAPEUTICS INC,AKCA,E&Y,89346000,30.14,2692888440
32074,2017,EXELA TECHNOLOGIES INC,XELA,KPMG,150529000,5.15,775224350
32074,2018,EXELA TECHNOLOGIES INC,XELA,KPMG,150143000,3.89,584056270
32086,2017,CISION LTD,CISN,PwC,122635000,11.87,1455677450
32086,2018,CISION LTD,CISN,PwC,132717000,11.7,1552788900
32102,2017,REDFIN CORP,RDFN,Deloitte,81469000,31.32,2551609080
32102,2018,REDFIN CORP,RDFN,Deloitte,90151000,14.4,1298174400
32106,2017,BAKER HUGHES A GE CO,BHGE,KPMG,422208000,31.64,13358661120
32106,2018,BAKER HUGHES A GE CO,BHGE,KPMG,513399000,21.5,11038078500
32130,2017,CLEMENTIA PHARMACEUTICALS,CMTA,KPMG,31718000,18.98,602007640
32130,2018,CLEMENTIA PHARMACEUTICALS,CMTA,KPMG,37864000,11.76,445280640
32154,2017,JBG SMITH PPTYS,JBGS,Deloitte,117955000,34.73,4096577150
32154,2018,JBG SMITH PPTYS,JBGS,Deloitte,120937000,34.81,4209816970
32192,2017,YOGAWORKS INC,YOGA,BDO Seidman,16333000,2.83,46222390
32192,2018,YOGAWORKS INC,YOGA,BDO Seidman,16495000,0.51,8412450
32193,2017,CALYXT INC,CLXT,E&Y,27719000,22.03,610649570
32193,2018,CALYXT INC,CLXT,E&Y,32649000,10.36,338243640
32219,2017,PETIQ INC,PETQ,KPMG,13223000,21.84,288790320
32219,2018,PETIQ INC,PETQ,KPMG,21620000,23.47,507421400
32244,2018,NEXTDECADE CORP,NEXT,Grant Thornton,106850000,5.4,576990000
32245,2017,ALPINE IMMUNE SCIENCES INC,ALPN,E&Y,13831000,11.2,154907200
32245,2018,ALPINE IMMUNE SCIENCES INC,ALPN,E&Y,13854000,3.68,50982720
32267,2017,MOLECULAR TEMPLATES,MTEM,BDO Seidman,26898000,10.02,269517960
32267,2018,MOLECULAR TEMPLATES,MTEM,E&Y,36736000,4.04,148413440
32271,2017,ACHIEVE LIFE SCIENCES INC,ACHV,PwC,11948000,1.3433,16049748.4
32271,2018,ACHIEVE LIFE SCIENCES INC,ACHV,PwC,6721000,1.21,8132410
32273,2017,TREMONT MORTGAGE TRUST,TRMT,E&Y,3126000,14.69,45920940
32273,2018,TREMONT MORTGAGE TRUST,TRMT,E&Y,3179000,9.05,28769950
32285,2017,PQ GROUP HOLDINGS INC,PQG,PwC,135244000,16.45,2224763800
32285,2018,PQ GROUP HOLDINGS INC,PQG,PwC,135592000,14.81,2008117520
32298,2017,AERPIO PHARMACEUTICALS INC,ARPO,E&Y,27070000,4.75,128582500
32298,2018,AERPIO PHARMACEUTICALS INC,ARPO,E&Y,40588000,1.7,68999600
32303,2018,QUINTANA ENERGY SVC INC,QES,PwC,33541000,3.46,116051860
32316,2017,JAGUAR HEALTH INC,JAGX,BDO Seidman,105325000,0.13984,14728648
32316,2018,JAGUAR HEALTH INC,JAGX,BDO Seidman,64904000,0.2288,14850035.2
32332,2017,DESPEGAR COM CORP,DESP,PwC,69097000,27.48,1898785560
32332,2018,DESPEGAR COM CORP,DESP,PwC,67691000,12.41,840045310
32334,2017,ZAI LAB LIMITED -ADS,ZLAB,Deloitte,49913000,21.23,1059652990
32334,2018,ZAI LAB LIMITED -ADS,ZLAB,Deloitte,58007000,23.22,1346922540
32347,2017,MUSTANG BIO INC,MBIO,BDO Seidman,26236000,11.99,314569640
32347,2018,MUSTANG BIO INC,MBIO,BDO Seidman,27610000,2.94,81173400
32352,2017,HAMILTON BEACH BND HDNG,HBB,E&Y,13673000,25.69,351259370
32352,2018,HAMILTON BEACH BND HDNG,HBB,E&Y,13713000,23.46,321706980
32365,2017,SYNLOGIC INC,SYBX,KPMG,16273000,9.7,157848100
32365,2018,SYNLOGIC INC,SYBX,KPMG,25401000,7.01,178061010
32366,2017,SECOO HOLDING LTD -ADS,SECO,KPMG,50560000,9.66,488409600
32366,2018,SECOO HOLDING LTD -ADS,SECO,KPMG,50244000,9.07,455713080
32371,2017,RYB EDUCATION INC,RYB,Deloitte,29214000,16.88,493132320
32371,2018,RYB EDUCATION INC,RYB,Deloitte,29214000,5.84,170609760
32372,2017,CONSOL ENERGY INC,CEIX,E&Y,27973000,39.51,1105213230
32372,2018,CONSOL ENERGY INC,CEIX,E&Y,27438000,31.71,870058980
32378,2017,NIGHTSTAR THRPUTC -ADS,NITE,E&Y,28905000,13.12,379233600
32378,2018,NIGHTSTAR THRPUTC -ADS,NITE,E&Y,33486000,11.52,385758720
32380,2017,RESTORATION ROBOTIC INC,HAIR,Grant Thornton,28940000,4.6,133124000
32380,2018,RESTORATION ROBOTIC INC,HAIR,Grant Thornton,40677000,0.4356,17718901.2
32381,2017,NUCANA PLC -ADS,NCNA,E&Y,31311000,10.11,316554210
32381,2018,NUCANA PLC -ADS,NCNA,E&Y,31726000,14.5,460027000
32382,2017,ROKU INC,ROKU,Deloitte,99157000,51.78,5134349460
32382,2018,ROKU INC,ROKU,Deloitte,109770000,30.64,3363352800
32383,2017,DECIPHERA PHRMCTAL INC,DCPH,PwC,32592000,22.67,738860640
32383,2018,DECIPHERA PHRMCTAL INC,DCPH,PwC,37677000,20.99,790840230
32413,2017,BP MIDSTREAM PARTNERS,BPMP,E&Y,104751000,20.57,2154728070
32413,2018,BP MIDSTREAM PARTNERS,BPMP,Deloitte,104760000,15.54,1627970400
32451,2017,OPTINOSE INC,OPTN,E&Y,37803000,18.9,714476700
32451,2018,OPTINOSE INC,OPTN,E&Y,41228000,6.2,255613600
32453,2017,QUDIAN INC,QD,E&Y,325838000,12.54,4086008520
32453,2018,QUDIAN INC,QD,E&Y,296444000,4.29,1271744760
32469,2017,SWITCH INC,SWCH,PwC,35938000,18.19,653712220
32469,2018,SWITCH INC,SWCH,PwC,55218000,7,386526000
32502,2017,ANGI HOMESERVICES INC,ANGI,E&Y,478004000,10.46,4999921840
32502,2018,ANGI HOMESERVICES INC,ANGI,E&Y,501633000,16.07,8061242310
32524,2017,AQUANTIA CORP,AQ,Deloitte,33524000,11.33,379826920
32524,2018,AQUANTIA CORP,AQ,Deloitte,35050000,8.77,307388500
32525,2017,SPERO THERAPEUTICS INC,SPRO,PwC,14369000,11.75,168835750
32525,2018,SPERO THERAPEUTICS INC,SPRO,PwC,17206000,6.15,105816900
32526,2017,MONGODB INC,MDB,PwC,50576000,27.11,1371115360
32526,2018,MONGODB INC,MDB,PwC,54322000,92.36,5017179920
32528,2017,FUNKO INC,FNKO,E&Y,23338000,6.65,155197700
32528,2018,FUNKO INC,FNKO,E&Y,24960000,13.15,328224000
32529,2017,ALLENA PHARMACEUTICALS,ALNA,E&Y,20695000,10.06,208191700
32529,2018,ALLENA PHARMACEUTICALS,ALNA,E&Y,20809000,5.45,113409050
32530,2017,ALTAIR ENGINEERING INC,ALTR,E&Y,63233000,23.92,1512533360
32530,2018,ALTAIR ENGINEERING INC,ALTR,E&Y,70520000,27.58,1944941600
32541,2017,CARGURUS INC,CARG,E&Y,106111000,29.98,3181207780
32541,2018,CARGURUS INC,CARG,E&Y,110430000,33.73,3724803900
32545,2017,RISE EDN CYN LTD -ADS,REDU,E&Y,55000000,14.79,813450000
32545,2018,RISE EDN CYN LTD -ADS,REDU,E&Y,56890000,7.96,452844400
32546,2017,SEA LTD - ADR,SE,E&Y,334966000,13.33,4465096780
32546,2018,SEA LTD - ADR,SE,E&Y,342599000,11.32,3878220680
32547,2017,NEXA RESOURCES SA,NEXA,PwC,133320000,19.61,2614405200
32547,2018,NEXA RESOURCES SA,NEXA,PwC,133208000,11.9,1585175200
32557,2017,FORESCOUT TECH INC,FSCT,E&Y,38122000,31.89,1215710580
32557,2018,FORESCOUT TECH INC,FSCT,E&Y,43403000,25.99,1128043970
32571,2017,BANDWIDTH INC,BAND,E&Y,17639000,23.12,407813680
32571,2018,BANDWIDTH INC,BAND,E&Y,19423000,40.75,791487250
32574,2017,NATIONAL VISION HLDGS INC,EYE,Deloitte,74654000,40.61,3031698940
32574,2018,NATIONAL VISION HLDGS INC,EYE,Deloitte,78167000,28.17,2201964390
32580,2017,VICI PROPERTIES INC,VICI,Deloitte,300279000,20.5,6155719500
32580,2018,VICI PROPERTIES INC,VICI,Deloitte,404730000,18.78,7600829400
32600,2017,CBTX INC,CBTX,Grant Thornton,24833000,29.66,736546780
32600,2018,CBTX INC,CBTX,Grant Thornton,24907000,29.4,732265800
32607,2017,ARSANIS INC,ASNS,PwC,14294000,12.76,182391440
32607,2018,ARSANIS INC,ASNS,PwC,14572000,2.32,33807040
32610,2018,EVOQUA WATER TECH,AQUA,E&Y,113929000,17.78,2025657620
32615,2017,FOUR SEASONS EDN -ADR,FEDU,Deloitte,48053000,7.9,379618700
32615,2018,FOUR SEASONS EDN -ADR,FEDU,Deloitte,48132000,1.91,91932120
32625,2017,PPDAI GROUP INC -ADR,PPDF,PwC,300614000,7.11,2137365540
32625,2018,PPDAI GROUP INC -ADR,PPDF,PwC,297354000,3.6,1070474400
32638,2017,ACM RESEARCH INC,ACMR,BDO Seidman,15345000,5.25,80561250
32638,2018,ACM RESEARCH INC,ACMR,BDO Seidman,16009000,10.88,174177920
32639,2017,SOGOU INC,SOGO,PwC,386839000,11.57,4475727230
32639,2018,SOGOU INC,SOGO,PwC,391354000,5.25,2054608500
32640,2017,INFLARX NV,IFRX,KPMG,23812000,20.95,498861400
32640,2018,INFLARX NV,IFRX,KPMG,25964000,36.37,944310680
32641,2017,SAILPOINT TECHNO HLDG,SAIL,Grant Thornton,84948000,14.5,1231746000
32641,2018,SAILPOINT TECHNO HLDG,SAIL,Grant Thornton,87512000,23.49,2055656880
32654,2017,JIANPU TECH -ADR,JT,PwC,165717000,6.48,1073846160
32654,2018,JIANPU TECH -ADR,JT,PwC,166099000,4.17,692632830
32665,2017,MERIDIAN CORP,MRBK,KPMG,6392000,19.98,127712160
32665,2018,MERIDIAN CORP,MRBK,KPMG,6407000,17.17,110008190
32675,2017,SENDGRID INC,SEND,KPMG,42176000,23.97,1010958720
32677,2017,SPARK NETWORKS SE,LOV,KPMG,12933000,12.65,163602450
32677,2018,SPARK NETWORKS SE,LOV,KPMG,12990000,7.88,102361200
32688,2018,STITCH FIX INC,SFIX,Deloitte,98800000,28.66,2831608000
32715,2017,ARCTURUS THERAPEUTICS INC,ARCT,E&Y,10656000,7.95,84715200
32715,2018,ARCTURUS THERAPEUTICS INC,ARCT,E&Y,10719000,4.53,48557070
32741,2017,ICLICK INTRC ASIA -ADR,ICLK,PwC,47872000,9.05,433241600
32741,2018,ICLICK INTRC ASIA -ADR,ICLK,PwC,53246000,3.37,179439020
32748,2017,NEWMARK GROUP INC,NMRK,E&Y,154434000,15.9,2455500600
32748,2018,NEWMARK GROUP INC,NMRK,E&Y,178201000,8.02,1429172020
32749,2018,ENTERA BIO LTD,ENTX,PwC,11460000,3.05,34953000
32750,2017,LEXINFINTECH HLDG -ADR,LX,PwC,163859000,13.9,2277640100
32750,2018,LEXINFINTECH HLDG -ADR,LX,PwC,175619000,7.25,1273237750
32751,2018,INDSTRL LGST PRPT TRST,ILPT,E&Y,65075000,19.67,1280025250
32767,2018,AXA EQUITABLE HOLDINGS,EQH,PwC,528862000,16.63,8794975060
32771,2017,WILLSCOT CORP,WSC,E&Y,84645000,12.7,1074991500
32771,2018,WILLSCOT CORP,WSC,E&Y,108509000,9.42,1022154780
32775,2017,DENALI THERAPEUTCS INC,DNLI,E&Y,87480000,15.64,1368187200
32775,2018,DENALI THERAPEUTCS INC,DNLI,E&Y,94662000,20.66,1955716920
32792,2017,QUANTERIX CORP,QTRX,E&Y,21707000,21.47,466049290
32792,2018,QUANTERIX CORP,QTRX,E&Y,22369000,18.31,409576390
32804,2018,SELECT INTERIOR CONCEPTS INC,SIC,Grant Thornton,25683000,7.52,193136160
32809,2017,APOLLO MEDICAL HOLDING INC,AMEH,BDO Seidman,32305000,24,775320000
32809,2018,APOLLO MEDICAL HOLDING INC,AMEH,BDO Seidman,34578000,19.85,686373300
32843,2018,CORPORACION AMER ARPRT,CAAP,PwC,160022000,6.63,1060945860
32852,2018,AKUMIN INC,AKMNF,PwC,62371000,3.1515,196562206.5
32855,2018,AVAYA HLDGS CORP,AVYA,PwC,110013000,22.14,2435687820
32858,2017,ELOXX PHARMACEUTICALS INC,ELOX,E&Y,27528000,8,220224000
32858,2018,ELOXX PHARMACEUTICALS INC,ELOX,Deloitte,35860000,12.01,430678600
32871,2018,SAILFISH ROYALTY CORP,SROYF,KPMG,38374000,0.72,27629280
32879,2018,HUDSON LTD,HUD,E&Y,92386000,17.15,1584419900
32884,2018,PAGSEGURO DIGITAL LTD,PAGS,PwC,327285000,18.73,6130048050
32886,2018,GATES INDUSTRIAL CORP PLC,GTES,Deloitte,289848000,13.24,3837587520
32894,2018,SOLID BIOSCIENCES INC,SLDB,PwC,35432000,26.8,949577600
32899,2018,RESTORBIO INC,TORC,KPMG,28055000,8.62,241834100
32919,2018,EVOLUS INC,EOLS,E&Y,27275000,11.9,324572500
32930,2018,ADT INC,ADT,PwC,766881000,6.01,4608954810
32935,2018,CARDLYTICS INC,CDLX,Deloitte,22466000,10.83,243306780
32936,2018,HUAMI CORP -ADS,HMI,Deloitte,60420000,9.83,593928600
32938,2018,CACTUS INC,WHD,PwC,37654000,27.41,1032096140
32941,2018,BIOXCEL THERAPEUTICS,BTAI,BDO Seidman,15663000,3.86,60459180
32961,2018,EVOFEM BIOSCIENCES INC,EVFM,Deloitte,25867000,4.19,108382730
32980,2018,AMERICOLD REALTY TRUST,COLD,E&Y,148235000,25.54,3785921900
33037,2018,ZSCALER INC,ZS,PwC,119764000,35.31,4228866840
33056,2018,COLUMBIA FINANCIAL INC,CLBK,KPMG,111505000,15.29,1704911450
33066,2018,COLONY NORTHSTAR CR REAL EST,CLNC,E&Y,127810000,15.79,2018119900
33067,2018,FTS INTERNATIONAL INC,FTSI,Grant Thornton,109435000,7.11,778082850
33068,2018,PURPLE INNOVATION INC,PRPL,BDO Seidman,53802000,5.89,316893780
33114,2018,VAXART INC,VXRT,KPMG,7141000,1.88,13425080
33133,2018,ARCUS BIOSCIENCES INC,RCUS,E&Y,44538000,10.77,479674260
33152,2018,DROPBOX INC,DBX,E&Y,409600000,20.43,8368128000
33161,2018,SUNLANDS TECH GRP -ADS,STG,Deloitte,171624000,3.04,521736960
33175,2018,SPOTIFY TECHNOLOGY SA,SPOT,E&Y,180856000,113.5,20527156000
33185,2018,UNUM THERAPEUTICS INC,UMRX,PwC,30058000,4.4,132255200
33186,2018,BILIBILI INC -ADS,BILI,PwC,311688000,14.59,4547527920
33187,2018,ONESMRT IN ED GR -ADS,ONE,E&Y,162930000,8.32,1355577600
33232,2018,ZUORA INC,ZUO,KPMG,109694000,21.64,2373778160
33233,2018,RED VIOLET INC - SPN,RDVT,Grant Thornton,10267000,6.74,69199580
33240,2018,HOMOLOGY MEDICINES INC,FIXX,Deloitte,37359000,22.36,835347240
33242,2018,GREENTREE HPTY GP -ADS,GHG,E&Y,101552000,12.99,1319160480
33243,2018,WYNDHAM HOTELS & RESRTS,WH,Deloitte,98091000,45.37,4450388670
33254,2018,IQIYI INC -ADR,IQ,E&Y,725117000,14.87,10782489790
33274,2018,SURFACE ONCOLOGY INC,SURF,PwC,27773000,4.24,117757520
33275,2018,SMARTSHEET INC,SMAR,PwC,104971000,31.38,3293989980
33279,2018,INFRASTRUCTR & ENRGY ALT INC,IEA,Deloitte,22155000,8.19,181449450
33301,2018,DOCUSIGN INC,DOCU,PwC,169303000,49.45,8372033350
33316,2018,SPRT OF TXS BNCSR INC,STXB,BDO Seidman,12104000,22.78,275729120
33317,2018,UNTY BIOTCHNLGY INC,UBX,E&Y,42414000,16.26,689651640
33321,2018,PIVOTAL SOFTWARE INC,PVTL,PwC,265638000,18.49,4911646620
33326,2018,APERGY CORP,APY,PwC,77353000,27.08,2094719240
33420,2018,NLIGHT INC,LASR,KPMG,36705000,17.78,652614900
33421,2018,GOOSEHEAD INSURANCE,GSHD,Deloitte,13800000,26.29,362802000
33423,2018,CARBON BLACK INC,CBLK,PwC,69683000,13.42,935145860
33435,2018,INSPIRE MEDICAL SYSTEM,INSP,E&Y,23402000,42.25,988734500
33439,2018,PERSPECTA INC,PRSP,Deloitte,163099000,20.22,3297861780
33444,2018,EVELO BIOSCIENCES INC,EVLO,E&Y,31826000,13.01,414056260
33445,2018,SCHOLAR ROCK HOLDNG CRP,SRRK,E&Y,26218000,22.97,602227460
33446,2018,PLURALSIGHT INC,PS,PwC,65192000,23.55,1535271600
33447,2018,KINIKSA PHRMCETCLS LTD,KNSA,PwC,49490000,28.09,1390174100
33449,2018,USA COMPRESSION PRTNRS LP,USAC,Grant Thornton,96382000,12.98,1251038360
33466,2018,ITERUM THERAPEUTICS,ITRM,KPMG,14352000,5.01,71903520
33487,2018,HUYA INC -ADS,HUYA,PwC,203807000,15.48,3154932360
33499,2018,EXICURE INC,XCUR,KPMG,44358000,3.54,157027320
33500,2018,MAGENTA THRPUTCS INC,MGTA,KPMG,33305000,5.7,189838500
33528,2018,EURODRY LTD,EDRY,Deloitte,2280000,8.59,19585200
33531,2018,GREENSKY INC,GSKY,PwC,54505000,9.57,521612850
33533,2018,EVO PAYMENTS INC,EVOP,Deloitte,26025000,24.67,642036750
33542,2018,SPIRIT MTA REIT,SMTA,E&Y,43001000,7.13,306597130
33573,2018,NRC GROUP HOLDINGS CORP,NRCG,Grant Thornton,36903000,7.65,282307950
33588,2018,COVIA HOLDINGS CORP,CVIA,E&Y,131188000,3.42,448662960
33595,2018,MEIRAGTX HOLDINGS,MGTX,E&Y,27387000,9.64,264010680
33596,2018,CHARAH SOLUTIONS,CHRA,Deloitte,29083000,8.35,242843050
33597,2018,VERRICA PHARMACEUTICAL,VRCA,KPMG,25705000,8.15,209495750
33598,2018,US XPRESS ENTRPRS INC,USX,PwC,48346000,5.61,271221060
33600,2018,TRICIDA INC,TCDA,E&Y,42148000,23.58,993849840
33601,2018,TRANSLATE BIO INC,TBIO,PwC,45140000,7.5,338550000
33603,2018,DOMO INC,DOMO,E&Y,26699000,27,720873000
33610,2018,AVALARA INC,AVLR,Deloitte,66769000,31.15,2079854350
33614,2018,ELECTROCORE LLC,ECOR,KPMG,29450000,6.26,184357000
33621,2018,GS ACQUISITION HLDGS CORP,GSAH,PwC,86250000,9.8,845250000
33631,2018,KEZAR LIFE SCIENCES,KZR,KPMG,19114000,23.6,451090400
33635,2018,AUTOLUS THERAPEUTICS -ADR,AUTL,E&Y,40146000,30.67,1231277820
33637,2018,BRIGHTVIEW HOLDINGS,BV,Deloitte,104470000,16.05,1676743500
33638,2018,I3 VERTICALS INC,IIIV,BDO Seidman,9112000,22.98,209393760
33641,2018,EIDOS THERAPEUTICS INC,EIDX,E&Y,36761000,13.76,505831360
33643,2018,APTINYX INC,APTX,Deloitte,33341000,16.54,551460140
33647,2018,VEONEER INC,VNE,E&Y,87000000,23.57,2050590000
33652,2018,SKYLINE CHAMPION CORP,SKY,E&Y,56657000,19,1076483000
33657,2018,AVROBIO INC,AVRO,E&Y,23807000,16.65,396386550
33660,2018,XERIS PHARMATICALS INC,XERS,KPMG,20808000,17,353736000
33664,2018,NEON THERAPEUTICS INC,NTGN,PwC,28314000,5.03,142419420
33668,2018,BLOOM ENERGY CORP,BE,PwC,109421000,9.98,1092021580
33684,2018,ESSENTIAL PPT RLTY TST,EPRT,E&Y,43749000,13.84,605486160
33693,2018,REPAY HOLDINGS CORP,RPAY,Grant Thornton,32250000,9.9,319275000
33694,2018,EVERQUOTE INC,EVER,PwC,25225000,4.18,105440500
33696,2018,FORTY SEVEN INC,FTSV,E&Y,31079000,15.72,488561880
33697,2018,UXIN LTD -ADR,UXIN,PwC,293553000,4.86,1426667580
33698,2018,NEURONETICS INC,STIM,KPMG,17744000,19.35,343346400
33700,2017,AMERICAN MIDSTREAM PTNRS LP,AMID,PwC,52711000,13.35,703691850
33700,2018,AMERICAN MIDSTREAM PTNRS LP,AMID,PwC,54017000,3.03,163671510
33703,2018,TILRAY INC,TLRY,Deloitte,93171000,70.54,6572282340
33708,2018,RETAIL VALUE INC,RVI,PwC,18465000,25.59,472519350
33718,2018,BJS WHSL CLUB HLDGS INC,BJ,PwC,137317000,26.31,3612810270
33719,2018,REPLIMUNE GROUP INC,REPL,PwC,31657000,15.22,481819540
33720,2018,RUBIUS THERAPEUTICS INC,RUBY,PwC,79235000,16.08,1274098800
33721,2018,ALLAKOS INC,ALLK,E&Y,42117000,52.27,2201455590
33723,2018,CRINETICS PHARMCTCL INC,CRNX,BDO Seidman,24061000,29.99,721589390
33724,2018,CONSTELLATION PHARMCTCL,CNST,E&Y,25803000,4.01,103470030
33733,2018,LEGACY HOUSING CORP,LEGH,Grant Thornton,24000000,11.93,286320000
33743,2018,AQUESTIVE THERAPETC INC,AQST,KPMG,24957000,6.3,157229100
33749,2018,BIONANO GENOMICS INC,BNGO,Deloitte,10055000,5.24,52688200
33759,2018,TENABLE HOLDINGS INC,TENB,E&Y,93126000,22.19,2066465940
33766,2018,ARLO TECHNOLOGIES INC,ARLO,PwC,74247000,9.98,740985060
33767,2018,SONOS INC,SONO,PwC,100061000,16.04,1604978440
33780,2018,VACCINEX INC,VCNX,Deloitte,11476000,3.6448,41827724.8
33809,2018,CUSHMAN & WAKEFIELD,CWK,KPMG,216600000,14.47,3134202000
33810,2018,LIQUIDIA TECHNOLOGIES,LQDA,PwC,15519000,21.66,336141540
33816,2018,UROVANT SCIENCES LTD,UROV,E&Y,30323000,10.05,304746150
33824,2018,RA MEDICAL SYSTEMS INC,RMED,Deloitte,12689000,7.95,100877550
33850,2018,OPERA LTD -ADR,OPRA,KPMG,109331000,5.56,607880360
33852,2018,AURORA MOBILE -ADR,JG,E&Y,114822000,7.02,806050440
33859,2018,CANGO INC -ADR,CANG,E&Y,151405000,7.94,1202155700
33861,2018,PINDUODUO INC -ADR,PDD,E&Y,1113922000,22.44,24996409680
33911,2018,INTERNATIONAL MONEY EXPR INC,IMXI,BDO Seidman,36183000,11.96,432748680
33951,2018,FRONTDOOR INC,FTDR,Deloitte,84545000,26.61,2249742450
33955,2018,ELANCO ANIMAL HLTH INC,ELAN,E&Y,365644000,31.53,11528755320
33962,2018,MESA AIR GROUP,MESA,Deloitte,23903000,13.86,331295580
33979,2018,RIVIERA RESOURCES INC,RVRA,KPMG,69197000,15.8,1093312600
33996,2018,GORES HOLDINGS III INC,GRSH,KPMG,50000000,9.72,486000000
33999,2018,AMERANT BANCORP INC,AMTB,PwC,43183000,13.01,561810830
34010,2018,COMSTOCK RESOURCES INC,CRK,E&Y,105871000,4.53,479595630
34015,2018,PRINCIPIA BIOPHARMA,PRNB,E&Y,23865000,27.39,653662350
34016,2018,ENTASIS THRPTCS HLDNG,ETTX,KPMG,13125000,4.07,53418750
34029,2018,FARFETCH LTD,FTCH,PwC,299857000,17.71,5310467470
34034,2018,FALCON MINERALS CORP,FLMN,Deloitte,45855000,8.5,389767500
34039,2018,ARCO PLATFORM LTD,ARCE,E&Y,50261000,22.12,1111773320
34042,2018,BROOKFIELD PROPERTY REIT,BPR,Deloitte,109805000,16.1,1767860500
34048,2018,LIVENT CORP,LTHM,KPMG,146000000,13.8,2014800000
34051,2018,GARRETT MOTION INC,GTX,Deloitte,74020000,12.34,913406800
34053,2018,RESIDEO TECHNOLOGIES,REZI,Deloitte,122499000,20.55,2517354450
34054,2018,X FINANCIAL -ADR,XYF,Deloitte,151807000,4.27,648215890
34055,2018,KLX ENERGY SERVS HLDNG,KLXE,Deloitte,22600000,26.06,588956000
34065,2018,SUTRO BIOPHARMA INC,STRO,E&Y,22848000,9.02,206088960
34066,2018,111 INC -ADR,YI,Deloitte,81544000,6.14,500680160
34067,2018,NIO INC -ADR,NIO,PwC,1050799000,6.37,6693589630
34068,2018,VIOMI TECHNOLOGY -ADR,VIOT,PwC,69267000,7.8,540282600
34074,2018,QUTOUTIAO INC -ADR,QTT,PwC,247085000,6.35,1568989750
34076,2018,EVENTBRITE INC,EB,PwC,78358000,27.81,2179135980
34077,2018,ARVINAS INC,ARVN,Deloitte,31235000,12.85,401369750
34082,2018,GRITSTONE ONCOLOGY,GRTS,E&Y,28823000,15.45,445315350
34101,2018,UPWORK INC,UPWK,PwC,106454000,18.11,1927881940
34102,2018,GUARDANT HEALTH INC,GH,E&Y,85832000,37.59,3226424880
34118,2018,KODIAK SCIENCES INC,KOD,PwC,36830000,7.1,261493000
34135,2018,Y MABS THERAPEUTICS INC,YMAB,PwC,34194000,20.34,695505960
34140,2018,SVMK INC,SVMK,E&Y,125818000,12.27,1543786860
34160,2018,OSMOTICA PHARMACEUTIC,OSMT,BDO Seidman,52519000,7.75,407022250
34161,2018,ALLOGENE THERAPEUTICS,ALLO,E&Y,121483000,26.93,3271537190
34164,2018,EQUILLIUM INC,EQ,KPMG,17376000,8.16,141788160
34186,2018,COOTEK CAYMAN I -ADR,CTK,Deloitte,63609000,8.32,529226880
34193,2018,SI-BONE INC,SIBN,PwC,24451000,20.89,510781390
34194,2018,PHASEBIO PHARMACEUTIC,PHAS,KPMG,24498000,3.09,75698820
34212,2018,LAIX INC - ADR,LAIX,PwC,47952000,7.58,363476160
34236,2018,ANAPLAN INC,PLAN,KPMG,126246000,31.39,3962861940
34243,2018,ELASTIC NV,ESTC,PwC,73675000,85.55,6302896250
34266,2018,LOGICBIO THERAPEUTICS INC,LOGC,Deloitte,22188000,10.4,230755200
34270,2018,NIU TECHNOLOGIES -ADR,NIU,KPMG,74337000,7,520359000
34278,2018,STUDIO CTY INT HDGS LTD-ADR,MSC,E&Y,78582000,16.72,1313891040
34287,2018,GAMIDA CELL LTD,GMDA,E&Y,24931000,9.94,247814140
34296,2018,ROAN RESOURCES INC,ROAN,PwC,152540000,8.38,1278285200
34300,2018,VERRA MOBILITY CORP,VRRM,E&Y,156057000,9.76,1523116320
34309,2018,STONECO LTD,STNE,E&Y,277180000,18.44,5111199200
34327,2018,VAPOTHERM INC,VAPO,Grant Thornton,16783000,19.95,334820850
34328,2018,TUANCHE CO LTD -ADR,TC,PwC,72323000,6.75,488180250
34337,2018,EQUITRANS MID CORP,ETRN,E&Y,254271000,20.02,5090505420
34342,2018,AXONICS MODULATION TECH INC,AXNX,BDO Seidman,27807000,15.11,420163770
34361,2018,ORCHARD THRPUTCS PLC -ADR,ORTX,PwC,85866000,15.73,1350672180
34379,2018,CNFINANCE HLDGS LTD -ADR,CNF,KPMG,68582000,5.51,377886820
34396,2018,SIRIUS INTL INSURANCE LTD,SG,PwC,115151000,13.3,1531508300
34410,2018,MODERNA INC,MRNA,E&Y,328799000,15.27,5020760730
34411,2018,MOGU INC -ADR,MOGU,PwC,106981000,13.41,1434615210
34412,2018,US WELL SERVICES INC,USWS,KPMG,49255000,6.5,320157500
34413,2018,WEIDAI LTD -ADR,WEI,E&Y,70447000,9.26,652339220
34414,2018,ALTUS MIDSTREAM COMPANY,ALTM,E&Y,74929000,7.73,579201170
34415,2018,BAIN CAP SPECIALTY FIN INC,BCSF,PwC,51482000,16.77,863353140
34429,2018,SYNTHORX INC,THOR,E&Y,31395000,17.38,545645100
34496,2018,TENCENT MUSIC ENNT GRP -ADR,TME,PwC,1632993000,13.22,21588167460
34525,2018,360 FINANCE INC - ADR,QFIN,Deloitte,143826000,15.5066,2230252252
34528,2018,MILLENDO THERAPEUTICS INC,MLND,E&Y,13358000,7.95,106196100
60800,2016,SINCLAIR BROADCAST GP  -CL A,SBGI,PwC,90229000,33.35,3009137150
60800,2017,SINCLAIR BROADCAST GP  -CL A,SBGI,PwC,101742000,37.85,3850934700
60800,2018,SINCLAIR BROADCAST GP  -CL A,SBGI,PwC,94569000,26.34,2490947460
60900,2016,DISH NETWORK CORP,DISH,KPMG,465247000,57.93,26951758710
60900,2017,DISH NETWORK CORP,DISH,KPMG,466469000,47.75,22273894750
60900,2018,DISH NETWORK CORP,DISH,KPMG,467884000,24.97,11683063480
60902,2016,HAWAIIAN HOLDINGS INC,HA,E&Y,53435000,57,3045795000
60902,2017,HAWAIIAN HOLDINGS INC,HA,E&Y,51173000,39.85,2039244050
60902,2018,HAWAIIAN HOLDINGS INC,HA,E&Y,48540000,26.41,1281941400
60914,2016,LIFE STORAGE INC,LSI,E&Y,46455000,85.26,3960753300
60914,2017,LIFE STORAGE INC,LSI,E&Y,46552000,89.07,4146386640
60914,2018,LIFE STORAGE INC,LSI,E&Y,46617000,92.99,4334914830
60923,2016,DAVE & BUSTER'S ENTMT INC,PLAY,KPMG,42205000,54.46,2298484300
60923,2017,DAVE & BUSTER'S ENTMT INC,PLAY,KPMG,40102000,47,1884794000
60923,2018,DAVE & BUSTER'S ENTMT INC,PLAY,KPMG,37522000,51.45,1930506900
60931,2016,SYSTEMAX INC,SYX,E&Y,36924000,8.77,323823480
60931,2017,SYSTEMAX INC,SYX,E&Y,37094000,33.27,1234117380
60931,2018,SYSTEMAX INC,SYX,E&Y,37335000,23.89,891933150
60979,2016,WABTEC CORP,WAB,E&Y,95425000,83.02,7922183500
60979,2017,WABTEC CORP,WAB,E&Y,96034000,81.43,7820048620
60979,2018,WABTEC CORP,WAB,E&Y,96615000,70.25,6787203750
60990,2016,BNCCORP INC,BNCC,KPMG,3243000,26.05,84480150
60990,2017,BNCCORP INC,BNCC,KPMG,3263000,31,101153000
60990,2018,BNCCORP INC,BNCC,KPMG,3318000,20.5,68019000
61004,2016,ACACIA RESEARCH CORP,ACTG,Grant Thornton,50476000,6.5,328094000
61004,2017,ACACIA RESEARCH CORP,ACTG,Grant Thornton,50640000,4.05,205092000
61004,2018,ACACIA RESEARCH CORP,ACTG,Grant Thornton,49639000,2.98,147924220
61028,2018,WAYSIDE TECHNOLOGY GROUP INC,WSTG,BDO Seidman,4496000,10,44960000
61030,2016,DESWELL INDUSTRIES INC,DSWL,BDO Seidman,15885000,1.95,30975750
61030,2017,DESWELL INDUSTRIES INC,DSWL,BDO Seidman,15885000,3.12,49561200
61030,2018,DESWELL INDUSTRIES INC,DSWL,BDO Seidman,15885000,2.99,47496150
61034,2016,TEEKAY CORP,TK,KPMG,86150000,8.03,691784500
61034,2017,TEEKAY CORP,TK,KPMG,89127000,9.32,830663640
61034,2018,TEEKAY CORP,TK,KPMG,100435000,3.34,335452900
61067,2016,BANCOLOMBIA SA,CIB,Deloitte,113031000,36.68,4145977080
61067,2017,BANCOLOMBIA SA,CIB,Deloitte,113031000,39.66,4482809460
61067,2018,BANCOLOMBIA SA,CIB,PwC,113031000,38.1,4306481100
61077,2016,GSE SYSTEMS INC,GVP,BDO Seidman,18835000,3.5,65922500
61077,2017,GSE SYSTEMS INC,GVP,BDO Seidman,19425000,3.25,63131250
61077,2018,GSE SYSTEMS INC,GVP,BDO Seidman,19887000,2.1,41762700
61129,2016,REDWOOD TRUST INC,RWT,Grant Thornton,76835000,15.21,1168660350
61129,2017,REDWOOD TRUST INC,RWT,Grant Thornton,76600000,14.82,1135212000
61129,2018,REDWOOD TRUST INC,RWT,Grant Thornton,84884000,15.07,1279201880
61140,2016,WINDTREE THERAPEUTICS INC,WINT,E&Y,8724000,1.25,10905000
61140,2017,WINDTREE THERAPEUTICS INC,WINT,E&Y,3227000,4.2,13553400
61140,2018,WINDTREE THERAPEUTICS INC,WINT,E&Y,32133000,5,160665000
61153,2018,GRAFTECH INTERNATIONAL LTD,EAF,Deloitte,290538000,11.44,3323754720
61155,2016,ATLAS AIR WORLDWIDE HLDG INC,AAWW,PwC,25017000,52.15,1304636550
61155,2017,ATLAS AIR WORLDWIDE HLDG INC,AAWW,PwC,25292000,58.65,1483375800
61155,2018,ATLAS AIR WORLDWIDE HLDG INC,AAWW,PwC,25590000,42.19,1079642100
61163,2016,SUNSTONE HOTEL INVESTORS INC,SHO,E&Y,220073000,15.25,3356113250
61163,2017,SUNSTONE HOTEL INVESTORS INC,SHO,E&Y,225322000,16.53,3724572660
61163,2018,SUNSTONE HOTEL INVESTORS INC,SHO,E&Y,228246000,13.01,2969480460
61179,2016,KFORCE INC,KFRC,Deloitte,26799000,23.1,619056900
61179,2017,KFORCE INC,KFRC,Deloitte,26327000,25.25,664756750
61179,2018,KFORCE INC,KFRC,Deloitte,26034000,30.92,804971280
61181,2016,INTEGRA LIFESCIENCES HLDGS,IART,PwC,37360000,85.79,3205114400
61181,2017,INTEGRA LIFESCIENCES HLDGS,IART,PwC,78394000,47.86,3751936840
61181,2018,INTEGRA LIFESCIENCES HLDGS,IART,PwC,85163000,45.1,3840851300
61188,2016,HOSPITALITY PROPERTIES TRUST,HPT,E&Y,164268000,31.74,5213866320
61188,2017,HOSPITALITY PROPERTIES TRUST,HPT,E&Y,164349000,29.85,4905817650
61188,2018,HOSPITALITY PROPERTIES TRUST,HPT,E&Y,164442000,23.88,3926874960
61214,2016,ASML HOLDING NV,ASML,KPMG,429941000,112.2,48239380200
61214,2017,ASML HOLDING NV,ASML,KPMG,427394000,173.82,74289625080
61214,2018,ASML HOLDING NV,ASML,KPMG,421098000,155.62,65531270760
61285,2016,BALLANTYNE STRONG INC,BTN,BDO Seidman,14268000,8,114144000
61285,2017,BALLANTYNE STRONG INC,BTN,BDO Seidman,14422000,4.65,67062300
61285,2018,BALLANTYNE STRONG INC,BTN,BDO Seidman,14443000,1.15,16609450
61302,2016,ARCH CAPITAL GROUP LTD,ACGL,PwC,122788000,86.29,10595376520
61302,2017,ARCH CAPITAL GROUP LTD,ACGL,PwC,130978000,90.77,11888873060
61302,2018,ARCH CAPITAL GROUP LTD,ACGL,PwC,402455000,26.72,10753597600
61325,2016,MEDNAX INC,MD,PwC,93718000,66.66,6247241880
61325,2017,MEDNAX INC,MD,PwC,93721000,53.44,5008450240
61325,2018,MEDNAX INC,MD,PwC,87820000,33,2898060000
61338,2016,CENVEO INC,CVOVQ,BDO Seidman,8553000,6.99,59785470
61356,2016,NOVANTA INC,NOVT,PwC,34458000,21,723618000
61356,2017,NOVANTA INC,NOVT,PwC,34595000,50,1729750000
61356,2018,NOVANTA INC,NOVT,PwC,34886000,63,2197818000
61380,2016,ERIE INDEMNITY CO,ERIE,E&Y,52290000,112.45,5880010500
61380,2017,ERIE INDEMNITY CO,ERIE,E&Y,52290000,121.84,6371013600
61380,2018,ERIE INDEMNITY CO,ERIE,E&Y,52290000,133.31,6970779900
61388,2016,EVEREST RE GROUP LTD,RE,PwC,40899000,216.4,8850543600
61388,2017,EVEREST RE GROUP LTD,RE,PwC,40836000,221.26,9035373360
61388,2018,EVEREST RE GROUP LTD,RE,PwC,40651000,217.76,8852161760
61399,2016,MYRIAD GENETICS INC,MYGN,E&Y,69100000,30.6,2114460000
61399,2017,MYRIAD GENETICS INC,MYGN,E&Y,68400000,25.84,1767456000
61399,2018,MYRIAD GENETICS INC,MYGN,E&Y,70600000,37.37,2638322000
61406,2016,RENAISSANCERE HOLDINGS LTD,RNR,E&Y,41187000,136.22,5610493140
61406,2017,RENAISSANCERE HOLDINGS LTD,RNR,E&Y,40024000,125.59,5026614160
61406,2018,RENAISSANCERE HOLDINGS LTD,RNR,E&Y,42207000,133.7,5643075900
61408,2016,HANOVER INSURANCE GROUP INC,THG,PwC,42400000,91.01,3858824000
61408,2017,HANOVER INSURANCE GROUP INC,THG,PwC,42500000,108.08,4593400000
61408,2018,HANOVER INSURANCE GROUP INC,THG,PwC,42300000,116.77,4939371000
61409,2016,DIAMOND OFFSHRE DRILLING INC,DO,Deloitte,137170000,17.7,2427909000
61409,2017,DIAMOND OFFSHRE DRILLING INC,DO,Deloitte,137228000,18.59,2551068520
61409,2018,DIAMOND OFFSHRE DRILLING INC,DO,Deloitte,137438000,9.44,1297414720
61418,2017,RCI HOSPITALITY HLDGS INC,RICK,BDO Seidman,9719000,24.75,240545250
61418,2018,RCI HOSPITALITY HLDGS INC,RICK,BDO Seidman,9719000,29.61,287779590
61420,2016,POOL CORP,POOL,E&Y,41090000,104.34,4287330600
61420,2017,POOL CORP,POOL,E&Y,40212000,129.65,5213485800
61420,2018,POOL CORP,POOL,E&Y,39506000,148.65,5872566900
61439,2016,RADISYS CORP,RSYS,KPMG,38521000,4.43,170648030
61439,2017,RADISYS CORP,RSYS,KPMG,39280000,1.005,39476400
61440,2016,KONINKLIJKE KPN NV,KKPNY,E&Y,4270255000,2.968,12674116840
61440,2017,KONINKLIJKE KPN NV,KKPNY,E&Y,4202844000,3.492,14676331248
61440,2018,KONINKLIJKE KPN NV,KKPNY,E&Y,4202844000,2.927,12301724388
61452,2016,CREDICORP LTD,BAP,PwC,79467000,157.86,12544660620
61452,2017,CREDICORP LTD,BAP,PwC,79480000,207.43,16486536400
61452,2018,CREDICORP LTD,BAP,PwC,79499000,221.67,17622543330
61483,2016,DAVITA INC,DVA,KPMG,194554000,64.2,12490366800
61483,2017,DAVITA INC,DVA,KPMG,182462000,72.25,13182879500
61483,2018,DAVITA INC,DVA,KPMG,166387000,51.46,8562275020
61490,2016,OPKO HEALTH INC,OPK,E&Y,557989000,9.3,5189297700
61490,2017,OPKO HEALTH INC,OPK,E&Y,559474000,4.9,2741422600
61490,2018,OPKO HEALTH INC,OPK,E&Y,586332000,3.01,1764859320
61494,2016,HENRY SCHEIN INC,HSIC,BDO Seidman,79403000,151.71,12046229130
61494,2017,HENRY SCHEIN INC,HSIC,BDO Seidman,153690000,69.88,10739857200
61494,2018,HENRY SCHEIN INC,HSIC,BDO Seidman,151402000,78.52,11888085040
61519,2016,SCHWEITZER-MAUDUIT INTL INC,SWM,Deloitte,30544000,45.53,1390668320
61519,2017,SCHWEITZER-MAUDUIT INTL INC,SWM,Deloitte,30711000,45.36,1393050960
61519,2018,SCHWEITZER-MAUDUIT INTL INC,SWM,Deloitte,30771000,25.05,770813550
61536,2016,POINTER TELOCATION LTD,PNTR,E&Y,7874000,6.8,53543200
61536,2017,POINTER TELOCATION LTD,PNTR,E&Y,8059000,18.6,149897400
61536,2018,POINTER TELOCATION LTD,PNTR,E&Y,8134000,12.15,98828100
61562,2016,ADVANCED ENERGY INDS INC,AEIS,Grant Thornton,39712000,54.75,2174232000
61562,2017,ADVANCED ENERGY INDS INC,AEIS,Grant Thornton,39604000,67.48,2672477920
61562,2018,ADVANCED ENERGY INDS INC,AEIS,Grant Thornton,38164000,42.93,1638380520
61567,2016,LAUDER (ESTEE) COS INC -CL A,EL,KPMG,367760000,91.02,33473515200
61567,2017,LAUDER (ESTEE) COS INC -CL A,EL,KPMG,368104000,95.98,35330621920
61567,2018,LAUDER (ESTEE) COS INC -CL A,EL,KPMG,367146000,142.69,52388062740
61574,2016,WATERS CORP,WAT,PwC,80023000,134.39,10754290970
61574,2017,WATERS CORP,WAT,PwC,79337000,193.19,15327115030
61574,2018,WATERS CORP,WAT,PwC,73115000,188.65,13793144750
61576,2016,HEADWATERS INC,HW,BDO Seidman,74048000,16.92,1252892160
61581,2016,BOSTON BEER INC  -CL A,SAM,Deloitte,12368000,169.85,2100704800
61581,2017,BOSTON BEER INC  -CL A,SAM,Deloitte,11621000,191.1,2220773100
61581,2018,BOSTON BEER INC  -CL A,SAM,Deloitte,11499000,240.84,2769419160
61585,2016,FLUSHING FINANCIAL CORP,FFIC,BDO Seidman,28633000,29.39,841523870
61585,2017,FLUSHING FINANCIAL CORP,FFIC,BDO Seidman,28588000,27.5,786170000
61585,2018,FLUSHING FINANCIAL CORP,FFIC,BDO Seidman,27984000,21.53,602495520
61587,2018,INTEVAC INC,IVAC,KPMG,22700000,5.23,118721000
61591,2016,NETAPP INC,NTAP,Deloitte,269000000,39.85,10719650000
61591,2017,NETAPP INC,NTAP,Deloitte,263000000,66.58,17510540000
61591,2018,NETAPP INC,NTAP,Deloitte,240000000,72.85,17484000000
61600,2016,PAREXEL INTERNATIONAL CORP,PRXL,E&Y,52900000,62.88,3326352000
61600,2017,PAREXEL INTERNATIONAL CORP,PRXL,E&Y,51100000,86.91,4441101000
61616,2016,ENI SPA,E,E&Y,1800570000,32.24,58050376800
61616,2017,ENI SPA,E,E&Y,1800570000,33.19,59760918300
61616,2018,ENI SPA,E,E&Y,1800570000,31.5,56717955000
61646,2016,WESTELL TECH INC  -CL A,WSTL,Grant Thornton,61997000,0.7,43397900
61646,2017,WESTELL TECH INC  -CL A,WSTL,Grant Thornton,15630000,3.35,52360500
61655,2016,NOVAVAX INC,NVAX,E&Y,271246000,1.26,341769960
61655,2017,NOVAVAX INC,NVAX,E&Y,323229000,1.24,400803960
61655,2018,NOVAVAX INC,NVAX,E&Y,384451000,1.84,707389840
61662,2017,LEARNING TREE INTL INC,LTRE,BDO Seidman,13224000,3,39672000
61662,2018,LEARNING TREE INTL INC,LTRE,BDO Seidman,13224000,1.2,15868800
61676,2016,CITRIX SYSTEMS INC,CTXS,E&Y,156299000,89.31,13959063690
61676,2017,CITRIX SYSTEMS INC,CTXS,E&Y,143707000,88,12646216000
61676,2018,CITRIX SYSTEMS INC,CTXS,E&Y,131434000,102.46,13466727640
61685,2016,NUANCE COMMUNICATIONS INC,NUAN,BDO Seidman,287633000,14.5,4170678500
61685,2017,NUANCE COMMUNICATIONS INC,NUAN,BDO Seidman,290187000,15.72,4561739640
61685,2018,NUANCE COMMUNICATIONS INC,NUAN,BDO Seidman,287753000,17.32,4983881960
61693,2016,HEARTLAND FINANCIAL USA INC,HTLF,KPMG,26120000,48,1253760000
61693,2017,HEARTLAND FINANCIAL USA INC,HTLF,KPMG,29953000,53.65,1606978450
61693,2018,HEARTLAND FINANCIAL USA INC,HTLF,KPMG,34477000,43.95,1515264150
61709,2016,SMITH-MIDLAND CORP,SMID,BDO Seidman,4941000,5.35,26434350
61709,2017,SMITH-MIDLAND CORP,SMID,BDO Seidman,5048000,6.85,34578800
61709,2018,SMITH-MIDLAND CORP,SMID,BDO Seidman,5113000,7.48,38245240
61732,2016,MSC INDUSTRIAL DIRECT  -CL A,MSM,E&Y,56581000,73.04,4132676240
61732,2017,MSC INDUSTRIAL DIRECT  -CL A,MSM,E&Y,56392000,68.88,3884280960
61732,2018,MSC INDUSTRIAL DIRECT  -CL A,MSM,E&Y,55896000,85.48,4777990080
61735,2016,STAR GROUP LP,SGU,KPMG,55887000,9.65,539309550
61735,2017,STAR GROUP LP,SGU,KPMG,55887000,11.35,634317450
61735,2018,STAR GROUP LP,SGU,KPMG,53088000,9.77,518669760
61739,2016,HARTFORD FINANCIAL SERVICES,HIG,Deloitte,373949000,47.65,17818669850
61739,2017,HARTFORD FINANCIAL SERVICES,HIG,Deloitte,356835000,56.28,20082673800
61739,2018,HARTFORD FINANCIAL SERVICES,HIG,Deloitte,359151000,44.45,15964261950
61743,2016,KINGSWAY FINANCIAL SVCS INC,KFS,BDO Seidman,21458000,6.25,134112500
61743,2017,KINGSWAY FINANCIAL SVCS INC,KFS,BDO Seidman,21708000,5.05,109625400
61745,2016,IMPAX LABORATORIES INC,IPXL,KPMG,73705000,13.25,976591250
61745,2017,IMPAX LABORATORIES INC,IPXL,KPMG,73990000,16.65,1231933500
61759,2016,CORE LABORATORIES NV,CLB,KPMG,44151000,120.04,5299886040
61759,2017,CORE LABORATORIES NV,CLB,KPMG,44184000,109.55,4840357200
61759,2018,CORE LABORATORIES NV,CLB,KPMG,44317000,59.66,2643952220
61763,2016,ELIZABETH ARDEN INC,RDEN,PwC,29949000,13.76,412098240
61766,2016,ASTROTECH CORP,ASTC,BDO Seidman,20628000,1.69,34861320
61766,2017,ASTROTECH CORP,ASTC,BDO Seidman,20556000,0.91,18705960
61766,2018,ASTROTECH CORP,ASTC,BDO Seidman,4097000,3.1,12700700
61811,2016,SOUTHERN COPPER CORP,SCCO,Deloitte,773000000,31.94,24689620000
61811,2017,SOUTHERN COPPER CORP,SCCO,Deloitte,773000000,47.45,36678850000
61814,2016,BESI-BE SEMICONDUCTOR INDS,BESIY,Deloitte,37326000,33.372,1245643272
61814,2017,BESI-BE SEMICONDUCTOR INDS,BESIY,Deloitte,37276000,83.948,3129245648
61814,2018,BESI-BE SEMICONDUCTOR INDS,BESIY,E&Y,73570000,21.123,1554019110
61839,2016,AMERIGAS PARTNERS  -LP,APU,E&Y,92923000,45.66,4242864180
61839,2017,AMERIGAS PARTNERS  -LP,APU,E&Y,92959000,44.94,4177577460
61839,2018,AMERIGAS PARTNERS  -LP,APU,E&Y,92977000,39.51,3673521270
61870,2016,OPEN TEXT CORP,OTEX,KPMG,120771000,59.16,7144812360
61870,2017,OPEN TEXT CORP,OTEX,KPMG,262958000,31.54,8293695320
61870,2018,OPEN TEXT CORP,OTEX,KPMG,266961000,35.19,9394357590
61899,2016,IDERA PHARMACEUTICALS INC,IDRA,E&Y,149065000,1.5,223597500
61899,2017,IDERA PHARMACEUTICALS INC,IDRA,E&Y,195625000,2.11,412768750
61899,2018,IDERA PHARMACEUTICALS INC,IDRA,E&Y,27188000,2.77,75310760
61902,2016,NICE LTD,NICE,E&Y,59989000,68.76,4124843640
61902,2017,NICE LTD,NICE,E&Y,60926000,91.91,5599708660
62110,2016,APRICUS BIOSCIENCES INC,APRI,BDO Seidman,7733000,1.3,10052900
62110,2017,APRICUS BIOSCIENCES INC,APRI,BDO Seidman,15217000,1.84,27999280
62169,2016,LANDEC CORP,LNDC,E&Y,27499000,14,384986000
62169,2017,LANDEC CORP,LNDC,E&Y,27702000,14.1,390598200
62217,2016,LIGHTPATH TECHNOLOGIES INC,LPTH,BDO Seidman,15591000,1.74,27128340
62217,2017,LIGHTPATH TECHNOLOGIES INC,LPTH,BDO Seidman,24216000,2.7,65383200
62221,2016,COLUMBUS MCKINNON CORP,CMCO,E&Y,22566000,24.82,560088120
62221,2017,COLUMBUS MCKINNON CORP,CMCO,E&Y,23045000,35.84,825932800
62221,2018,COLUMBUS MCKINNON CORP,CMCO,E&Y,23391000,34.35,803480850
62263,2016,ALEXION PHARMACEUTICALS INC,ALXN,PwC,224000000,122.35,27406400000
62263,2017,ALEXION PHARMACEUTICALS INC,ALXN,PwC,222300000,119.59,26584857000
62263,2018,ALEXION PHARMACEUTICALS INC,ALXN,PwC,223500000,97.36,21759960000
62266,2016,CSG SYSTEMS INTL INC,CSGS,KPMG,32261000,48.4,1561432400
62266,2017,CSG SYSTEMS INTL INC,CSGS,KPMG,33516000,43.82,1468671120
62266,2018,CSG SYSTEMS INTL INC,CSGS,KPMG,33158000,31.77,1053429660
62290,2016,REVLON INC  -CL A,REV,KPMG,52931000,29.15,1542938650
62290,2017,REVLON INC  -CL A,REV,KPMG,53442000,21.8,1165035600
62290,2018,REVLON INC  -CL A,REV,KPMG,54023000,25.19,1360839370
62302,2016,SPAR GROUP INC,SGRP,BDO Seidman,20643000,1,20643000
62302,2017,SPAR GROUP INC,SGRP,BDO Seidman,20576000,1.23,25308480
62302,2018,SPAR GROUP INC,SGRP,BDO Seidman,20777000,0.536,11136472
62311,2016,NXT ENERGY SOLUTIONS INC,NSFDF,KPMG,53857000,1.11,59781270
62311,2017,NXT ENERGY SOLUTIONS INC,NSFDF,KPMG,58161000,0.881,51239841
62311,2018,NXT ENERGY SOLUTIONS INC,NSFDF,KPMG,68574000,0.252263,17298682.96
62337,2016,IAMGOLD CORP,IAG,KPMG,453800000,3.85,1747130000
62337,2017,IAMGOLD CORP,IAG,KPMG,465900000,5.83,2716197000
62337,2018,IAMGOLD CORP,IAG,KPMG,466800000,3.68,1717824000
62374,2016,IRON MOUNTAIN INC,IRM,Deloitte,263683000,32.48,8564423840
62374,2017,IRON MOUNTAIN INC,IRM,Deloitte,283110000,37.73,10681740300
62374,2018,IRON MOUNTAIN INC,IRM,Deloitte,286321000,32.41,9279663610
62378,2016,HUB GROUP INC  -CL A,HUBG,E&Y,33855000,43.75,1481156250
62378,2017,HUB GROUP INC  -CL A,HUBG,E&Y,34109000,47.9,1633821100
62378,2018,HUB GROUP INC  -CL A,HUBG,E&Y,34456000,37.07,1277283920
62391,2016,EARTHLINK HOLDINGS CORP,ELNK,E&Y,105503000,5.64,595036920
62396,2016,IDT CORP,IDT,Grant Thornton,23026000,15.26,351376760
62396,2017,IDT CORP,IDT,BDO Seidman,24838000,14.81,367850780
62396,2018,IDT CORP,IDT,BDO Seidman,24446000,5.25,128341500
62475,2016,ARBUTUS BIOPHARMA CORP,ABUS,KPMG,54841000,2.45,134360450
62475,2017,ARBUTUS BIOPHARMA CORP,ABUS,KPMG,55061000,5.05,278058050
62475,2018,ARBUTUS BIOPHARMA CORP,ABUS,KPMG,55519000,3.83,212637770
62494,2016,PRGX GLOBAL INC,PRGX,BDO Seidman,21846000,5.9,128891400
62494,2017,PRGX GLOBAL INC,PRGX,BDO Seidman,22419000,7.1,159174900
62494,2018,PRGX GLOBAL INC,PRGX,BDO Seidman,23186000,9.47,219571420
62498,2016,ELLOMAY CAPITAL LTD,ELLO,BDO Seidman,10677000,8.0908,86385471.6
62498,2017,ELLOMAY CAPITAL LTD,ELLO,KPMG,10676000,9,96084000
62498,2018,ELLOMAY CAPITAL LTD,ELLO,KPMG,10676000,7.82,83486320
62501,2016,SUBURBAN PROPANE PRTNRS  -LP,SPH,PwC,60789000,33.3,2024273700
62501,2017,SUBURBAN PROPANE PRTNRS  -LP,SPH,PwC,61105000,26.09,1594229450
62501,2018,SUBURBAN PROPANE PRTNRS  -LP,SPH,PwC,61405000,23.53,1444859650
62516,2016,CENTURY ALUMINUM CO,CENX,Deloitte,87251000,8.56,746868560
62516,2017,CENTURY ALUMINUM CO,CENX,Deloitte,87545000,19.64,1719383800
62516,2018,CENTURY ALUMINUM CO,CENX,Deloitte,88103000,7.31,644032930
62549,2016,KVH INDUSTRIES INC,KVHI,Grant Thornton,16762000,11.8,197791600
62549,2017,KVH INDUSTRIES INC,KVHI,Grant Thornton,17129000,10.35,177285150
62549,2018,KVH INDUSTRIES INC,KVHI,Grant Thornton,17744000,10.29,182585760
62553,2016,OPTICAL CABLE CORP,OCC,KPMG,7081000,2.8,19826800
62592,2016,PROTALIX BIOTHERAPEUTICS INC,PLX,PwC,124134000,0.445,55239630
62592,2017,PROTALIX BIOTHERAPEUTICS INC,PLX,PwC,143729000,0.6612,95033614.8
62592,2018,PROTALIX BIOTHERAPEUTICS INC,PLX,PwC,148382000,0.311,46146802
62634,2016,ALTABA INC,AABA,PwC,955308000,38.67,36941760360
62640,2016,LORAL SPACE & COMMUNICATIONS,LORL,Deloitte,30933000,41.05,1269799650
62640,2017,LORAL SPACE & COMMUNICATIONS,LORL,Deloitte,30933000,44.05,1362598650
62640,2018,LORAL SPACE & COMMUNICATIONS,LORL,Deloitte,30934000,37.25,1152291500
62654,2016,SANDY SPRING BANCORP INC,SASR,E&Y,23901000,39.99,955800990
62654,2017,SANDY SPRING BANCORP INC,SASR,E&Y,23996000,39.02,936323920
62654,2018,SANDY SPRING BANCORP INC,SASR,E&Y,35531000,31.34,1113541540
62655,2016,DEAN FOODS CO,DF,Deloitte,90587000,21.78,1972984860
62655,2017,DEAN FOODS CO,DF,Deloitte,91124000,11.56,1053393440
62655,2018,DEAN FOODS CO,DF,Deloitte,91439000,3.81,348382590
62686,2016,CARBO CERAMICS INC,CRR,E&Y,26881000,10.46,281175260
62686,2017,CARBO CERAMICS INC,CRR,E&Y,27134000,10.18,276224120
62686,2018,CARBO CERAMICS INC,CRR,E&Y,27711000,3.48,96434280
62689,2016,TRAVELERS COS INC,TRV,KPMG,279600000,122.42,34228632000
62689,2017,TRAVELERS COS INC,TRV,KPMG,271400000,135.64,36812696000
62689,2018,TRAVELERS COS INC,TRV,KPMG,263600000,119.75,31566100000
62723,2016,TUCOWS INC,TCX,KPMG,10462000,35.25,368785500
62723,2017,TUCOWS INC,TCX,KPMG,10584000,70.05,741409200
62723,2018,TUCOWS INC,TCX,KPMG,10628000,60.06,638317680
62732,2016,SYKES ENTERPRISES INC,SYKE,Deloitte,42533000,28.86,1227502380
62732,2017,SYKES ENTERPRISES INC,SYKE,Deloitte,42782000,31.45,1345493900
62732,2018,SYKES ENTERPRISES INC,SYKE,Deloitte,42652000,24.73,1054783960
62745,2016,JAKKS PACIFIC INC,JAKK,BDO Seidman,16264000,5.15,83759600
62745,2017,JAKKS PACIFIC INC,JAKK,BDO Seidman,23845000,2.35,56035750
62745,2018,JAKKS PACIFIC INC,JAKK,BDO Seidman,26057000,1.47,38303790
62823,2016,FTI CONSULTING INC,FCN,KPMG,42037000,45.08,1895027960
62823,2017,FTI CONSULTING INC,FCN,KPMG,37729000,42.96,1620837840
62823,2018,FTI CONSULTING INC,FCN,KPMG,38147000,66.64,2542116080
62844,2016,GUANGSHEN RAILWAY CO LTD,GSH,PwC,141671000,30.31,4294048010
62844,2017,GUANGSHEN RAILWAY CO LTD,GSH,PwC,141671000,33.4,4731811400
62844,2018,GUANGSHEN RAILWAY CO LTD,GSH,PwC,141671000,18.682,2646697622
62897,2016,TUPPERWARE BRANDS CORP,TUP,PwC,50638000,52.62,2664571560
62897,2017,TUPPERWARE BRANDS CORP,TUP,PwC,51058000,62.7,3201336600
62897,2018,TUPPERWARE BRANDS CORP,TUP,PwC,48667000,31.57,1536417190
62921,2016,NEUROCRINE BIOSCIENCES INC,NBIX,E&Y,86883000,38.7,3362372100
62921,2017,NEUROCRINE BIOSCIENCES INC,NBIX,E&Y,88794000,77.59,6889526460
62921,2018,NEUROCRINE BIOSCIENCES INC,NBIX,E&Y,90797000,71.41,6483813770
62956,2016,BOS BETTER ONLINE SOLUTIONS,BOSC,E&Y,2935000,2.12,6222200
62956,2017,BOS BETTER ONLINE SOLUTIONS,BOSC,Grant Thornton,3357000,2.1899,7351494.3
62956,2018,BOS BETTER ONLINE SOLUTIONS,BOSC,Grant Thornton,3554000,2.17,7712180
62965,2016,SS&C TECHNOLOGIES HLDGS INC,SSNC,PwC,203043000,28.6,5807029800
62965,2017,SS&C TECHNOLOGIES HLDGS INC,SSNC,PwC,206536000,40.48,8360577280
62965,2018,SS&C TECHNOLOGIES HLDGS INC,SSNC,PwC,250800000,45.11,11313588000
62979,2016,SOUTHSIDE BANCSHARES INC,SBSI,E&Y,28543000,37.67,1075214810
62979,2017,SOUTHSIDE BANCSHARES INC,SBSI,E&Y,35000000,33.68,1178800000
62979,2018,SOUTHSIDE BANCSHARES INC,SBSI,E&Y,33725000,31.75,1070768750
63000,2016,RUSH ENTERPRISES INC,RUSHA,E&Y,39253000,31.9,1252170700
63000,2017,RUSH ENTERPRISES INC,RUSHA,E&Y,39814000,50.81,2022949340
63000,2018,RUSH ENTERPRISES INC,RUSHA,E&Y,37000000,34.48,1275760000
63005,2016,AVADEL PHARMACEUTICALS -ADR,AVDL,Deloitte,41371000,10.39,429844690
63005,2017,AVADEL PHARMACEUTICALS -ADR,AVDL,Deloitte,39346000,8.2,322637200
63005,2018,AVADEL PHARMACEUTICALS -ADR,AVDL,Deloitte,37313000,2.58,96267540
63030,2018,CASI PHARMACEUTICALS INC,CASI,KPMG,95287000,4.02,383053740
63080,2016,ANSYS INC,ANSS,Deloitte,85688000,92.49,7925283120
63080,2017,ANSYS INC,ANSS,Deloitte,84192000,147.59,12425897280
63080,2018,ANSYS INC,ANSS,Deloitte,83634000,142.94,11954643960
63083,2016,ENDOLOGIX INC,ELGX,KPMG,82774000,5.72,473467280
63083,2017,ENDOLOGIX INC,ELGX,KPMG,83644000,5.35,447495400
63083,2018,ENDOLOGIX INC,ELGX,KPMG,103454000,0.716,74073064
63120,2016,AXA SA,AXAHY,PwC,2419236000,25.298,61201832328
63120,2017,AXA SA,AXAHY,PwC,2383427000,29.702,70792548754
63120,2018,AXA SA,AXAHY,PwC,2383304000,21.557,51376884328
63123,2016,GENESEE & WYOMING INC  -CL A,GWR,PwC,62121000,69.41,4311818610
63123,2017,GENESEE & WYOMING INC  -CL A,GWR,PwC,62647000,78.73,4932198310
63123,2018,GENESEE & WYOMING INC  -CL A,GWR,PwC,56866000,74.02,4209221320
63139,2016,TURQUOISE HILL RESOURCES LTD,TRQ,PwC,2012314000,3.23,6499774220
63139,2017,TURQUOISE HILL RESOURCES LTD,TRQ,PwC,2012314000,3.43,6902237020
63139,2018,TURQUOISE HILL RESOURCES LTD,TRQ,PwC,2012314000,1.65,3320318100
63169,2016,DASSAULT SYSTEMS SA,DASTY,PwC,253627000,76.354,19365435958
63169,2017,DASSAULT SYSTEMS SA,DASTY,PwC,256028000,106.379,27236002612
63169,2018,DASSAULT SYSTEMS SA,DASTY,PwC,258609000,118.544,30656545296
63172,2016,FACTSET RESEARCH SYSTEMS INC,FDS,E&Y,40038000,178.03,7127965140
63172,2017,FACTSET RESEARCH SYSTEMS INC,FDS,E&Y,39023000,157.18,6133635140
63172,2018,FACTSET RESEARCH SYSTEMS INC,FDS,E&Y,38193000,229.39,8761092270
63178,2016,PROVIDENT FINANCIAL HOLDINGS,PROV,Deloitte,7975000,18.3,145942500
63178,2017,PROVIDENT FINANCIAL HOLDINGS,PROV,Deloitte,7714000,19.25,148494500
63178,2018,PROVIDENT FINANCIAL HOLDINGS,PROV,Deloitte,7421000,19.08,141592680
63185,2016,CHECK POINT SOFTWARE TECHN,CHKP,E&Y,165975000,84.46,14018248500
63185,2017,CHECK POINT SOFTWARE TECHN,CHKP,E&Y,159035000,103.62,16479206700
63185,2018,CHECK POINT SOFTWARE TECHN,CHKP,E&Y,155381000,102.65,15949859650
63186,2016,QIAGEN NV,QGEN,KPMG,234560000,28.02,6572371200
63186,2017,QIAGEN NV,QGEN,KPMG,226557000,30.93,7007408010
63186,2018,QIAGEN NV,QGEN,KPMG,225509000,34.45,7768785050
63220,2016,ELBIT VISION SYSTEMS LTD,EVSNF,Deloitte,93478000,0.29,27108620
63232,2016,OCEANFIRST FINANCIAL CORP,OCFC,KPMG,32137000,30.03,965074110
63232,2017,OCEANFIRST FINANCIAL CORP,OCFC,KPMG,32597000,26.25,855671250
63232,2018,OCEANFIRST FINANCIAL CORP,OCFC,KPMG,47951000,22.51,1079377010
63268,2017,CADUS CORPORATION,KDUS,Grant Thornton,26288000,1.45,38117600
63288,2016,FBL FINANCIAL GROUP INC-CL A,FFG,E&Y,24894000,78.15,1945466100
63288,2017,FBL FINANCIAL GROUP INC-CL A,FFG,E&Y,24930000,69.65,1736374500
63288,2018,FBL FINANCIAL GROUP INC-CL A,FFG,E&Y,24719000,65.65,1622802350
63290,2016,PEGASYSTEMS INC,PEGA,Deloitte,76591000,36,2757276000
63290,2017,PEGASYSTEMS INC,PEGA,Deloitte,78081000,47.15,3681519150
63290,2018,PEGASYSTEMS INC,PEGA,Deloitte,78526000,47.83,3755898580
63338,2016,STRATEGIC EDUCATION INC,STRA,PwC,11093000,80.63,894428590
63338,2017,STRATEGIC EDUCATION INC,STRA,PwC,11167000,89.58,1000339860
63338,2018,STRATEGIC EDUCATION INC,STRA,PwC,21743000,113.42,2466091060
63405,2016,GERON CORP,GERN,E&Y,159159000,2.07,329459130
63405,2017,GERON CORP,GERN,E&Y,159877000,1.8,287778600
63405,2018,GERON CORP,GERN,E&Y,186393000,1,186393000
63417,2016,TTEC HOLDINGS INC,TTEC,PwC,46114000,30.5,1406477000
63417,2017,TTEC HOLDINGS INC,TTEC,PwC,45862000,40.25,1845945500
63417,2018,TTEC HOLDINGS INC,TTEC,PwC,46195000,28.57,1319791150
63422,2016,LAMAR ADVERTISING CO  -CL A,LAMR,KPMG,97433000,67.24,6551394920
63422,2017,LAMAR ADVERTISING CO  -CL A,LAMR,KPMG,98258000,74.24,7294673920
63422,2018,LAMAR ADVERTISING CO  -CL A,LAMR,KPMG,99583000,69.18,6889151940
63447,2016,GUESS INC,GES,E&Y,84069000,12.77,1073561130
63447,2017,GUESS INC,GES,E&Y,81371000,18.37,1494785270
63447,2018,GUESS INC,GES,E&Y,81380000,19.51,1587723800
63456,2016,CARRIAGE SERVICES INC,CSV,Grant Thornton,16642000,28.64,476626880
63456,2017,CARRIAGE SERVICES INC,CSV,Grant Thornton,16099000,25.71,413905290
63456,2018,CARRIAGE SERVICES INC,CSV,Grant Thornton,18078000,15.5,280209000
63477,2016,BAE SYSTEMS PLC,BAESY,KPMG,793888000,29.236,23210109568
63477,2017,BAE SYSTEMS PLC,BAESY,KPMG,796442000,31.005,24693684210
63477,2018,BAE SYSTEMS PLC,BAESY,Deloitte,798837000,23.393,18687193941
63490,2016,BIOSCRIP INC,BIOS.1,KPMG,117683000,1.04,122390320
63490,2017,BIOSCRIP INC,BIOS.1,KPMG,127629000,2.91,371400390
63490,2018,BIOSCRIP INC,BIOS.1,KPMG,128078000,3.57,457238460
63495,2016,WILLBROS GROUP INC,WGRP,PwC,62655000,3.24,203002200
63495,2017,WILLBROS GROUP INC,WGRP,PwC,63237000,1.42,89796540
63501,2016,E TRADE FINANCIAL CORP,ETFC,Deloitte,273963000,34.65,9492817950
63501,2017,E TRADE FINANCIAL CORP,ETFC,Deloitte,266828000,49.57,13226663960
63501,2018,E TRADE FINANCIAL CORP,ETFC,Deloitte,246495000,43.88,10816200600
63520,2016,TRANSACT TECHNOLOGIES INC,TACT,PwC,7333000,6.6,48397800
63520,2017,TRANSACT TECHNOLOGIES INC,TACT,PwC,7478000,13.25,99083500
63520,2018,TRANSACT TECHNOLOGIES INC,TACT,PwC,7418000,8.98,66613640
63527,2016,STERICYCLE INC,SRCL,E&Y,85153000,77.04,6560187120
63527,2017,STERICYCLE INC,SRCL,E&Y,85500000,67.99,5813145000
63527,2018,STERICYCLE INC,SRCL,E&Y,90700000,36.69,3327783000
63538,2016,SUN BANCORP INC/NJ,SNBC,Deloitte,18923000,26,491998000
63541,2016,MMA CAPITAL HOLDINGS,MMAC,KPMG,5926000,19,112594000
63541,2017,MMA CAPITAL HOLDINGS,MMAC,KPMG,5526000,24.3,134281800
63541,2018,MMA CAPITAL HOLDINGS,MMAC,KPMG,5777000,25.2,145580400
63546,2016,SWISS RE LTD,SSREY,PwC,1303915000,23.737,30951030355
63546,2017,SWISS RE LTD,SSREY,PwC,1258343000,23.409,29456551287
63546,2018,SWISS RE LTD,SSREY,PwC,1200177000,22.855,27430045335
63562,2016,AETERNA ZENTARIS INC,AEZS,PwC,12918000,3.6,46504800
63562,2017,AETERNA ZENTARIS INC,AEZS,PwC,16441000,2.36,38800760
63562,2018,AETERNA ZENTARIS INC,AEZS,PwC,16441000,2.94,48336540
63590,2016,BANK OF IRELAND GROUP PLC,BKRIY,PwC,645756000,12.393,8002854108
63590,2017,BANK OF IRELAND GROUP PLC,BKRIY,PwC,1074619000,14.552,15637855688
63590,2018,BANK OF IRELAND GROUP PLC,BKRIY,KPMG,1075516000,5.556,5975566896
63593,2016,QEP CO INC,QEPC,Grant Thornton,3189000,21,66969000
63593,2017,QEP CO INC,QEPC,Grant Thornton,3183000,29.1,92625300
63596,2016,WILLIS LEASE FINANCE CORP,WLFC,KPMG,6402000,25.58,163763160
63596,2017,WILLIS LEASE FINANCE CORP,WLFC,KPMG,6419000,24.97,160282430
63596,2018,WILLIS LEASE FINANCE CORP,WLFC,KPMG,6176000,34.6,213689600
63605,2016,CALPINE CORP,8356B,PwC,359062000,11.43,4104078660
63605,2017,CALPINE CORP,8356B,PwC,360516000,15.13,5454607080
63605,2018,CALPINE CORP,8356B,PwC,105200000,15.25,1604300000
63639,2016,OCWEN FINANCIAL CORP,OCN,Deloitte,123988000,5.39,668295320
63639,2017,OCWEN FINANCIAL CORP,OCN,Deloitte,131484000,3.13,411544920
63639,2018,OCWEN FINANCIAL CORP,OCN,Deloitte,133912000,1.34,179442080
63643,2016,ABERCROMBIE & FITCH  -CL A,ANF,PwC,67758000,11.61,786670380
63643,2017,ABERCROMBIE & FITCH  -CL A,ANF,PwC,68195000,20.71,1412318450
63643,2018,ABERCROMBIE & FITCH  -CL A,ANF,PwC,66227000,21.67,1435139090
63645,2016,ENDO INTERNATIONAL PLC,ENDP,PwC,222954000,16.47,3672052380
63645,2017,ENDO INTERNATIONAL PLC,ENDP,PwC,223332000,7.75,1730823000
63645,2018,ENDO INTERNATIONAL PLC,ENDP,PwC,224383000,7.3,1637995900
63650,2016,SPECTRUM PHARMACEUTICALS INC,SPPI,Deloitte,80467000,4.43,356468810
63650,2017,SPECTRUM PHARMACEUTICALS INC,SPPI,Deloitte,100743000,18.95,1909079850
63650,2018,SPECTRUM PHARMACEUTICALS INC,SPPI,Deloitte,110525000,8.75,967093750
63667,2016,EDGEWATER TECHNOLOGY INC,EDGW,BDO Seidman,12878000,7.5,96585000
63667,2017,EDGEWATER TECHNOLOGY INC,EDGW,BDO Seidman,14046000,6.24,87647040
63700,2016,ANTARES PHARMA INC,ATRS,KPMG,155168000,2.33,361541440
63700,2017,ANTARES PHARMA INC,ATRS,KPMG,156675000,1.99,311783250
63700,2018,ANTARES PHARMA INC,ATRS,KPMG,159721000,2.72,434441120
63708,2016,DOVER MOTORSPORTS INC,DVD,KPMG,36786000,2.3,84607800
63708,2017,DOVER MOTORSPORTS INC,DVD,KPMG,36760000,1.95,71682000
63708,2018,DOVER MOTORSPORTS INC,DVD,KPMG,36555000,1.88,68723400
63724,2016,NAVIGANT CONSULTING INC,NCI,KPMG,46986000,26.18,1230093480
63724,2017,NAVIGANT CONSULTING INC,NCI,KPMG,45386000,19.41,880942260
63724,2018,NAVIGANT CONSULTING INC,NCI,KPMG,41273000,24.05,992615650
63739,2016,BJ'S RESTAURANTS INC,BJRI,E&Y,22332000,39.3,877647600
63739,2017,BJ'S RESTAURANTS INC,BJRI,E&Y,20485000,36.4,745654000
63739,2018,BJ'S RESTAURANTS INC,BJRI,E&Y,21058000,50.57,1064903060
63759,2016,SCOR SE,SCRYY,E&Y,1853313000,3.463,6418022919
63759,2017,SCOR SE,SCRYY,E&Y,1876341000,4.028,7557901548
63759,2018,SCOR SE,SCRYY,E&Y,1839485000,4.504,8285040440
63763,2016,HIBBETT SPORTS INC,HIBB,KPMG,21672000,33,715176000
63763,2017,HIBBETT SPORTS INC,HIBB,KPMG,18953000,22.6,428337800
63763,2018,HIBBETT SPORTS INC,HIBB,KPMG,18297000,16.34,298972980
63781,2016,WINTRUST FINANCIAL CORP,WTFC,E&Y,51881000,72.57,3765004170
63781,2017,WINTRUST FINANCIAL CORP,WTFC,E&Y,55965000,82.37,4609837050
63781,2018,WINTRUST FINANCIAL CORP,WTFC,E&Y,56408000,66.49,3750567920
63789,2016,ARQULE INC,ARQL,PwC,71146000,1.26,89643960
63789,2017,ARQULE INC,ARQL,PwC,87110000,1.65,143731500
63789,2018,ARQULE INC,ARQL,PwC,109004000,2.77,301941080
63790,2016,MAST THERAPEUTICS,MSTX,PwC,254747000,0.0868,22112039.6
63847,2016,PENSKE AUTOMOTIVE GROUP INC,PAG,Deloitte,85214000,51.84,4417493760
63847,2017,PENSKE AUTOMOTIVE GROUP INC,PAG,Deloitte,85788000,47.85,4104955800
63847,2018,PENSKE AUTOMOTIVE GROUP INC,PAG,Deloitte,84547000,40.32,3408935040
63863,2016,USANA HEALTH SCIENCES INC,USNA,KPMG,24485000,61.2,1498482000
63863,2017,USANA HEALTH SCIENCES INC,USNA,KPMG,24024000,74.05,1778977200
63863,2018,USANA HEALTH SCIENCES INC,USNA,KPMG,23567000,117.73,2774542910
63874,2016,STAGE STORES INC,SSI,Deloitte,27165000,2.8,76062000
63874,2017,STAGE STORES INC,SSI,Deloitte,27631000,1.67,46143770
63874,2018,STAGE STORES INC,SSI,Deloitte,28294000,0.95,26879300
63876,2016,TRIUMPH GROUP INC,TGI,E&Y,49573000,25.75,1276504750
63876,2017,TRIUMPH GROUP INC,TGI,E&Y,49670000,25.2,1251684000
63876,2018,TRIUMPH GROUP INC,TGI,E&Y,49887000,19.06,950846220
63892,2016,NATIONAL OILWELL VARCO INC,NOV,E&Y,378637000,37.44,14176169280
63892,2017,NATIONAL OILWELL VARCO INC,NOV,E&Y,380105000,36.02,13691382100
63892,2018,NATIONAL OILWELL VARCO INC,NOV,E&Y,383427000,25.7,9854073900
63904,2016,CIA BRASILEIRA DE DISTRIB,CBD,Deloitte,166163000,16.55,2749997650
63904,2017,CIA BRASILEIRA DE DISTRIB,CBD,E&Y,166666000,23.57,3928317620
63904,2018,CIA BRASILEIRA DE DISTRIB,CBD,E&Y,166932000,20.77,3467177640
63927,2016,UNITED NATURAL FOODS INC,UNFI,KPMG,50383000,49.98,2518142340
63927,2017,UNITED NATURAL FOODS INC,UNFI,KPMG,50622000,38.53,1950465660
63927,2018,UNITED NATURAL FOODS INC,UNFI,KPMG,50411000,32.2,1623234200
63930,2016,FAMOUS DAVES OF AMERICA INC,DAVE,Grant Thornton,6958000,4.95,34442100
63930,2017,FAMOUS DAVES OF AMERICA INC,DAVE,Grant Thornton,7376000,6.55,48312800
63930,2018,FAMOUS DAVES OF AMERICA INC,DAVE,Grant Thornton,9085000,4.59,41700150
63938,2016,SEACHANGE INTERNATIONAL INC,SEAC,Grant Thornton,35299000,2.42,85423580
63938,2017,SEACHANGE INTERNATIONAL INC,SEAC,Grant Thornton,35594000,3.33,118528020
63938,2018,SEACHANGE INTERNATIONAL INC,SEAC,Grant Thornton,35906000,1.59,57090540
63952,2016,HC2 HOLDINGS INC,HCHC,BDO Seidman,41811000,5.93,247939230
63952,2017,HC2 HOLDINGS INC,HCHC,BDO Seidman,44191000,5.95,262936450
63952,2018,HC2 HOLDINGS INC,HCHC,BDO Seidman,44908000,2.64,118557120
63986,2016,EPLUS INC,PLUS,Deloitte,7081000,135.05,956289050
63986,2017,EPLUS INC,PLUS,Deloitte,13761000,77.7,1069229700
63986,2018,EPLUS INC,PLUS,Deloitte,13611000,88.54,1205117940
63987,2017,VEON LTD,VEON,PwC,1749127000,3.84,6716647680
63987,2018,VEON LTD,VEON,PwC,1749127000,2.34,4092957180
64028,2016,NU SKIN ENTERPRISES  -CL A,NUS,PwC,52600000,47.78,2513228000
64028,2017,NU SKIN ENTERPRISES  -CL A,NUS,PwC,52700000,68.23,3595721000
64028,2018,NU SKIN ENTERPRISES  -CL A,NUS,PwC,55400000,61.33,3397682000
64030,2016,STEEL DYNAMICS INC,STLD,Deloitte,243785000,35.58,8673870300
64030,2017,STEEL DYNAMICS INC,STLD,E&Y,237397000,43.13,10238932610
64030,2018,STEEL DYNAMICS INC,STLD,E&Y,225272000,30.04,6767170880
64036,2017,TOP IMAGE SYSTEMS LTD,TISA,E&Y,18167000,1.14,20710380
64055,2016,WEST CORP,WSTC,Deloitte,83265000,24.76,2061641400
64061,2016,FORRESTER RESEARCH INC,FORR,PwC,18361000,42.95,788604950
64061,2017,FORRESTER RESEARCH INC,FORR,PwC,18041000,44.2,797412200
64061,2018,FORRESTER RESEARCH INC,FORR,PwC,18320000,44.7,818904000
64063,2016,GENESIS ENERGY  -LP,GEL,Deloitte,117979000,36.02,4249603580
64063,2017,GENESIS ENERGY  -LP,GEL,E&Y,122579000,22.35,2739640650
64063,2018,GENESIS ENERGY  -LP,GEL,E&Y,122579000,18.47,2264034130
64088,2016,VIASAT INC,VSAT,PwC,57601000,63.82,3676095820
64088,2017,VIASAT INC,VSAT,PwC,58905000,65.72,3871236600
64088,2018,VIASAT INC,VSAT,PwC,60550000,77.5,4692625000
64121,2016,HIGHWAY HOLDINGS LTD,HIHO,Deloitte,3797000,3.9,14808300
64121,2017,HIGHWAY HOLDINGS LTD,HIHO,Deloitte,3797000,4.9001,18605679.7
64121,2018,HIGHWAY HOLDINGS LTD,HIHO,Deloitte,3797000,3.32,12606040
64135,2016,DELTIC TIMBER CORP,DEL,KPMG,12188000,77.07,939329160
64166,2016,QUEST DIAGNOSTICS INC,DGX,PwC,137000000,91.9,12590300000
64166,2017,QUEST DIAGNOSTICS INC,DGX,PwC,135000000,98.49,13296150000
64166,2018,QUEST DIAGNOSTICS INC,DGX,PwC,135000000,83.27,11241450000
64175,2016,LITHIA MOTORS INC  -CL A,LAD,KPMG,25144000,96.83,2434693520
64175,2017,LITHIA MOTORS INC  -CL A,LAD,KPMG,24968000,113.59,2836115120
64175,2018,LITHIA MOTORS INC  -CL A,LAD,KPMG,23000000,76.33,1755590000
64254,2016,HELIOS TECHNOLOGIES INC,HLIO,Grant Thornton,26936000,39.97,1076631920
64254,2017,HELIOS TECHNOLOGIES INC,HLIO,Grant Thornton,27077000,64.69,1751611130
64254,2018,HELIOS TECHNOLOGIES INC,HLIO,Grant Thornton,31965000,33.19,1060918350
64278,2016,ELTEK LTD,ELTK,E&Y,10143000,0.79,8012970
64278,2017,ELTEK LTD,ELTK,E&Y,2029000,4.08,8278320
64278,2018,ELTEK LTD,ELTK,E&Y,2029000,2.1199,4301277.1
64302,2016,INSPERITY INC,NSP,E&Y,21025000,70.95,1491723750
64302,2017,INSPERITY INC,NSP,E&Y,41480000,57.35,2378878000
64302,2018,INSPERITY INC,NSP,E&Y,40934000,93.36,3821598240
64306,2016,KILROY REALTY CORP,KRC,Deloitte,93219000,73.22,6825495180
64306,2017,KILROY REALTY CORP,KRC,Deloitte,98620000,74.65,7361983000
64306,2018,KILROY REALTY CORP,KRC,Deloitte,100747000,62.88,6334971360
64327,2016,CERUS CORP,CERS,E&Y,103475000,4.35,450116250
64327,2017,CERUS CORP,CERS,E&Y,115555000,3.38,390575900
64327,2018,CERUS CORP,CERS,E&Y,136853000,5.07,693844710
64334,2016,VERICEL CORP,VCEL,PwC,31595000,3,94785000
64334,2017,VERICEL CORP,VCEL,PwC,35861000,5.45,195442450
64334,2018,VERICEL CORP,VCEL,PwC,43578000,17.4,758257200
64336,2016,CHINA EASTERN AIRLINES CORP,CEA,E&Y,289352000,22.35,6467017200
64336,2017,CHINA EASTERN AIRLINES CORP,CEA,E&Y,289352000,36.14,10457181280
64336,2018,CHINA EASTERN AIRLINES CORP,CEA,E&Y,289352000,27.38,7922457760
64344,2016,VAIL RESORTS INC,MTN,PwC,36179000,143.07,5176129530
64344,2017,VAIL RESORTS INC,MTN,PwC,40081000,210.76,8447471560
64344,2018,VAIL RESORTS INC,MTN,PwC,40527000,276.87,11220710490
64355,2016,GOLDEN OCEAN GROUP,GOGL,PwC,105965000,4.71,499095150
64355,2017,GOLDEN OCEAN GROUP,GOGL,PwC,142198000,8.15,1158913700
64355,2018,GOLDEN OCEAN GROUP,GOGL,PwC,143828000,6.16,885980480
64356,2016,CIENA CORP,CIEN,PwC,139768000,19.38,2708703840
64356,2017,CIENA CORP,CIEN,PwC,143043000,21.27,3042524610
64356,2018,CIENA CORP,CIEN,PwC,154319000,31.26,4824011940
64389,2016,SILGAN HOLDINGS INC,SLGN,E&Y,55051000,51.18,2817510180
64389,2017,SILGAN HOLDINGS INC,SLGN,E&Y,110385000,29.39,3244215150
64389,2018,SILGAN HOLDINGS INC,SLGN,E&Y,110430000,23.62,2608356600
64410,2016,CARMAX INC,KMX,KPMG,186549000,64.54,12039872460
64410,2017,CARMAX INC,KMX,KPMG,179748000,61.92,11129996160
64410,2018,CARMAX INC,KMX,KPMG,167479000,62.1,10400445900
64480,2016,TIVO CORP,TIVO,E&Y,120061000,20.9,2509274900
64480,2017,TIVO CORP,TIVO,E&Y,122116000,15.6,1905009600
64480,2018,TIVO CORP,TIVO,E&Y,123975000,9.41,1166604750
64515,2018,CTI BIOPHARMA CORP,CTIC,E&Y,57986000,0.7336,42538529.6
64523,2016,ASIA PACIFIC WIRE&CABLE CORP,APWC,E&Y,13820000,2.8,38696000
64523,2017,ASIA PACIFIC WIRE&CABLE CORP,APWC,PwC,13820000,2.75,38005000
64523,2018,ASIA PACIFIC WIRE&CABLE CORP,APWC,PwC,13820000,1.94,26810800
64536,2016,EURONET WORLDWIDE INC,EEFT,KPMG,52303000,72.43,3788306290
64536,2017,EURONET WORLDWIDE INC,EEFT,KPMG,52808000,84.27,4450130160
64536,2018,EURONET WORLDWIDE INC,EEFT,KPMG,51820000,102.38,5305331600
64549,2016,CHICAGO BRIDGE & IRON CO,CBI,E&Y,100113000,31.75,3178587750
64549,2017,CHICAGO BRIDGE & IRON CO,CBI,E&Y,101705000,16.14,1641518700
64552,2016,TD AMERITRADE HOLDING CORP,AMTD,E&Y,526000000,35.24,18536240000
64552,2017,TD AMERITRADE HOLDING CORP,AMTD,E&Y,567000000,48.8,27669600000
64552,2018,TD AMERITRADE HOLDING CORP,AMTD,E&Y,563000000,52.83,29743290000
64568,2016,GULF ISLAND FABRICATION INC,GIFI,E&Y,14695000,11.9,174870500
64568,2017,GULF ISLAND FABRICATION INC,GIFI,E&Y,14910000,13.425,200166750
64568,2018,GULF ISLAND FABRICATION INC,GIFI,E&Y,15090000,7.22,108949800
64577,2016,COPEL-CIA PARANAENSE ENERGIA,ELP,Deloitte,128296000,8.48,1087950080
64577,2017,COPEL-CIA PARANAENSE ENERGIA,ELP,Deloitte,128296000,7.63,978898480
64577,2018,COPEL-CIA PARANAENSE ENERGIA,ELP,Deloitte,128296000,7.83,1004557680
64630,2016,TAKE-TWO INTERACTIVE SFTWR,TTWO,E&Y,102621000,59.27,6082346670
64630,2017,TAKE-TWO INTERACTIVE SFTWR,TTWO,E&Y,114038000,97.78,11150635640
64630,2018,TAKE-TWO INTERACTIVE SFTWR,TTWO,E&Y,112181000,94.37,10586520970
64637,2016,EMCORE CORP,EMKR,KPMG,26244000,5.7,149590800
64637,2017,EMCORE CORP,EMKR,KPMG,27028000,8.2,221629600
64637,2018,EMCORE CORP,EMKR,KPMG,27577000,4.75,130990750
64690,2016,AUTOLIV INC,ALV,E&Y,88230000,113.15,9983224500
64690,2017,AUTOLIV INC,ALV,E&Y,86973000,127.08,11052528840
64690,2018,AUTOLIV INC,ALV,E&Y,87145000,70.23,6120193350
64699,2016,FLAGSTAR BANCORP INC,FBC,PwC,56825000,26.94,1530865500
64699,2017,FLAGSTAR BANCORP INC,FBC,PwC,57321000,37.42,2144951820
64699,2018,FLAGSTAR BANCORP INC,FBC,PwC,57749000,26.4,1524573600
64745,2016,KNOLL INC,KNL,E&Y,49096000,27.93,1371251280
64745,2017,KNOLL INC,KNL,E&Y,49340000,23.04,1136793600
64745,2018,KNOLL INC,KNL,E&Y,49431000,16.48,814622880
64766,2016,RAMBUS INC,RMBS,PwC,111054000,13.77,1529213580
64766,2017,RAMBUS INC,RMBS,PwC,109764000,14.22,1560844080
64766,2018,RAMBUS INC,RMBS,PwC,109018000,7.67,836168060
64768,2016,AMAZON.COM INC,AMZN,E&Y,477000000,749.87,3.57688E+11
64768,2017,AMAZON.COM INC,AMZN,E&Y,484000000,1169.47,5.66023E+11
64768,2018,AMAZON.COM INC,AMZN,E&Y,491000000,1501.97,7.37467E+11
64775,2016,DENISON MINES CORP,DNN,PwC,540722000,0.5147,278309613.4
64775,2017,DENISON MINES CORP,DNN,PwC,559183000,0.55,307550650
64784,2016,JEFFERSONVILLE BANCORP,JFBC,BDO Seidman,4235000,16.49,69835150
64784,2017,JEFFERSONVILLE BANCORP,JFBC,BDO Seidman,4235000,16.4,69454000
64791,2016,G WILLI-FOOD INTL LTD,WILC,Deloitte,13241000,5.77,76400570
64791,2017,G WILLI-FOOD INTL LTD,WILC,Deloitte,13241000,7.19,95202790
64791,2018,G WILLI-FOOD INTL LTD,WILC,BDO Seidman,13241000,6.99,92554590
64794,2016,UNITED COMMUNITY BANKS INC,UCBI,PwC,70899000,29.62,2100028380
64794,2017,UNITED COMMUNITY BANKS INC,UCBI,PwC,77580000,28.14,2183101200
64794,2018,UNITED COMMUNITY BANKS INC,UCBI,PwC,79234000,21.46,1700361640
64796,2016,MER TELEMGMT SOLUTIONS LTD,MTSL,E&Y,8692000,0.91,7909720
64821,2016,ALEXANDRIA R E EQUITIES INC,ARE,E&Y,87666000,111.13,9742322580
64821,2017,ALEXANDRIA R E EQUITIES INC,ARE,E&Y,99784000,130.59,13030792560
64821,2018,ALEXANDRIA R E EQUITIES INC,ARE,E&Y,111012000,115.24,12793022880
64835,2016,RYANAIR HOLDINGS PLC,RYAAY,KPMG,243574000,82.98,20211770520
64835,2017,RYANAIR HOLDINGS PLC,RYAAY,KPMG,234240000,122.85,28776384000
64848,2016,KMG CHEMICALS INC,KMG,KPMG,11877000,27.49,326498730
64848,2017,KMG CHEMICALS INC,KMG,KPMG,11890000,50.62,601871800
64848,2018,KMG CHEMICALS INC,KMG,KPMG,15510000,71.8,1113618000
64850,2016,REIS INC,REIS,E&Y,11272000,22.25,250802000
64850,2017,REIS INC,REIS,E&Y,11471000,20.65,236876150
64853,2016,QORVO INC,QRVO,KPMG,126464000,68.56,8670371840
64853,2017,QORVO INC,QRVO,KPMG,126322000,70.45,8899384900
64853,2018,QORVO INC,QRVO,E&Y,119063000,71.73,8540388990
64857,2016,SAREPTA THERAPEUTICS INC,SRPT,KPMG,54759000,27.43,1502039370
64857,2017,SAREPTA THERAPEUTICS INC,SRPT,KPMG,64792000,55.64,3605026880
64857,2018,SAREPTA THERAPEUTICS INC,SRPT,KPMG,71072000,109.13,7756087360
64891,2016,RALPH LAUREN CORP,RL,E&Y,81000000,81.62,6611220000
64891,2017,RALPH LAUREN CORP,RL,E&Y,81300000,111.8,9089340000
64891,2018,RALPH LAUREN CORP,RL,E&Y,78100000,129.68,10128008000
64901,2016,MAXIMUS INC,MMS,E&Y,65223000,56.56,3689012880
64901,2017,MAXIMUS INC,MMS,E&Y,65137000,64.5,4201336500
64901,2018,MAXIMUS INC,MMS,E&Y,64371000,65.06,4187977260
64910,2016,EDP ENERGIAS DE PORTUGAL SA,EDPFY,KPMG,363448000,30.525,11094250200
64910,2017,EDP ENERGIAS DE PORTUGAL SA,EDPFY,KPMG,363463000,34.643,12591448709
64910,2018,EDP ENERGIAS DE PORTUGAL SA,EDPFY,PwC,363477000,34.855,12668990835
64917,2016,NORTEL INVERSORA SA,NTL,PwC,106304000,26.06,2770282240
64925,2016,BOSTON PROPERTIES INC,BXP,PwC,153790000,125.78,19343706200
64925,2017,BOSTON PROPERTIES INC,BXP,PwC,154325000,130.03,20066879750
64925,2018,BOSTON PROPERTIES INC,BXP,PwC,154458000,112.55,17384247900
64997,2016,COMFORT SYSTEMS USA INC,FIX,E&Y,37209000,33.3,1239059700
64997,2017,COMFORT SYSTEMS USA INC,FIX,E&Y,37187000,43.65,1623212550
64997,2018,COMFORT SYSTEMS USA INC,FIX,E&Y,36894000,43.68,1611529920
65006,2016,HELIX ENERGY SOLUTIONS GROUP,HLX,KPMG,120630000,8.82,1063956600
65006,2017,HELIX ENERGY SOLUTIONS GROUP,HLX,KPMG,147740000,7.54,1113959600
65006,2018,HELIX ENERGY SOLUTIONS GROUP,HLX,KPMG,148203000,5.41,801778230
65009,2016,ARCHROCK INC,AROC,Deloitte,70536000,13.2,931075200
65009,2017,ARCHROCK INC,AROC,Deloitte,70951000,10.5,744985500
65009,2018,ARCHROCK INC,AROC,Deloitte,129406000,7.49,969250940
65084,2016,CORECIVIC INC,CXW,E&Y,117554000,24.46,2875370840
65084,2017,CORECIVIC INC,CXW,E&Y,118204000,22.5,2659590000
65084,2018,CORECIVIC INC,CXW,E&Y,118674000,17.83,2115957420
65106,2016,BANK OZK,OZK,PwC,121268000,52.59,6377484120
65106,2017,BANK OZK,OZK,PwC,128288000,48.45,6215553600
65106,2018,BANK OZK,OZK,PwC,128611000,22.83,2936189130
65108,2016,JONES LANG LASALLE INC,JLL,KPMG,45214000,101.04,4568422560
65108,2017,JONES LANG LASALLE INC,JLL,KPMG,45374000,148.93,6757549820
65108,2018,JONES LANG LASALLE INC,JLL,KPMG,45599000,126.6,5772833400
65176,2016,EVANS BANCORP INC,EVBN,KPMG,4301000,31.55,135696550
65176,2017,EVANS BANCORP INC,EVBN,KPMG,4783000,41.9,200407700
65176,2018,EVANS BANCORP INC,EVBN,KPMG,4853000,32.51,157771030
65189,2016,EDAP TMS SA  -ADR,EDAP,PwC,28728000,3.28,94227840
65189,2017,EDAP TMS SA  -ADR,EDAP,PwC,28998000,2.87,83224260
65189,2018,EDAP TMS SA  -ADR,EDAP,KPMG,28998000,1.85,53646300
65218,2016,COGENTIX MEDICAL INC,CGNT,Grant Thornton,60437000,2.01,121478370
65218,2017,COGENTIX MEDICAL INC,CGNT,Grant Thornton,60906000,3.15,191853900
65220,2016,CARRIZO OIL & GAS INC,CRZO,KPMG,65132000,37.35,2432680200
65220,2017,CARRIZO OIL & GAS INC,CRZO,E&Y,81455000,21.28,1733362400
65220,2018,CARRIZO OIL & GAS INC,CRZO,E&Y,91628000,11.29,1034480120
65226,2016,QAD INC,QADA,KPMG,19017000,28.9,549591300
65226,2017,QAD INC,QADA,KPMG,19249000,43.1,829631900
65226,2018,QAD INC,QADA,KPMG,19627000,42.16,827474320
65228,2018,UMPQUA HOLDINGS CORP,UMPQ,Deloitte,220255000,15.9,3502054500
65235,2016,DIAMOND HILL INVESTMENT GRP,DHIL,KPMG,3412000,210.38,717816560
65235,2017,DIAMOND HILL INVESTMENT GRP,DHIL,KPMG,3470000,206.66,717110200
65235,2018,DIAMOND HILL INVESTMENT GRP,DHIL,KPMG,3499000,149.45,522925550
65248,2016,ARCELORMITTAL,MT,Deloitte,3058488000,7.3,22326962400
65248,2017,ARCELORMITTAL,MT,Deloitte,1019917000,32.31,32953518270
65248,2018,ARCELORMITTAL,MT,Deloitte,1013568000,20.67,20950450560
65261,2016,WESTAIM CORP,WEDXF,Deloitte,143187000,2.1,300692700
65261,2017,WESTAIM CORP,WEDXF,Deloitte,143187000,2.4461,350249720.7
65261,2018,WESTAIM CORP,WEDXF,Deloitte,143187000,1.9,272055300
65275,2016,BRIGHT HORIZONS FAMILY SOLTN,BFAM,Deloitte,58910000,70.02,4124878200
65275,2017,BRIGHT HORIZONS FAMILY SOLTN,BFAM,Deloitte,58013000,94,5453222000
65275,2018,BRIGHT HORIZONS FAMILY SOLTN,BFAM,Deloitte,57494000,111.45,6407706300
65290,2016,SL GREEN REALTY CORP,SLG,E&Y,100562000,107.55,10815443100
65290,2017,SL GREEN REALTY CORP,SLG,E&Y,92803000,100.93,9366606790
65290,2018,SL GREEN REALTY CORP,SLG,E&Y,83684000,79.08,6617730720
65343,2016,PRICESMART INC,PSMT,E&Y,30401000,83.53,2539395530
65343,2017,PRICESMART INC,PSMT,E&Y,30401000,81.25,2470081250
65343,2018,PRICESMART INC,PSMT,E&Y,30460000,86.85,2645451000
65376,2016,SIGA TECHNOLOGIES INC,SIGA,PwC,78693000,2.88,226635840
65376,2017,SIGA TECHNOLOGIES INC,SIGA,PwC,79039000,4.85,383339150
65376,2018,SIGA TECHNOLOGIES INC,SIGA,PwC,80763000,7.9,638027700
65379,2017,ELBIT IMAGING LTD,EMITF,E&Y,9191000,2.84,26102440
65379,2018,ELBIT IMAGING LTD,EMITF,E&Y,9191000,1.3,11948300
65380,2016,ELBIT SYSTEMS LTD,ESLT,E&Y,42746000,101.89,4355389940
65380,2017,ELBIT SYSTEMS LTD,ESLT,E&Y,42751000,133.29,5698280790
65380,2018,ELBIT SYSTEMS LTD,ESLT,E&Y,42753000,114.02,4874697060
65399,2016,MERITOR INC,MTOR,Deloitte,86800000,11.13,966084000
65399,2017,MERITOR INC,MTOR,Deloitte,88600000,26.01,2304486000
65399,2018,MERITOR INC,MTOR,Deloitte,84900000,19.36,1643664000
65417,2016,YUM BRANDS INC,YUM,KPMG,355000000,63.33,22482150000
65417,2017,YUM BRANDS INC,YUM,KPMG,332000000,81.61,27094520000
65417,2018,YUM BRANDS INC,YUM,KPMG,306000000,91.92,28127520000
65421,2016,FARO TECHNOLOGIES INC,FARO,Grant Thornton,16681000,36,600516000
65421,2017,FARO TECHNOLOGIES INC,FARO,Grant Thornton,16797000,47,789459000
65421,2018,FARO TECHNOLOGIES INC,FARO,Grant Thornton,17253000,40.64,701161920
65430,2016,CHILDRENS PLACE INC,PLCE,BDO Seidman,17722000,97,1719034000
65430,2017,CHILDRENS PLACE INC,PLCE,BDO Seidman,17211000,149.8,2578207800
65430,2018,CHILDRENS PLACE INC,PLCE,E&Y,15827000,96.76,1531420520
65444,2016,STEWARDSHIP FINANCIAL CORP,SSFN,KPMG,6121000,9.8,59985800
65444,2017,STEWARDSHIP FINANCIAL CORP,SSFN,KPMG,8653000,10.25,88693250
65444,2018,STEWARDSHIP FINANCIAL CORP,SSFN,BDO Seidman,8680000,9.1,78988000
65459,2016,SPECTRUM BRANDS HOLDINGS INC,SPB.1,KPMG,59400000,137.69,8178786000
65459,2017,SPECTRUM BRANDS HOLDINGS INC,SPB.1,KPMG,57600000,105.92,6100992000
65460,2016,RADCOM,RDCM,E&Y,11586000,17.8,206230800
65460,2017,RADCOM,RDCM,E&Y,13410000,19.85,266188500
65460,2018,RADCOM,RDCM,E&Y,13700000,7.42,101654000
65461,2016,TEFRON LTD,TFRFF,Deloitte,11870000,1.6,18992000
65461,2017,TEFRON LTD,TFRFF,Deloitte,11870000,0.8,9496000
65461,2018,TEFRON LTD,TFRFF,Deloitte,11870000,0.91,10801700
65467,2016,1ST CONSTITUTION BANCORP,FCCY,BDO Seidman,7994000,18.7,149487800
65467,2017,1ST CONSTITUTION BANCORP,FCCY,BDO Seidman,8083000,18.3,147918900
65467,2018,1ST CONSTITUTION BANCORP,FCCY,BDO Seidman,8606000,19.93,171517580
65500,2016,NORDIC AMERICAN TANKERS LTD,NAT,KPMG,101956000,8.4,856430400
65500,2017,NORDIC AMERICAN TANKERS LTD,NAT,KPMG,141948000,2.46,349192080
65500,2018,NORDIC AMERICAN TANKERS LTD,NAT,KPMG,141948000,2,283896000
65540,2016,NET 1 UEPS TECHNOLOGIES INC,UEPS,Deloitte,55272000,9.99,552167280
65540,2017,NET 1 UEPS TECHNOLOGIES INC,UEPS,Deloitte,56370000,9.86,555808200
65540,2018,NET 1 UEPS TECHNOLOGIES INC,UEPS,Deloitte,56686000,9.08,514708880
65556,2016,ANNALY CAPITAL MANAGEMENT,NLY,E&Y,1018913000,9.97,10158562610
65556,2017,ANNALY CAPITAL MANAGEMENT,NLY,E&Y,1159585000,11.89,13787465650
65556,2018,ANNALY CAPITAL MANAGEMENT,NLY,E&Y,1313763000,9.82,12901152660
65587,2016,NATIONAL RESEARCH CORP,NRC,KPMG,24431000,19,464189000
65587,2017,NATIONAL RESEARCH CORP,NRC,KPMG,24472000,37.3,912805600
65587,2018,NATIONAL RESEARCH CORP,NRC,KPMG,24801000,38.14,945910140
65590,2016,STONERIDGE INC,SRI,E&Y,27850000,17.69,492666500
65590,2017,STONERIDGE INC,SRI,E&Y,28180000,22.86,644194800
65590,2018,STONERIDGE INC,SRI,E&Y,28488000,24.65,702229200
65605,2016,RITCHIE BROS AUCTIONEERS INC,RBA,E&Y,106822000,34,3631948000
65605,2017,RITCHIE BROS AUCTIONEERS INC,RBA,E&Y,107270000,29.93,3210591100
65605,2018,RITCHIE BROS AUCTIONEERS INC,RBA,E&Y,108682000,32.72,3556075040
65609,2016,C H ROBINSON WORLDWIDE INC,CHRW,Deloitte,141258000,73.26,10348561080
65609,2017,C H ROBINSON WORLDWIDE INC,CHRW,Deloitte,139542000,89.09,12431796780
65609,2018,C H ROBINSON WORLDWIDE INC,CHRW,Deloitte,137284000,84.09,11544211560
65615,2016,CHOICE HOTELS INTL INC,CHH,E&Y,56300000,56.05,3155615000
65615,2017,CHOICE HOTELS INTL INC,CHH,E&Y,56680000,77.6,4398368000
65615,2018,CHOICE HOTELS INTL INC,CHH,E&Y,55679000,71.58,3985502820
65640,2016,INVESTORS REAL ESTATE TRUST,IRET,Grant Thornton,121199000,5.91,716286090
65640,2017,INVESTORS REAL ESTATE TRUST,IRET,Grant Thornton,119526000,5.33,637073580
65640,2018,INVESTORS REAL ESTATE TRUST,IRET,Grant Thornton,11942000,49.07,585993940
65662,2016,CHINA MOBILE LTD,CHL,PwC,4095097000,52.43,2.14706E+11
65662,2017,CHINA MOBILE LTD,CHL,PwC,4095097000,50.54,2.06966E+11
65662,2018,CHINA MOBILE LTD,CHL,PwC,4095097000,48,1.96565E+11
65671,2016,DRIL-QUIP INC,DRQ,PwC,37797000,60.05,2269709850
65671,2017,DRIL-QUIP INC,DRQ,PwC,38133000,47.7,1818944100
65671,2018,DRIL-QUIP INC,DRQ,PwC,36264000,30.03,1089007920
65689,2016,MERCANTILE BANK CORP,MBWM,BDO Seidman,16417000,37.7,618920900
65689,2017,MERCANTILE BANK CORP,MBWM,BDO Seidman,16592000,35.37,586859040
65689,2018,MERCANTILE BANK CORP,MBWM,BDO Seidman,16534000,28.26,467250840
65710,2016,EPR PROPERTIES,EPR,KPMG,63647000,71.77,4567945190
65710,2017,EPR PROPERTIES,EPR,KPMG,74125000,65.46,4852222500
65710,2018,EPR PROPERTIES,EPR,KPMG,74348000,64.03,4760502440
65718,2016,GROUP 1 AUTOMOTIVE INC,GPI,E&Y,21405000,77.94,1668305700
65718,2017,GROUP 1 AUTOMOTIVE INC,GPI,E&Y,20898000,70.97,1483131060
65718,2018,GROUP 1 AUTOMOTIVE INC,GPI,E&Y,18322000,52.72,965935840
65732,2016,CAPITAL SENIOR LIVING CORP,CSU,E&Y,30012000,16.05,481692600
65732,2017,CAPITAL SENIOR LIVING CORP,CSU,E&Y,30505000,13.49,411512450
65732,2018,CAPITAL SENIOR LIVING CORP,CSU,E&Y,31273000,6.8,212656400
65772,2016,METTLER-TOLEDO INTL INC,MTD,PwC,26020000,418.56,10890931200
65772,2017,METTLER-TOLEDO INTL INC,MTD,PwC,25541000,619.52,15823160320
65772,2018,METTLER-TOLEDO INTL INC,MTD,PwC,24922000,565.58,14095384760
65831,2016,SONIC AUTOMOTIVE INC  -CL A,SAH,E&Y,44733000,22.9,1024385700
65831,2017,SONIC AUTOMOTIVE INC  -CL A,SAH,KPMG,43195000,18.45,796947750
65831,2018,SONIC AUTOMOTIVE INC  -CL A,SAH,KPMG,42750000,13.76,588240000
65850,2016,CHARLES & COLVARD LTD,CTHR,BDO Seidman,21370000,1.1,23507000
65850,2017,CHARLES & COLVARD LTD,CTHR,BDO Seidman,21580000,1.35,29133000
65850,2018,CHARLES & COLVARD LTD,CTHR,BDO Seidman,21705000,1.07,23224350
65872,2016,PROGENICS PHARMACEUTICAL INC,PGNX,E&Y,70190000,8.64,606441600
65872,2017,PROGENICS PHARMACEUTICAL INC,PGNX,E&Y,71445000,5.95,425097750
65872,2018,PROGENICS PHARMACEUTICAL INC,PGNX,E&Y,84542000,4.2,355076400
65884,2016,SB ONE BANCORP,SBBX,BDO Seidman,4741000,20.9,99086900
65884,2017,SB ONE BANCORP,SBBX,BDO Seidman,6041000,26.85,162200850
65884,2018,SB ONE BANCORP,SBBX,BDO Seidman,9533000,20.44,194854520
65886,2016,AFFILIATED MANAGERS GRP INC,AMG,PwC,56700000,145.3,8238510000
65886,2017,AFFILIATED MANAGERS GRP INC,AMG,PwC,55100000,205.25,11309275000
65886,2018,AFFILIATED MANAGERS GRP INC,AMG,PwC,52000000,97.44,5066880000
65896,2016,GEOSPACE TECHNOLOGIES CORP,GEOS,BDO Seidman,13328000,19.48,259629440
65896,2017,GEOSPACE TECHNOLOGIES CORP,GEOS,BDO Seidman,13438000,17.82,239465160
65899,2016,REALNETWORKS INC,RNWK,KPMG,37501000,4.86,182254860
65899,2017,REALNETWORKS INC,RNWK,KPMG,37341000,3.42,127706220
65899,2018,REALNETWORKS INC,RNWK,KPMG,37728000,2.31,87151680
65930,2016,INTERLEUKIN GENETICS INC,ILIU,Grant Thornton,229381000,0.1099,25208971.9
65944,2016,ASSERTIO THERAPEUTICS INC,ASRT,E&Y,61966000,18.02,1116627320
65944,2017,ASSERTIO THERAPEUTICS INC,ASRT,E&Y,63400000,8.05,510370000
65944,2018,ASSERTIO THERAPEUTICS INC,ASRT,E&Y,64185000,3.61,231707850
65967,2016,ENVISION HEALTHCARE CORP,EVHC,Deloitte,117478000,63.29,7435182620
65967,2017,ENVISION HEALTHCARE CORP,EVHC,Deloitte,121021000,34.56,4182485760
65986,2016,BLACKBERRY LTD,BB,E&Y,530497000,6.96,3692259120
65986,2017,BLACKBERRY LTD,BB,E&Y,536734000,12.14,6515950760
65986,2018,BLACKBERRY LTD,BB,E&Y,547358000,8.7,4762014600
66000,2016,ACRE REALTY INVESTORS INC,AIII,Deloitte,20491000,1.11,22745010
66016,2016,INGREDION INC,INGR,KPMG,72414000,124.96,9048853440
66016,2017,INGREDION INC,INGR,KPMG,71995000,139.8,10064901000
66016,2018,INGREDION INC,INGR,KPMG,66526000,91.4,6080476400
66032,2016,POWER INTEGRATIONS INC,POWI,Deloitte,29250000,67.85,1984612500
66032,2017,POWER INTEGRATIONS INC,POWI,Deloitte,29782000,73.55,2190466100
66032,2018,POWER INTEGRATIONS INC,POWI,Deloitte,28889000,60.98,1761651220
66065,2016,UNITED RENTALS INC,URI,E&Y,84222000,105.58,8892158760
66065,2017,UNITED RENTALS INC,URI,E&Y,84464000,171.91,14520206240
66065,2018,UNITED RENTALS INC,URI,E&Y,79873000,102.53,8189378690
66085,2016,ARLINGTON ASSET INVESTMENT,AI,PwC,23627000,14.82,350152140
66085,2017,ARLINGTON ASSET INVESTMENT,AI,PwC,28141000,11.78,331500980
66085,2018,ARLINGTON ASSET INVESTMENT,AI,PwC,30498000,7.24,220805520
66235,2016,HOPE BANCORP INC,HOPE,BDO Seidman,135240000,21.89,2960403600
66235,2017,HOPE BANCORP INC,HOPE,BDO Seidman,135512000,18.25,2473094000
66261,2017,LIVE VENTURES INC,LIVE,BDO Seidman,1992000,12.4,24700800
66281,2016,RAIT FINANCIAL TRUST,RASF,KPMG,92295000,3.36,310111200
66281,2017,RAIT FINANCIAL TRUST,RASF,KPMG,93045000,0.375,34891875
66281,2018,RAIT FINANCIAL TRUST,RASF,KPMG,1850000,0.56,1036000
66288,2016,MID PENN BANCORP INC,MPB,BDO Seidman,4233000,23.8255,100853341.5
66288,2017,MID PENN BANCORP INC,MPB,BDO Seidman,4242000,33.1,140410200
66288,2018,MID PENN BANCORP INC,MPB,BDO Seidman,8460000,23.02,194749200
66290,2016,STEELCASE INC,SCS,Deloitte,117323000,16,1877168000
66290,2017,STEELCASE INC,SCS,Deloitte,116158000,13.65,1585556700
66290,2018,STEELCASE INC,SCS,Deloitte,116767000,17.51,2044590170
66301,2016,AEROCENTURY CORP,ACY,BDO Seidman,1567000,9.45,14808150
66301,2017,AEROCENTURY CORP,ACY,BDO Seidman,1417000,15.24,21595080
66301,2018,AEROCENTURY CORP,ACY,BDO Seidman,1546000,9.57,14795220
66326,2016,DESCARTES SYSTEMS GROUP INC,DSGX,KPMG,75875000,21.85,1657868750
66326,2017,DESCARTES SYSTEMS GROUP INC,DSGX,KPMG,76773000,28.35,2176514550
66326,2018,DESCARTES SYSTEMS GROUP INC,DSGX,KPMG,76865000,31.06,2387426900
66354,2016,W P CAREY INC,WPC,PwC,106294000,59.09,6280912460
66354,2017,W P CAREY INC,WPC,PwC,106923000,68.9,7366994700
66354,2018,W P CAREY INC,WPC,PwC,165280000,65.34,10799395200
66368,2016,VERISIGN INC,VRSN,KPMG,103091000,76.07,7842132370
66368,2017,VERISIGN INC,VRSN,KPMG,97591000,114.44,11168314040
66368,2018,VERISIGN INC,VRSN,KPMG,120037000,148.29,17800286730
66371,2016,IES HOLDINGS INC,IESC,E&Y,21457000,17.79,381720030
66371,2017,IES HOLDINGS INC,IESC,E&Y,21337000,17.3,369130100
66371,2018,IES HOLDINGS INC,IESC,E&Y,21206000,19.5,413517000
66374,2016,CORREVIO PHARMA CORP,CORV,KPMG,31884000,2.76,87999840
66374,2017,CORREVIO PHARMA CORP,CORV,KPMG,34637000,1.55,53687350
66374,2018,CORREVIO PHARMA CORP,CORV,KPMG,36233000,2.49,90220170
66379,2016,CAREER EDUCATION CORP,CECO,Grant Thornton,68519000,10.09,691356710
66379,2017,CAREER EDUCATION CORP,CECO,Grant Thornton,69118000,12.08,834945440
66379,2018,CAREER EDUCATION CORP,CECO,Grant Thornton,69773000,11.42,796807660
66393,2016,MERCURY SYSTEMS INC,MRCY,KPMG,38675000,24.86,961460500
66393,2017,MERCURY SYSTEMS INC,MRCY,KPMG,46303000,42.09,1948893270
66393,2018,MERCURY SYSTEMS INC,MRCY,KPMG,46924000,38.06,1785927440
66394,2016,PEOPLES FINANCIAL SERVICES,PFIS,BDO Seidman,7394000,48.7,360087800
66394,2018,PEOPLES FINANCIAL SERVICES,PFIS,BDO Seidman,7399000,44.06,325999940
66405,2016,GREAT PANTHER MINING LTD,GPL,KPMG,166938000,1.66,277117080
66405,2017,GREAT PANTHER MINING LTD,GPL,KPMG,168383000,1.29,217214070
66405,2018,GREAT PANTHER MINING LTD,GPL,KPMG,169165000,0.71,120107150
66446,2016,QUANTA SERVICES INC,PWR,PwC,151226000,34.85,5270226100
66446,2017,QUANTA SERVICES INC,PWR,PwC,153828000,39.11,6016213080
66446,2018,QUANTA SERVICES INC,PWR,PwC,141590000,30.1,4261859000
66496,2016,NUTRACEUTICAL INTL CORP,NUTR,PwC,9204000,31.24,287532960
66586,2016,PC CONNECTION INC,CNXN,Deloitte,26609000,28.09,747446810
66586,2017,PC CONNECTION INC,CNXN,Deloitte,26853000,26.21,703817130
66586,2018,PC CONNECTION INC,CNXN,Deloitte,26396000,29.73,784753080
66588,2016,SURMODICS INC,SRDX,Deloitte,13208000,30.09,397428720
66588,2017,SURMODICS INC,SRDX,Deloitte,13095000,31,405945000
66588,2018,SURMODICS INC,SRDX,Deloitte,13398000,74.65,1000160700
66599,2016,WADDELL&REED FINL INC  -CL A,WDR,KPMG,83118000,19.51,1621632180
66599,2017,WADDELL&REED FINL INC  -CL A,WDR,KPMG,82687000,22.34,1847227580
66599,2018,WADDELL&REED FINL INC  -CL A,WDR,KPMG,76790000,18.08,1388363200
66602,2016,COMPX INTERNATIONAL INC,CIX,PwC,12419000,16.1,199945900
66602,2017,COMPX INTERNATIONAL INC,CIX,PwC,12426000,13.3,165265800
66602,2018,COMPX INTERNATIONAL INC,CIX,PwC,12436000,13.61,169253960
66686,2016,ONESPAN INC,OSPN,KPMG,40097000,13.65,547324050
66686,2017,ONESPAN INC,OSPN,KPMG,40086000,13.9,557195400
66686,2018,ONESPAN INC,OSPN,KPMG,40225000,12.95,520913750
66697,2016,INOVIO PHARMACEUTICALS INC,INO,E&Y,74062000,6.94,513990280
66697,2017,INOVIO PHARMACEUTICALS INC,INO,E&Y,90358000,4.13,373178540
66697,2018,INOVIO PHARMACEUTICALS INC,INO,E&Y,97226000,4,388904000
66731,2016,FEDERATED INVESTORS INC,FII,E&Y,101999000,28.28,2884531720
66731,2017,FEDERATED INVESTORS INC,FII,E&Y,101109000,36.08,3648012720
66731,2018,FEDERATED INVESTORS INC,FII,E&Y,100812000,26.55,2676558600
100075,2016,RELX NV,RENX,E&Y,2042648000,16.76,34234780480
100075,2017,RELX NV,RENX,E&Y,2003733000,23.07,46226120310
100080,2016,BAYER AG,BAYRY,PwC,826948000,104.558,86464028984
100080,2017,BAYER AG,BAYRY,Deloitte,3307791000,31.221,1.03273E+11
100080,2018,BAYER AG,BAYRY,Deloitte,3730208000,17.307,64558709856
100095,2016,BUNZL PLC,BZLFY,PwC,335607000,26.06,8745918420
100095,2017,BUNZL PLC,BZLFY,PwC,335932000,28.029,9415838028
100095,2018,BUNZL PLC,BZLFY,PwC,336425000,30.171,10150278675
100103,2016,DEUTSCHE LUFTHANSA AG,DLAKY,PwC,468818000,12.942,6067442556
100103,2017,DEUTSCHE LUFTHANSA AG,DLAKY,PwC,471260000,36.889,17384310140
100103,2018,DEUTSCHE LUFTHANSA AG,DLAKY,PwC,475211000,22.52,10701751720
100135,2016,TATE & LYLE PLC,TATYY,PwC,115682000,38.239,4423563998
100135,2017,TATE & LYLE PLC,TATYY,PwC,115240000,30.559,3521619160
100165,2016,SANTOS LTD,SSLZY,E&Y,2032390000,2.911,5916287290
100165,2017,SANTOS LTD,SSLZY,E&Y,2082483000,4.263,8877625029
100165,2018,SANTOS LTD,SSLZY,E&Y,2081748000,3.858,8031383784
100243,2016,AMCOR PLC,AMCR,PwC,288938000,44.468,12848494984
100243,2017,AMCOR PLC,AMCR,PwC,289363000,49.735,14391468805
100243,2018,AMCOR PLC,AMCR,PwC,289308000,42.588,12321049104
100245,2016,ADVANTEST CORP,ATEYY,E&Y,176831000,18.666,3300727446
100245,2017,ADVANTEST CORP,ATEYY,E&Y,179028000,20.639,3694958892
100245,2018,ADVANTEST CORP,ATEYY,E&Y,197834000,23.246,4598849164
100338,2016,RELX PLC,RELX,E&Y,2042648000,17.97,36706384560
100338,2017,RELX PLC,RELX,E&Y,2003733000,23.7,47488472100
100338,2018,RELX PLC,RELX,E&Y,1961890000,20.52,40257982800
100363,2016,AMEC FOSTER WHEELER PLC,AMEZY.1,E&Y,389974000,5.71,2226751540
100401,2016,SPIRENT COMMUNICATIONS,SPMYY,E&Y,152650000,4.881,745084650
100401,2017,SPIRENT COMMUNICATIONS,SPMYY,E&Y,152650000,5.519,842475350
100401,2018,SPIRENT COMMUNICATIONS,SPMYY,E&Y,152650000,6.032,920784800
100424,2016,JARDINE MATHESON HLDGS LTD,JMHLY,PwC,308000000,55.25,17017000000
100424,2017,JARDINE MATHESON HLDGS LTD,JMHLY,PwC,309000000,60.75,18771750000
100424,2018,JARDINE MATHESON HLDGS LTD,JMHLY,PwC,310000000,69.58,21569800000
100465,2016,SASOL LTD,SSL,PwC,670965000,27.12,18196570800
100465,2017,SASOL LTD,SSL,PwC,671013000,27.95,18754813350
100465,2018,SASOL LTD,SSL,PwC,645561000,36.54,23588798940
100477,2016,JAMES HARDIE INDUSTRIES PLC,JHX,E&Y,440843000,15.8,6965319400
100477,2017,JAMES HARDIE INDUSTRIES PLC,JHX,E&Y,441524000,17.88,7894449120
100477,2018,JAMES HARDIE INDUSTRIES PLC,JHX,E&Y,442270000,12.87,5692014900
100572,2016,PEARSON PLC,PSO,PwC,822127000,9.99,8213048730
100572,2017,PEARSON PLC,PSO,PwC,802054000,9.82,7876170280
100572,2018,PEARSON PLC,PSO,PwC,781078000,11.94,9326071320
100581,2016,L'OREAL SA,LRLCY,PwC,2800492000,36.579,1.02439E+11
100581,2017,L'OREAL SA,LRLCY,PwC,2798740000,44.418,1.24314E+11
100581,2018,L'OREAL SA,LRLCY,PwC,2798128000,46,1.28714E+11
100590,2016,E.ON SE,EONGY,PwC,1952397000,7.067,13797589599
100590,2017,E.ON SE,EONGY,PwC,2167149000,10.88,23578581120
100590,2018,E.ON SE,EONGY,PwC,2167149000,9.862,21372423438
100609,2016,CONTINENTAL AG,CTTAY,KPMG,1000030000,38.752,38753162560
100609,2017,CONTINENTAL AG,CTTAY,KPMG,1000030000,54.048,54049621440
100609,2018,CONTINENTAL AG,CTTAY,KPMG,2000060000,13.804,27608828240
100644,2016,FERGUSON PLC,FERGY,Deloitte,2523768000,5.588,14102815584
100644,2017,FERGUSON PLC,FERGY,Deloitte,2532535000,5.904,14952086640
100644,2018,FERGUSON PLC,FERGY,Deloitte,2318247000,7.884,18277059348
100737,2016,VOLKSWAGEN AG,VWAGY,PwC,2506476000,28.848,72306819648
100737,2017,VOLKSWAGEN AG,VWAGY,PwC,2506476000,40.515,1.0155E+11
100737,2018,VOLKSWAGEN AG,VWAGY,PwC,5012952000,15.901,79710949752
100760,2016,KINGFISHER PLC,KGFHY,Deloitte,1120000000,8.46,9475200000
100760,2017,KINGFISHER PLC,KGFHY,Deloitte,1080500000,9.869,10663454500
100760,2018,KINGFISHER PLC,KGFHY,Deloitte,1055000000,5.859,6181245000
100873,2016,NIELSEN HOLDINGS PLC,NLSN,E&Y,357466000,41.95,14995698700
100873,2017,NIELSEN HOLDINGS PLC,NLSN,E&Y,355945000,36.4,12956398000
100873,2018,NIELSEN HOLDINGS PLC,NLSN,E&Y,355272000,23.33,8288495760
100953,2016,RWE AG,RWEOY,PwC,614745000,12.462,7660952190
100953,2017,RWE AG,RWEOY,PwC,614745000,20.414,12549404430
100953,2018,RWE AG,RWEOY,PwC,614745000,21.68,13327671600
101020,2016,STORA ENSO OYJ,SEOAY,Deloitte,788620000,10.769,8492648780
101020,2017,STORA ENSO OYJ,SEOAY,Deloitte,788620000,15.875,12519342500
101020,2018,STORA ENSO OYJ,SEOAY,PwC,788620000,11.529,9091999980
101088,2016,CK HUTCHISON HOLDINGS LTD,CKHUY,PwC,3857679000,11.35,43784656650
101088,2017,CK HUTCHISON HOLDINGS LTD,CKHUY,PwC,3857679000,12.555,48433159845
101088,2018,CK HUTCHISON HOLDINGS LTD,CKHUY,PwC,3856241000,9.48,36557164680
101202,2017,L'AIR LIQUIDE SA,AIQUY,PwC,2141988000,25.229,54040215252
101202,2018,L'AIR LIQUIDE SA,AIQUY,PwC,2147117000,24.795,53237766015
101204,2016,SANOFI,SNY,E&Y,2543877000,40.44,1.02874E+11
101204,2017,SANOFI,SNY,PwC,2508040000,43,1.07846E+11
101204,2018,SANOFI,SNY,PwC,2494791000,43.41,1.08299E+11
101292,2016,PUBLICIS GROUPE SA,PUBGY,E&Y,901471000,17.285,15581926235
101292,2017,PUBLICIS GROUPE SA,PUBGY,E&Y,905183000,17.006,15393542098
101292,2018,PUBLICIS GROUPE SA,PUBGY,E&Y,924961000,14.312,13238041832
101310,2016,NOVARTIS AG,NVS,PwC,2374059000,72.84,1.72926E+11
101310,2017,NOVARTIS AG,NVS,PwC,2317456000,83.96,1.94574E+11
101310,2018,NOVARTIS AG,NVS,PwC,2311171000,85.81,1.98322E+11
101317,2016,SMITH & NEPHEW PLC,SNN,KPMG,437962000,30.08,13173896960
101317,2017,SMITH & NEPHEW PLC,SNN,KPMG,437628000,35.01,15321356280
101317,2018,SMITH & NEPHEW PLC,SNN,KPMG,437876000,37.38,16367804880
101361,2017,WOLTERS KLUWER NV,WTKWY,Deloitte,281361000,52.211,14690139171
101361,2018,WOLTERS KLUWER NV,WTKWY,Deloitte,271164000,59.055,16013590020
101475,2017,AIR FRANCE - KLM,AFLYY,KPMG,427488000,16.307,6971046816
101718,2016,UPM-KYMMENE CORP,UPMKY,PwC,533505000,24.618,13133826090
101718,2017,UPM-KYMMENE CORP,UPMKY,PwC,533324000,31.113,16593309612
101718,2018,UPM-KYMMENE CORP,UPMKY,PwC,533324000,25.321,13504297004
102089,2016,SODEXO,SDXAY,PwC,753334000,23.133,17426875422
102089,2017,SODEXO,SDXAY,PwC,743127000,23.31,17322290370
102089,2018,SODEXO,SDXAY,PwC,727928000,20.878,15197680784
102341,2016,HARMONY GOLD MINING CO LTD,HMY,PwC,437299000,3.61,1578649390
102341,2017,HARMONY GOLD MINING CO LTD,HMY,PwC,439957000,1.65,725929050
102341,2018,HARMONY GOLD MINING CO LTD,HMY,PwC,500252000,1.56,780393120
102345,2016,METSO OYJ,MXCYY,E&Y,599940000,7.146,4287171240
102345,2017,METSO OYJ,MXCYY,E&Y,599989000,8.547,5128105983
102345,2018,METSO OYJ,MXCYY,E&Y,599989000,6.545,3926928005
102422,2016,SAPPI LTD,SPPJY,Deloitte,530564000,5.163,2739301932
102422,2017,SAPPI LTD,SPPJY,KPMG,535020000,6.818,3647766360
102422,2018,SAPPI LTD,SPPJY,KPMG,539254000,6.272,3382201088
102523,2016,VALEO SA,VLEEY,E&Y,475805000,28.8,13703184000
102523,2017,VALEO SA,VLEEY,E&Y,475848000,37.387,17790529176
102523,2018,VALEO SA,VLEEY,E&Y,474575000,14.581,6919778075
102696,2016,LOGITECH INTERNATIONAL SA,LOGI,KPMG,162379000,31.87,5175018730
102696,2017,LOGITECH INTERNATIONAL SA,LOGI,KPMG,164579000,36.73,6044986670
102696,2018,LOGITECH INTERNATIONAL SA,LOGI,KPMG,165862000,39.34,6525011080
102704,2016,UNITED UTILITIES GROUP PLC,UUGRY,KPMG,340950000,24.847,8471584650
102704,2017,UNITED UTILITIES GROUP PLC,UUGRY,KPMG,340950000,20.071,6843207450
102704,2018,UNITED UTILITIES GROUP PLC,UUGRY,KPMG,340950000,21.224,7236322800
102983,2016,CGG,CGGYY,E&Y,22133000,14.1425,313015952.5
102983,2017,CGG,CGGYY,E&Y,22133000,4.468,98890244
102983,2018,CGG,CGGYY,E&Y,709945000,1.322,938547290
103342,2016,SCOTTISH & SOUTHERN ENERGY,SSEZY,KPMG,1015600000,18.457,18744929200
103342,2017,SCOTTISH & SOUTHERN ENERGY,SSEZY,KPMG,1023000000,17.9,18311700000
103342,2018,SCOTTISH & SOUTHERN ENERGY,SSEZY,KPMG,1046900000,15.467,16192402300
103487,2016,SAP SE,SAP,KPMG,1198624000,86.43,1.03597E+11
103487,2017,SAP SE,SAP,KPMG,1193405000,112.36,1.34091E+11
103487,2018,SAP SE,SAP,KPMG,1193650000,99.55,1.18828E+11
104092,2016,INTOUCH HOLDINGS PCL,INTHY,Deloitte,801605000,5.473,4387184165
104092,2017,INTOUCH HOLDINGS PCL,INTHY,Deloitte,801605000,6.873,5509431165
104432,2016,NORWEGIAN CRUISE LINE HLDGS,NCLH,PwC,227244000,42.53,9664687320
104432,2017,NORWEGIAN CRUISE LINE HLDGS,NCLH,PwC,228529000,53.25,12169169250
104432,2018,NORWEGIAN CRUISE LINE HLDGS,NCLH,PwC,217651000,42.39,9226225890
104598,2016,POSCO,PKX,KPMG,319991000,52.55,16815527050
104598,2017,POSCO,PKX,KPMG,319998000,78.13,25001443740
104598,2018,POSCO,PKX,KPMG,320005000,54.94,17581074700
104831,2016,SPARK NEW ZEALAND LTD,SPKKY,KPMG,365959000,12.642,4626453678
104831,2017,SPARK NEW ZEALAND LTD,SPKKY,KPMG,366569000,13.839,5072948391
104831,2018,SPARK NEW ZEALAND LTD,SPKKY,KPMG,367078000,12.627,4635093906
104833,2016,HEINEKEN NV,HEINY,Deloitte,1139361000,37.581,42818325741
104833,2017,HEINEKEN NV,HEINY,Deloitte,1140388000,52.193,59520270884
104833,2018,HEINEKEN NV,HEINY,Deloitte,1140359000,44.125,50318340875
104904,2016,VERNALIS PLC,VNLPY,PwC,263098000,0.902,237314396
104904,2017,VERNALIS PLC,VNLPY,PwC,263223000,0.461,121345803
105089,2016,CEMEX SAB DE CV,CX,KPMG,1406079000,8.03,11290814370
105089,2017,CEMEX SAB DE CV,CX,KPMG,1510723000,7.5,11330422500
105089,2018,CEMEX SAB DE CV,CX,KPMG,1500131000,4.82,7230631420
105104,2016,WAL MART DE MEXICO SA,WMMVY,E&Y,1746140000,18.008,31444489120
105104,2017,WAL MART DE MEXICO SA,WMMVY,E&Y,1746140000,24.645,43033620300
105104,2018,WAL MART DE MEXICO SA,WMMVY,E&Y,1746140000,25.379,44315287060
105365,2016,AMERICAN TOWER CORP,AMT,Deloitte,427103000,105.68,45136245040
105365,2017,AMERICAN TOWER CORP,AMT,Deloitte,428820000,142.67,61179749400
105365,2018,AMERICAN TOWER CORP,AMT,Deloitte,441060000,158.19,69771281400
105547,2016,BARCLAYS BANK PLC,BCS.PD,PwC,2342000000,25.54,59814680000
105547,2017,BARCLAYS BANK PLC,BCS.PD,KPMG,2342000000,26.67,62461140000
105547,2018,BARCLAYS BANK PLC,BCS.PD,KPMG,2342000000,25.5,59721000000
105661,2016,KIRKLAND LAKE GOLD LTD,KL,KPMG,203032000,5.27,1069978640
105661,2017,KIRKLAND LAKE GOLD LTD,KL,KPMG,210945000,15.36,3240115200
105661,2018,KIRKLAND LAKE GOLD LTD,KL,KPMG,209823000,26.09,5474282070
105670,2016,BROOKLINE BANCORP INC,BRKL,KPMG,70860000,16.4,1162104000
105670,2017,BROOKLINE BANCORP INC,BRKL,KPMG,77113000,15.7,1210674100
105670,2018,BROOKLINE BANCORP INC,BRKL,KPMG,80047000,13.82,1106249540
105786,2016,AFRICA OIL CORP,AOIFF,PwC,456417000,1.98,903705660
105786,2017,AFRICA OIL CORP,AOIFF,PwC,456617000,1.125,513694125
105786,2018,AFRICA OIL CORP,AOIFF,PwC,470568000,0.77188,363222027.8
105861,2016,WHEATON PRECIOUS METALS CORP,WPM,Deloitte,441456000,19.32,8528929920
105861,2017,WHEATON PRECIOUS METALS CORP,WPM,Deloitte,442724000,22.13,9797482120
105861,2018,WHEATON PRECIOUS METALS CORP,WPM,Deloitte,444336000,19.53,8677882080
105936,2016,COLUMBIA SPORTSWEAR CO,COLM,Deloitte,69873000,58.3,4073595900
105936,2017,COLUMBIA SPORTSWEAR CO,COLM,Deloitte,69995000,71.88,5031240600
105936,2018,COLUMBIA SPORTSWEAR CO,COLM,Deloitte,68246000,84.09,5738806140
106112,2016,NEW GOLD INC,NGD,Deloitte,513709000,3.5,1797981500
106112,2017,NEW GOLD INC,NGD,Deloitte,578636000,3.29,1903712440
106112,2018,NEW GOLD INC,NGD,Deloitte,579115000,0.7568,438274232
106141,2016,LEAGOLD MINING CORP,LMCNF,Deloitte,135654000,0.4453,60406726.2
106141,2017,LEAGOLD MINING CORP,LMCNF,Deloitte,151317000,2.32,351055440
106141,2018,LEAGOLD MINING CORP,LMCNF,Deloitte,284743000,1.2864,366293395.2
106486,2016,POLYMET MINING CORP,PLM,PwC,318546000,0.88,280320480
106486,2017,POLYMET MINING CORP,PLM,PwC,319303000,0.86,274600580
106486,2018,POLYMET MINING CORP,PLM,PwC,321190000,0.811,260485090
106815,2016,OTE - HELLENIC TELECOM ORG,HLTOY,PwC,977661000,4.71,4604783310
106815,2017,OTE - HELLENIC TELECOM ORG,HLTOY,PwC,977615000,6.905,6750431575
106815,2018,OTE - HELLENIC TELECOM ORG,HLTOY,PwC,959879000,5.441,5222701639
106989,2016,INTERNATIONAL BARRIER TECH I,IBTGF,BDO Seidman,47807000,0.27,12907890
106989,2017,INTERNATIONAL BARRIER TECH I,IBTGF,BDO Seidman,53685000,0.2749,14758006.5
107032,2016,INTERNATIONAL TOWER HILL MIN,THM,PwC,162187000,0.545,88391915
107098,2016,FORTUNA SILVER MINES INC,FSM,Deloitte,146978000,5.65,830425700
107098,2017,FORTUNA SILVER MINES INC,FSM,KPMG,159637000,5.22,833305140
107098,2018,FORTUNA SILVER MINES INC,FSM,KPMG,159940000,3.64,582181600
107154,2016,KLONDEX MINES LTD,KLDX,PwC,175252000,4.67,818426840
107154,2017,KLONDEX MINES LTD,KLDX,PwC,179615000,2.61,468795150
107162,2016,AFRICAN GOLD GROUP INC,AGGFF,BDO Seidman,251277000,0.0456,11458231.2
107162,2017,AFRICAN GOLD GROUP INC,AGGFF,BDO Seidman,359583000,0.04,14383320
107162,2018,AFRICAN GOLD GROUP INC,AGGFF,BDO Seidman,359583000,0.009,3236247
107245,2016,ENDEAVOUR SILVER CORP,EXK,KPMG,127080000,3.52,447321600
107245,2017,ENDEAVOUR SILVER CORP,EXK,KPMG,127488000,2.39,304696320
107245,2018,ENDEAVOUR SILVER CORP,EXK,KPMG,130781000,2.15,281179150
107258,2017,SIERRA METALS INC,SMTS,PwC,162813000,2.71,441223230
107258,2018,SIERRA METALS INC,SMTS,PwC,163427000,1.76,287631520
107272,2016,SERINUS ENERGY PLC,SNUYF,KPMG,78630000,0.353,27756390
107272,2017,SERINUS ENERGY PLC,SNUYF,KPMG,150652000,0.275,41429300
107272,2018,SERINUS ENERGY PLC,SNUYF,BDO Seidman,217319000,0.13,28251470
107325,2016,MACATAWA BANK CORP,MCBC,BDO Seidman,33941000,10.41,353325810
107325,2017,MACATAWA BANK CORP,MCBC,BDO Seidman,33973000,10,339730000
107325,2018,MACATAWA BANK CORP,MCBC,BDO Seidman,34045000,9.62,327512900
107712,2016,ENERGY FUELS INC,UUUU,KPMG,66205000,1.64,108576200
107712,2017,ENERGY FUELS INC,UUUU,KPMG,75740000,1.79,135574600
107712,2018,ENERGY FUELS INC,UUUU,KPMG,91445000,2.85,260618250
107781,2016,HUDBAY MINERALS INC,HBM,Deloitte,237271000,5.7,1352444700
107781,2017,HUDBAY MINERALS INC,HBM,Deloitte,261271000,8.8,2299184800
107781,2018,HUDBAY MINERALS INC,HBM,Deloitte,261272000,4.72,1233203840
107965,2016,QUATERRA RESOURCES INC,QTRRF,PwC,193479000,0.05,9673950
107965,2017,QUATERRA RESOURCES INC,QTRRF,PwC,200969000,0.069207,13908461.58
107965,2018,QUATERRA RESOURCES INC,QTRRF,PwC,200969000,0.04438,8919004.22
108297,2016,LUNDIN MINING CORP,LUNMF,PwC,725134000,4.812,3489344808
108297,2017,LUNDIN MINING CORP,LUNMF,PwC,728419000,6.631,4830146389
108297,2018,LUNDIN MINING CORP,LUNMF,PwC,733535000,4.11125,3015745769
108326,2016,SILVERCORP METALS INC,SVM,Deloitte,167890000,3.4652,581772428
108326,2017,SILVERCORP METALS INC,SVM,Deloitte,167030000,2.69,449310700
108326,2018,SILVERCORP METALS INC,SVM,Deloitte,169842000,2.55,433097100
108645,2016,ULTRA PETROLEUM CORP,UPLC,E&Y,153418000,7.23,1109212140
108645,2017,ULTRA PETROLEUM CORP,UPLC,E&Y,196347000,9.06,1778903820
108645,2018,ULTRA PETROLEUM CORP,UPLC,E&Y,197383000,0.7601,150030818.3
108768,2016,FIRST MAJESTIC SILVER CORP,AG,Deloitte,164462000,7.63,1254845060
108768,2017,FIRST MAJESTIC SILVER CORP,AG,Deloitte,165824000,6.74,1117653760
108768,2018,FIRST MAJESTIC SILVER CORP,AG,Deloitte,193873000,5.89,1141911970
108831,2016,WESTPORT FUEL SYSTEMS INC,WPRT,KPMG,110109000,1.13,124423170
108831,2017,WESTPORT FUEL SYSTEMS INC,WPRT,KPMG,131280000,3.76,493612800
108831,2018,WESTPORT FUEL SYSTEMS INC,WPRT,KPMG,133381000,1.33,177396730
109079,2016,RED LION HOTELS CORP,RLH,BDO Seidman,23434000,8.35,195673900
109079,2017,RED LION HOTELS CORP,RLH,BDO Seidman,23651000,9.85,232962350
109079,2018,RED LION HOTELS CORP,RLH,BDO Seidman,24570000,8.2,201474000
109084,2016,OMEGA PROTEIN CORP,OME,PwC,22412000,25.05,561420600
109621,2016,LAKELAND BANCORP INC,LBAI,KPMG,47223000,19.5,920848500
109621,2017,LAKELAND BANCORP INC,LBAI,KPMG,47354000,19.25,911564500
109621,2018,LAKELAND BANCORP INC,LBAI,KPMG,47486000,14.81,703267660
109826,2016,MANHATTAN ASSOCIATES INC,MANH,E&Y,70234000,53.03,3724509020
109826,2017,MANHATTAN ASSOCIATES INC,MANH,E&Y,67776000,49.54,3357623040
109826,2018,MANHATTAN ASSOCIATES INC,MANH,E&Y,64860000,42.37,2748118200
109919,2016,CRA INTERNATIONAL INC,CRAI,E&Y,8334000,36.6,305024400
109919,2017,CRA INTERNATIONAL INC,CRAI,E&Y,8297000,44.95,372950150
109919,2018,CRA INTERNATIONAL INC,CRAI,E&Y,8010000,42.55,340825500
109926,2016,LASALLE HOTEL PROPERTIES,LHO,KPMG,113088000,30.47,3445791360
109926,2017,LASALLE HOTEL PROPERTIES,LHO,KPMG,113209000,28.07,3177776630
110039,2016,AMKOR TECHNOLOGY INC,AMKR,PwC,238665000,10.55,2517915750
110039,2017,AMKOR TECHNOLOGY INC,AMKR,PwC,239184000,10.05,2403799200
110039,2018,AMKOR TECHNOLOGY INC,AMKR,PwC,239385000,6.56,1570365600
110065,2016,INFINITY PROPERTY & CAS CORP,IPCC,E&Y,11044000,87.9,970767600
110065,2017,INFINITY PROPERTY & CAS CORP,IPCC,E&Y,10934000,106,1159004000
110179,2016,VENTAS INC,VTR,KPMG,354124000,62.52,22139832480
110179,2017,VENTAS INC,VTR,KPMG,356186000,60.01,21374721860
110179,2018,VENTAS INC,VTR,KPMG,356572000,58.59,20891553480
110382,2016,EQUITY ONE INC,EQY,E&Y,144861000,30.69,4445784090
110566,2016,INNOSPEC INC,IOSP,KPMG,24071000,68.5,1648863500
110566,2017,INNOSPEC INC,IOSP,KPMG,24351000,70.6,1719180600
110566,2018,INNOSPEC INC,IOSP,KPMG,24434000,61.76,1509043840
110620,2016,ICON PLC,ICLR,KPMG,54531000,75.2,4100731200
110620,2017,ICON PLC,ICLR,KPMG,54082000,112.15,6065296300
110620,2018,ICON PLC,ICLR,KPMG,53972000,129.21,6973722120
110685,2016,L3 TECHNOLOGIES INC,LLL,PwC,77232000,152.11,11747759520
110685,2017,L3 TECHNOLOGIES INC,LLL,PwC,77877000,197.85,15407964450
110685,2018,L3 TECHNOLOGIES INC,LLL,PwC,78801000,173.66,13684581660
110728,2016,INTERPACE DIAGNOSTICS GP INC,IDXG,BDO Seidman,2176000,4.4,9574400
110728,2017,INTERPACE DIAGNOSTICS GP INC,IDXG,BDO Seidman,27836000,1.02,28392720
110728,2018,INTERPACE DIAGNOSTICS GP INC,IDXG,BDO Seidman,28694000,0.8,22955200
110732,2016,WASTE CONNECTIONS INC,WCN,PwC,175202000,78.59,13769125180
110732,2017,WASTE CONNECTIONS INC,WCN,Grant Thornton,263495000,70.94,18692335300
110732,2018,WASTE CONNECTIONS INC,WCN,Grant Thornton,263141000,74.25,19538219250
110802,2016,AVALON HOLDINGS CORP,AWX,BDO Seidman,3803000,2.95,11218850
110802,2017,AVALON HOLDINGS CORP,AWX,BDO Seidman,3803000,2,7606000
110802,2018,AVALON HOLDINGS CORP,AWX,BDO Seidman,3875000,2.65,10268750
110804,2016,NEFF CORP,NEFF,Deloitte,8860000,14.1,124926000
110979,2016,CAMBRIDGE BANCORP,CATC,KPMG,4037000,62.29,251464730
110979,2017,CAMBRIDGE BANCORP,CATC,KPMG,4082000,79.8,325743600
110979,2018,CAMBRIDGE BANCORP,CATC,KPMG,4107000,83.25,341907750
111064,2016,ULTIMATE SOFTWARE GROUP INC,ULTI,KPMG,29345000,182.35,5351060750
111064,2017,ULTIMATE SOFTWARE GROUP INC,ULTI,KPMG,30130000,218.23,6575269900
111064,2018,ULTIMATE SOFTWARE GROUP INC,ULTI,KPMG,31328000,244.87,7671287360
111103,2016,MARINEMAX INC,HZO,KPMG,24286000,20.95,508791700
111103,2017,MARINEMAX INC,HZO,KPMG,21888000,16.55,362246400
111103,2018,MARINEMAX INC,HZO,KPMG,22671000,21.25,481758750
111179,2016,HAWTHORN BANCSHARES INC,HWBK,KPMG,5616000,17.7,99403200
111179,2017,HAWTHORN BANCSHARES INC,HWBK,KPMG,5798000,20.75,120308500
111179,2018,HAWTHORN BANCSHARES INC,HWBK,KPMG,6035000,21.03,126916050
111459,2016,FNBH BANCORP INC,FNHM,BDO Seidman,27771000,1.8,49987800
111486,2016,GILDAN ACTIVEWEAR INC,GIL,KPMG,230218000,25.37,5840630660
111486,2017,GILDAN ACTIVEWEAR INC,GIL,KPMG,219199000,32.3,7080127700
111486,2018,GILDAN ACTIVEWEAR INC,GIL,KPMG,206732000,30.36,6276383520
111491,2016,SCHOOL SPECIALTY INC,SCOO,Deloitte,1000000,100,100000000
111491,2017,SCHOOL SPECIALTY INC,SCOO,Grant Thornton,7000000,16.65,116550000
111491,2018,SCHOOL SPECIALTY INC,SCOO,Grant Thornton,7000000,7.1,49700000
111534,2016,MICROSTRATEGY INC,MSTR,KPMG,11435000,197.4,2257269000
111534,2017,MICROSTRATEGY INC,MSTR,KPMG,11447000,131.3,1502991100
111534,2018,MICROSTRATEGY INC,MSTR,KPMG,10587000,127.75,1352489250
111662,2016,BEBE STORES INC,BEBE,Deloitte,80051000,0.5031,40273658.1
111662,2017,BEBE STORES INC,BEBE,Deloitte,8096000,5.95,48171200
111864,2016,COGNIZANT TECH SOLUTIONS,CTSH,PwC,608000000,56.03,34066240000
111864,2017,COGNIZANT TECH SOLUTIONS,CTSH,PwC,588000000,71.02,41759760000
111864,2018,COGNIZANT TECH SOLUTIONS,CTSH,PwC,577000000,63.48,36627960000
111873,2016,RH,RH,PwC,40829000,27.02,1103199580
111873,2017,RH,RH,PwC,21517000,93.99,2022382830
111873,2018,RH,RH,PwC,20478000,135.87,2782345860
111880,2016,AMDOCS,DOX,E&Y,147134000,57.85,8511701900
111880,2017,AMDOCS,DOX,E&Y,144391000,64.32,9287229120
111880,2018,AMDOCS,DOX,E&Y,140177000,65.98,9248878460
111941,2016,GERDAU SA,GGB,PwC,1137019000,3.14,3570239660
111941,2017,GERDAU SA,GGB,KPMG,1137327000,3.72,4230856440
111941,2018,GERDAU SA,GGB,KPMG,1124234000,3.76,4227119840
112030,2016,CUMULUS MEDIA INC,CMLS,PwC,29307000,1.02,29893140
112030,2017,CUMULUS MEDIA INC,CMLS,PwC,29307000,0.075,2198025
112030,2018,CUMULUS MEDIA INC,CMLS,PwC,16556000,10.8,178804800
112034,2016,LMI AEROSPACE INC,LMIA,PwC,13625000,8.62,117447500
112111,2016,COSTAR GROUP INC,CSGP,E&Y,32606000,188.49,6145904940
112111,2017,COSTAR GROUP INC,CSGP,E&Y,36107000,296.95,10721973650
112111,2018,COSTAR GROUP INC,CSGP,E&Y,36446000,337.34,12294693640
112116,2016,POSTNL NV,PNLYY,E&Y,442805000,4.316,1911146380
112158,2016,CELESTICA INC,CLS,KPMG,140893000,11.85,1669582050
112158,2017,CELESTICA INC,CLS,KPMG,141809000,10.48,1486158320
112158,2018,CELESTICA INC,CLS,KPMG,136292000,8.77,1195280840
112168,2016,REPUBLIC SERVICES INC,RSG,E&Y,339400000,57.05,19362770000
112168,2017,REPUBLIC SERVICES INC,RSG,E&Y,331700000,67.61,22426237000
112168,2018,REPUBLIC SERVICES INC,RSG,E&Y,322500000,72.09,23249025000
112542,2018,HILLS BANCORPORATION,HBIA,BDO Seidman,8535000,60.75,518501250
112759,2016,CENTRUS ENERGY CORP,LEU,PwC,9000000,6.38,57420000
112759,2017,CENTRUS ENERGY CORP,LEU,PwC,9039000,4.01,36246390
112759,2018,CENTRUS ENERGY CORP,LEU,PwC,9437000,1.69,15948530
112819,2016,SHARPS COMPLIANCE CORP,SMED,BDO Seidman,15445000,4.39,67803550
112819,2017,SHARPS COMPLIANCE CORP,SMED,BDO Seidman,16008000,4.23,67713840
112819,2018,SHARPS COMPLIANCE CORP,SMED,BDO Seidman,16082000,3.69,59342580
112876,2016,ENTERPRISE PRODS PRTNRS  -LP,EPD,Deloitte,2117588000,27.04,57259579520
112876,2017,ENTERPRISE PRODS PRTNRS  -LP,EPD,Deloitte,2161089000,26.51,57290469390
112876,2018,ENTERPRISE PRODS PRTNRS  -LP,EPD,Deloitte,2184869000,24.59,53725928710
112968,2016,MANNATECH INC,MTEX,BDO Seidman,2689000,20.3,54586700
112968,2017,MANNATECH INC,MTEX,BDO Seidman,2703000,15,40545000
112968,2018,MANNATECH INC,MTEX,BDO Seidman,2381000,18.8,44762800
113419,2016,CONVERGYS CORP,CVG,E&Y,94700000,24.56,2325832000
113419,2017,CONVERGYS CORP,CVG,E&Y,91800000,23.5,2157300000
113490,2016,CROWN CASTLE INTL CORP,CCI,PwC,360537000,86.77,31283795490
113490,2017,CROWN CASTLE INTL CORP,CCI,PwC,406281000,111.01,45101253810
113490,2018,CROWN CASTLE INTL CORP,CCI,PwC,415000000,108.63,45081450000
114370,2016,IXYS CORP,IXYS,BDO Seidman,31912000,14.55,464319600
114524,2016,EBAY INC,EBAY,PwC,1087000000,29.69,32273030000
114524,2017,EBAY INC,EBAY,PwC,1029000000,37.74,38834460000
114524,2018,EBAY INC,EBAY,PwC,915000000,28.07,25684050000
114608,2016,POPEYES LOUISIANA KITCHEN,PLKI,PwC,20728000,60.48,1253629440
114628,2016,GOLDMAN SACHS GROUP INC,GS,PwC,414800000,239.45,99323860000
114628,2017,GOLDMAN SACHS GROUP INC,GS,PwC,388900000,254.76,99076164000
114628,2018,GOLDMAN SACHS GROUP INC,GS,PwC,380900000,167.05,63629345000
114927,2016,SWISSCOM AG,SCMWY,KPMG,518004000,44.876,23245947504
114927,2017,SWISSCOM AG,SCMWY,KPMG,518013000,53.207,27561917691
114927,2018,SWISSCOM AG,SCMWY,KPMG,518016000,47.647,24681908352
114956,2016,XENITH BANKSHARES INC,XBKS,KPMG,23124000,28.2,652096800
115044,2018,ALGONQUIN POWER & UTIL CORP,AQN,E&Y,488851000,10.05,4912952550
115404,2016,WEBMD HEALTH CORP,WBMD,E&Y,36739000,49.57,1821152230
115757,2016,AMERICAN OUTDOOR BRANDS CORP,AOBC,Deloitte,53850000,22.15,1192777500
115757,2017,AMERICAN OUTDOOR BRANDS CORP,AOBC,Deloitte,54267000,11,596937000
115757,2018,AMERICAN OUTDOOR BRANDS CORP,AOBC,Deloitte,54697000,9.85,538765450
115766,2016,FEDNAT HOLDING COMPANY,FNHC,E&Y,13473000,18.69,251810370
115766,2017,FEDNAT HOLDING COMPANY,FNHC,E&Y,12988000,16.57,215211160
115766,2018,FEDNAT HOLDING COMPANY,FNHC,E&Y,12784000,19.92,254657280
115876,2016,PROSPERITY BANCSHARES INC,PB,Deloitte,69491000,71.78,4988063980
115876,2017,PROSPERITY BANCSHARES INC,PB,Deloitte,69491000,70.07,4869234370
115876,2018,PROSPERITY BANCSHARES INC,PB,Deloitte,69847000,62.3,4351468100
116029,2016,PLAINS ALL AMER PIPELNE  -LP,PAA,PwC,669194000,32.29,21608274260
116029,2017,PLAINS ALL AMER PIPELNE  -LP,PAA,PwC,725189000,20.64,14967900960
116029,2018,PLAINS ALL AMER PIPELNE  -LP,PAA,PwC,726362000,20.04,14556294480
116504,2016,SLEEP NUMBER CORP,SNBR,Deloitte,43569000,22.62,985530780
116504,2017,SLEEP NUMBER CORP,SNBR,Deloitte,38813000,37.59,1458980670
116504,2018,SLEEP NUMBER CORP,SNBR,Deloitte,30868000,31.73,979441640
116772,2016,BLUCORA INC,BCOR,E&Y,41845000,14.75,617213750
116772,2017,BLUCORA INC,BCOR,E&Y,46366000,22.1,1024688600
116772,2018,BLUCORA INC,BCOR,E&Y,48044000,26.64,1279892160
116894,2016,COMMUNITY SHORES BANK CORP,CSHB,BDO Seidman,4102000,2.3,9434600
116894,2017,COMMUNITY SHORES BANK CORP,CSHB,BDO Seidman,4107000,3,12321000
117026,2016,GREENE COUNTY BANCORP INC,GCBC,BDO Seidman,8476000,16.27,137904520
117026,2017,GREENE COUNTY BANCORP INC,GCBC,BDO Seidman,8503000,27.2,231281600
117036,2018,GOLDEN ENTERTAINMENT INC,GDEN,E&Y,26779000,16.02,428999580
117116,2016,KAZIA THERAPEUTICS LTD,KZIA,Grant Thornton,17189000,1.87,32143430
117116,2017,KAZIA THERAPEUTICS LTD,KZIA,Grant Thornton,19332000,0.9,17398800
117116,2018,KAZIA THERAPEUTICS LTD,KZIA,Grant Thornton,4841000,2.96,14329360
117141,2016,ENTERPRISE FINL SERVICES CP,EFSC,Deloitte,20044000,43,861892000
117141,2017,ENTERPRISE FINL SERVICES CP,EFSC,Deloitte,23089000,45.15,1042468350
117141,2018,ENTERPRISE FINL SERVICES CP,EFSC,Deloitte,22812000,37.63,858415560
117260,2016,HERSHA HOSPITALITY TRUST,HT,KPMG,41771000,21.5,898076500
117260,2017,HERSHA HOSPITALITY TRUST,HT,KPMG,39917000,17.4,694555800
117260,2018,HERSHA HOSPITALITY TRUST,HT,KPMG,39459000,17.54,692110860
117768,2016,NVIDIA CORP,NVDA,PwC,585000000,109.18,63870300000
117768,2017,NVIDIA CORP,NVDA,PwC,606000000,245.8,1.48955E+11
117768,2018,NVIDIA CORP,NVDA,PwC,606000000,143.75,87112500000
117829,2016,AURINIA PHARMACEUTICALS INC,AUPH,PwC,52808000,2.1,110896800
117829,2017,AURINIA PHARMACEUTICALS INC,AUPH,PwC,84052000,4.53,380755560
117829,2018,AURINIA PHARMACEUTICALS INC,AUPH,PwC,85500000,6.82,583110000
117861,2016,AMERICAN AXLE & MFG HOLDINGS,AXL,Deloitte,76500000,19.3,1476450000
117861,2017,AMERICAN AXLE & MFG HOLDINGS,AXL,Deloitte,111300000,17.03,1895439000
117861,2018,AMERICAN AXLE & MFG HOLDINGS,AXL,Deloitte,111700000,11.1,1239870000
117902,2016,ENTERCOM COMMUNICATIONS CORP,ETM,PwC,40708000,15.3,622832400
117902,2017,ENTERCOM COMMUNICATIONS CORP,ETM,PwC,143721000,10.8,1552186800
117902,2018,ENTERCOM COMMUNICATIONS CORP,ETM,PwC,141225000,5.71,806394750
118042,2016,EAST WEST BANCORP INC,EWBC,KPMG,144167000,50.83,7328008610
118042,2017,EAST WEST BANCORP INC,EWBC,KPMG,144543000,60.83,8792550690
118042,2018,EAST WEST BANCORP INC,EWBC,KPMG,144961000,43.53,6310152330
118081,2016,ALBANY MOLECULAR RESH INC,AMRI,KPMG,42892000,18.76,804653920
118122,2016,APTIV PLC,APTV,E&Y,269790000,67.35,18170356500
118122,2017,APTIV PLC,APTV,E&Y,265840000,84.83,22551207200
118122,2018,APTIV PLC,APTV,E&Y,259991000,61.57,16007645870
118223,2016,BOTTOMLINE TECHNOLOGIES INC,EPAY,E&Y,37770000,21.53,813188100
118223,2017,BOTTOMLINE TECHNOLOGIES INC,EPAY,E&Y,37443000,25.69,961910670
118223,2018,BOTTOMLINE TECHNOLOGIES INC,EPAY,E&Y,39028000,49.83,1944765240
118261,2016,FOREVERGREEN WORLDWIDE CORP,FVRG,Deloitte,25692000,0.239,6140388
118264,2016,GAMCO INVESTORS INC,GBL,Deloitte,29463000,30.89,910112070
118264,2017,GAMCO INVESTORS INC,GBL,Deloitte,28974000,29.65,859079100
118264,2018,GAMCO INVESTORS INC,GBL,Deloitte,28982000,16.89,489505980
118267,2016,KORN FERRY,KFY,E&Y,56938000,32.4,1844791200
118267,2017,KORN FERRY,KFY,E&Y,56517000,53.46,3021398820
118267,2018,KORN FERRY,KFY,E&Y,56431000,47.02,2653385620
118502,2016,CEB INC,CEB,E&Y,32242000,60.6,1953865200
119275,2016,MKS INSTRUMENTS INC,MKSI,PwC,53673000,59.4,3188176200
119275,2017,MKS INSTRUMENTS INC,MKSI,PwC,54356000,94.5,5136642000
119275,2018,MKS INSTRUMENTS INC,MKSI,PwC,54040000,64.61,3491524400
119314,2016,BOOKING HOLDINGS INC,BKNG,Deloitte,49188000,1466.06,72112559280
119314,2017,BOOKING HOLDINGS INC,BKNG,Deloitte,48472000,1737.74,84231733280
119314,2018,BOOKING HOLDINGS INC,BKNG,Deloitte,45632000,1722.42,78597469440
119316,2016,TREX CO INC,TREX,E&Y,29401000,64.4,1893424400
119316,2017,TREX CO INC,TREX,E&Y,29428000,108.39,3189700920
119316,2018,TREX CO INC,TREX,E&Y,58552000,59.36,3475646720
119414,2016,CAPITOL FEDERAL FINL INC,CFFN,Deloitte,133447000,14.07,1877599290
119414,2017,CAPITOL FEDERAL FINL INC,CFFN,Deloitte,134368000,14.7,1975209600
119414,2018,CAPITOL FEDERAL FINL INC,CFFN,Deloitte,137538000,12.74,1752234120
119513,2016,OPTIBASE LTD,OBAS,E&Y,5172000,7.75,40083000
119513,2017,OPTIBASE LTD,OBAS,E&Y,5180000,7.9582,41223476
119513,2018,OPTIBASE LTD,OBAS,E&Y,5198000,8.6733,45083813.4
119574,2016,EXTREME NETWORKS INC,EXTR,KPMG,104943000,3.39,355756770
119574,2017,EXTREME NETWORKS INC,EXTR,KPMG,110925000,9.22,1022728500
119574,2018,EXTREME NETWORKS INC,EXTR,KPMG,116124000,7.96,924347040
119594,2016,HUGOTON ROYALTY TRUST,HGTXU,PwC,40000000,2.15,86000000
119594,2017,HUGOTON ROYALTY TRUST,HGTXU,PwC,40000000,1.4,56000000
119594,2018,HUGOTON ROYALTY TRUST,HGTXU,PwC,40000000,0.54,21600000
119617,2016,APOLLO MEDICAL HLDG INC-OLD,7687B,BDO Seidman,6034000,9,54306000
119714,2016,ATLANTICUS HOLDINGS CORP,ATLC,BDO Seidman,15348000,2.8392,43576041.6
119714,2017,ATLANTICUS HOLDINGS CORP,ATLC,BDO Seidman,15292000,2.4,36700800
119714,2018,ATLANTICUS HOLDINGS CORP,ATLC,BDO Seidman,15564000,3.64,56652960
120048,2016,HEIDRICK & STRUGGLES INTL,HSII,KPMG,18578000,24.15,448658700
120048,2017,HEIDRICK & STRUGGLES INTL,HSII,KPMG,18781000,24.55,461073550
120093,2016,CNX RESOURCES CORPORATION,CNX,E&Y,229443000,18.23,4182745890
120093,2017,CNX RESOURCES CORPORATION,CNX,E&Y,223743000,14.63,3273360090
120093,2018,CNX RESOURCES CORPORATION,CNX,E&Y,198663000,11.42,2268731460
120297,2016,LIFEPOINT HEALTH INC,LPNT,E&Y,39943000,56.8,2268762400
120297,2017,LIFEPOINT HEALTH INC,LPNT,E&Y,39358000,49.8,1960028400
120301,2016,URBAN ONE INC,UONEK,BDO Seidman,48643000,2.9,141064700
120301,2017,URBAN ONE INC,UONEK,BDO Seidman,48447000,1.75,84782250
120301,2018,URBAN ONE INC,UONEK,BDO Seidman,46274000,1.61,74501140
120334,2016,SIERRA WIRELESS INC,SWIR,E&Y,31505000,15.7,494628500
120334,2017,SIERRA WIRELESS INC,SWIR,E&Y,35640000,20.45,728838000
120334,2018,SIERRA WIRELESS INC,SWIR,E&Y,35947000,13.43,482768210
120358,2016,THESTREET INC,TST,BDO Seidman,35421000,0.85,30107850
120358,2017,THESTREET INC,TST,BDO Seidman,49181000,1.45,71312450
120358,2018,THESTREET INC,TST,BDO Seidman,49741000,2.03,100974230
120444,2016,WESCO INTL INC,WCC,PwC,48611000,66.55,3235062050
120444,2017,WESCO INTL INC,WCC,PwC,47010000,68.15,3203731500
120444,2018,WESCO INTL INC,WCC,PwC,45106000,48,2165088000
120458,2016,BANKRATE INC,RATE,Grant Thornton,90072000,11.05,995295600
120774,2016,BROCADE COMMUNICATIONS SYS,BRCD,KPMG,401748000,10.6,4258528800
120794,2016,TC PIPELINES LP,TCP,KPMG,69355000,58.84,4080848200
120794,2017,TC PIPELINES LP,TCP,KPMG,72473000,53.1,3848316300
120794,2018,TC PIPELINES LP,TCP,KPMG,73206000,32.12,2351376720
120824,2016,U S CONCRETE INC,USCR,Grant Thornton,15696000,65.5,1028088000
120824,2017,U S CONCRETE INC,USCR,E&Y,16652000,83.65,1392939800
120824,2018,U S CONCRETE INC,USCR,E&Y,16631000,35.28,586741680
120860,2016,AUDIOCODES LTD,AUDC,E&Y,32411000,6.35,205809850
120860,2017,AUDIOCODES LTD,AUDC,E&Y,29443000,7.36,216700480
120860,2018,AUDIOCODES LTD,AUDC,E&Y,29091000,9.88,287419080
120877,2016,REYNOLDS AMERICAN INC,RAI,KPMG,1425825000,56.04,79903233000
121077,2016,F5 NETWORKS INC,FFIV,PwC,65315000,124.64,8140861600
121077,2017,F5 NETWORKS INC,FFIV,PwC,62594000,120.56,7546332640
121077,2018,F5 NETWORKS INC,FFIV,PwC,60215000,199.42,12008075300
121142,2016,SKECHERS U S A INC,SKX,BDO Seidman,154931000,24.58,3808203980
121142,2017,SKECHERS U S A INC,SKX,BDO Seidman,156329000,37.84,5915489360
121142,2018,SKECHERS U S A INC,SKX,BDO Seidman,153508000,22.89,3513798120
121257,2016,GREAT ELM CAPITAL GROUP INC,GEC,Grant Thornton,9467000,6.59,62387530
121257,2017,GREAT ELM CAPITAL GROUP INC,GEC,Deloitte,23200000,3.4,78880000
121257,2018,GREAT ELM CAPITAL GROUP INC,GEC,Deloitte,24718000,3.6,88984800
121382,2016,SBA COMMUNICATIONS CORP,SBAC,E&Y,121004000,103.26,12494873040
121382,2017,SBA COMMUNICATIONS CORP,SBAC,E&Y,116446000,163.36,19022618560
121382,2018,SBA COMMUNICATIONS CORP,SBAC,E&Y,112433000,161.89,18201778370
121440,2016,UNITED THERAPEUTICS CORP,UTHR,E&Y,42966000,143.43,6162613380
121440,2017,UNITED THERAPEUTICS CORP,UTHR,E&Y,43240000,147.95,6397358000
121440,2018,UNITED THERAPEUTICS CORP,UTHR,E&Y,43588000,108.9,4746733200
121673,2016,STAMPS.COM INC,STMP,E&Y,16897000,114.65,1937241050
121673,2017,STAMPS.COM INC,STMP,E&Y,17573000,188,3303724000
121673,2018,STAMPS.COM INC,STMP,E&Y,17662000,155.64,2748913680
121713,2016,FINANCIAL INSTITUTIONS INC,FISI,KPMG,14538000,34.2,497199600
121713,2017,FINANCIAL INSTITUTIONS INC,FISI,KPMG,15925000,31.1,495267500
121718,2016,JUNIPER NETWORKS INC,JNPR,E&Y,381100000,28.26,10769886000
121718,2017,JUNIPER NETWORKS INC,JNPR,E&Y,365500000,28.5,10416750000
121718,2018,JUNIPER NETWORKS INC,JNPR,E&Y,346400000,26.91,9321624000
121793,2016,CYREN LTD,CYRN,E&Y,39174000,2.15,84224100
121793,2017,CYREN LTD,CYRN,E&Y,53376000,2.5,133440000
121793,2018,CYREN LTD,CYRN,E&Y,54057000,3,162171000
121815,2016,ENCORE CAPITAL GROUP INC,ECPG,BDO Seidman,25593000,28.65,733239450
121815,2017,ENCORE CAPITAL GROUP INC,ECPG,BDO Seidman,25801000,42.1,1086222100
121815,2018,ENCORE CAPITAL GROUP INC,ECPG,BDO Seidman,30884000,23.5,725774000
121816,2016,PRIVATEBANCORP INC,PVTB,E&Y,79849000,54.19,4327017310
122078,2016,NIC INC,EGOV,E&Y,65982000,23.9,1576969800
122078,2017,NIC INC,EGOV,E&Y,66271000,16.6,1100098600
122078,2018,NIC INC,EGOV,E&Y,66569000,12.48,830781120
122172,2016,J2 GLOBAL INC,JCOM,BDO Seidman,47444000,81.8,3880919200
122172,2017,J2 GLOBAL INC,JCOM,BDO Seidman,47855000,75.03,3590560650
122172,2018,J2 GLOBAL INC,JCOM,BDO Seidman,47483000,69.38,3294370540
122202,2016,DESTINY MEDIA TECHNOLOGIES,DSNY,BDO Seidman,55014000,0.2,11002800
122202,2017,DESTINY MEDIA TECHNOLOGIES,DSNY,BDO Seidman,55014000,0.21,11552940
122202,2018,DESTINY MEDIA TECHNOLOGIES,DSNY,BDO Seidman,55014000,0.195,10727730
122211,2016,HOOKER FURNITURE CORP,HOFT,KPMG,11563000,33.2,383891600
122211,2017,HOOKER FURNITURE CORP,HOFT,KPMG,11762000,37.15,436958300
122211,2018,HOOKER FURNITURE CORP,HOFT,KPMG,11785000,28.77,339054450
122212,2016,GENERAL MOLY INC,GMO,PwC,110611000,0.2501,27663811.1
122212,2017,GENERAL MOLY INC,GMO,PwC,125802000,0.3294,41439178.8
122212,2018,GENERAL MOLY INC,GMO,PwC,137115000,0.2247,30809740.5
122257,2016,BIOMARIN PHARMACEUTICAL INC,BMRN,KPMG,172648000,82.84,14302160320
122257,2017,BIOMARIN PHARMACEUTICAL INC,BMRN,KPMG,175844000,89.17,15680009480
122257,2018,BIOMARIN PHARMACEUTICAL INC,BMRN,KPMG,178253000,85.15,15178242950
122263,2016,PRISM TECHNOLOGIES GROUP INC,PRZM,E&Y,10074000,0.3,3022200
122380,2016,LENNOX INTERNATIONAL INC,LII,KPMG,42975000,153.17,6582480750
122380,2017,LENNOX INTERNATIONAL INC,LII,KPMG,41809000,208.26,8707142340
122380,2018,LENNOX INTERNATIONAL INC,LII,KPMG,39858000,218.86,8723321880
122394,2016,PERFICIENT INC,PRFT,KPMG,33866000,17.49,592316340
122394,2017,PERFICIENT INC,PRFT,KPMG,33250000,19.07,634077500
122394,2018,PERFICIENT INC,PRFT,KPMG,31771000,22.26,707222460
122519,2016,1-800-FLOWERS.COM,FLWS,BDO Seidman,65240000,9.02,588464800
122519,2017,1-800-FLOWERS.COM,FLWS,BDO Seidman,65140000,9.75,635115000
122519,2018,1-800-FLOWERS.COM,FLWS,BDO Seidman,64635000,12.55,811169250
122536,2016,ACTUA CORP,ACTA,KPMG,34937000,14,489118000
122536,2017,ACTUA CORP,ACTA,KPMG,31879000,15.6,497312400
122537,2016,INTERNET INITIATIVE JAPAN INC,IIJIY,Deloitte,90121000,9.01,811990210
122537,2017,INTERNET INITIATIVE JAPAN INC,IIJIY,Deloitte,90126000,10.15,914778900
122777,2016,POINTS INTERNATIONAL LTD,PCOM,KPMG,14879000,7.64,113675560
122777,2017,POINTS INTERNATIONAL LTD,PCOM,KPMG,14561000,10.29,149832690
122777,2018,POINTS INTERNATIONAL LTD,PCOM,KPMG,14112000,9.96,140555520
122841,2016,RED HAT INC,RHT,PwC,176902000,82.81,14649254620
122841,2017,RED HAT INC,RHT,PwC,177074000,147.4,26100707600
122841,2018,RED HAT INC,RHT,PwC,176801000,182.6,32283862600
122874,2016,INTERNET GOLD-GOLDEN LINES,IGLD,KPMG,19203000,11.8999,228513779.7
122874,2017,INTERNET GOLD-GOLDEN LINES,IGLD,KPMG,19203000,8.45,162265350
122874,2018,INTERNET GOLD-GOLDEN LINES,IGLD,KPMG,28003000,1.5921,44583576.3
122902,2016,NETSCOUT SYSTEMS INC,NTCT,PwC,92041000,37.95,3492955950
122902,2017,NETSCOUT SYSTEMS INC,NTCT,PwC,80270000,26.35,2115114500
122902,2018,NETSCOUT SYSTEMS INC,NTCT,PwC,77610000,28.07,2178512700
122915,2016,ALLIANCE RESOURCE PTNRS  -LP,ARLP,E&Y,74375000,22.45,1669718750
122915,2017,ALLIANCE RESOURCE PTNRS  -LP,ARLP,E&Y,130704000,19.7,2574868800
122915,2018,ALLIANCE RESOURCE PTNRS  -LP,ARLP,E&Y,128096000,17.34,2221184640
123435,2016,LICT CORP,LICT,BDO Seidman,21000,5950,124950000
123435,2017,LICT CORP,LICT,BDO Seidman,21000,11650,244650000
123435,2018,LICT CORP,LICT,BDO Seidman,20000,14450,289000000
123455,2016,ALAMOS GOLD INC,AGI,KPMG,267076000,6.84,1826799840
123455,2017,ALAMOS GOLD INC,AGI,KPMG,389102000,6.51,2533054020
123455,2018,ALAMOS GOLD INC,AGI,KPMG,391250000,3.6,1408500000
123955,2016,PMI RESOURCES LTD-OLD,7661B,KPMG,9912000,0.2925,2899260
124046,2016,SENIOR HOUSING PPTYS TRUST,SNH,E&Y,237544000,18.93,4496707920
124046,2017,SENIOR HOUSING PPTYS TRUST,SNH,E&Y,237630000,19.15,4550614500
124046,2018,SENIOR HOUSING PPTYS TRUST,SNH,E&Y,237730000,11.72,2786195600
124254,2016,OMNOVA SOLUTIONS INC,OMN,E&Y,45100000,9.6,432960000
124254,2017,OMNOVA SOLUTIONS INC,OMN,E&Y,44800000,10.7,479360000
124254,2018,OMNOVA SOLUTIONS INC,OMN,E&Y,44900000,8.15,365935000
124358,2016,INTERNAP CORP,INAP,PwC,57799000,1.54,89010460
124358,2017,INTERNAP CORP,INAP,BDO Seidman,20804000,15.71,326830840
124358,2018,INTERNAP CORP,INAP,BDO Seidman,25455000,4.15,105638250
124434,2016,BLACKROCK INC,BLK,Deloitte,163121000,380.54,62074065340
124434,2017,BLACKROCK INC,BLK,Deloitte,161047000,513.71,82731454370
124434,2018,BLACKROCK INC,BLK,Deloitte,158520000,392.82,62269826400
124617,2016,ULTRAPAR PARTICIPACOES SA,UGP,Deloitte,543274000,20.74,11267502760
124617,2017,ULTRAPAR PARTICIPACOES SA,UGP,KPMG,543364000,22.73,12350663720
124617,2018,ULTRAPAR PARTICIPACOES SA,UGP,KPMG,543015000,13.54,7352423100
124634,2016,AOXING PHARMACEUTICAL CO INC,AOXG,BDO Seidman,76209000,0.65,49535850
124775,2016,CIRCOR INTL INC,CIR,PwC,16445000,64.88,1066951600
124775,2017,CIRCOR INTL INC,CIR,PwC,19785000,48.68,963133800
124775,2018,CIRCOR INTL INC,CIR,PwC,19845000,21.3,422698500
125014,2016,PCTEL INC,PCTI,Grant Thornton,17335000,5.38,93262300
125014,2017,PCTEL INC,PCTI,Grant Thornton,17807000,7.37,131237590
125014,2018,PCTEL INC,PCTI,Grant Thornton,18271000,4.29,78382590
125074,2016,RADWARE LTD,RDWR,E&Y,43189000,14.58,629695620
125074,2017,RADWARE LTD,RDWR,E&Y,44134000,19.4,856199600
125074,2018,RADWARE LTD,RDWR,E&Y,46347000,22.71,1052540370
125114,2016,JACADA LTD,JCDAF,E&Y,4518000,5.13,23177340
125240,2016,WORLD WRESTLING ENTMT INC,WWE,Deloitte,76405000,18.4,1405852000
125240,2017,WORLD WRESTLING ENTMT INC,WWE,Deloitte,77107000,30.58,2357932060
125240,2018,WORLD WRESTLING ENTMT INC,WWE,Deloitte,78024000,74.72,5829953280
125378,2016,PARTNER COMMUNICATIONS CO,PTNR,PwC,156993000,4.69,736297170
125378,2017,PARTNER COMMUNICATIONS CO,PTNR,PwC,168244000,6.1516,1034969790
125378,2018,PARTNER COMMUNICATIONS CO,PTNR,PwC,162628000,4.72,767604160
125595,2016,AKAMAI TECHNOLOGIES INC,AKAM,PwC,173255000,66.68,11552643400
125595,2017,AKAMAI TECHNOLOGIES INC,AKAM,PwC,169893000,65.04,11049840720
125595,2018,AKAMAI TECHNOLOGIES INC,AKAM,PwC,162905000,61.08,9950237400
125600,2016,TELKONET INC,TKOI,BDO Seidman,132774000,0.1385,18389199
125600,2017,TELKONET INC,TKOI,BDO Seidman,133695000,0.1245,16645027.5
125600,2018,TELKONET INC,TKOI,BDO Seidman,134793000,0.1125,15164212.5
125604,2016,PLUG POWER INC,PLUG,KPMG,191142000,1.2,229370400
125604,2017,PLUG POWER INC,PLUG,KPMG,228486000,2.36,539226960
125604,2018,PLUG POWER INC,PLUG,KPMG,219158000,1.24,271755920
125863,2017,TECHNICOLOR SA,TCLRY,Deloitte,413483000,3.446,1424862418
125975,2016,COLLECTORS UNIVERSE INC,CLCT,Grant Thornton,8898000,19.75,175735500
125975,2017,COLLECTORS UNIVERSE INC,CLCT,Grant Thornton,8921000,24.85,221686850
125975,2018,COLLECTORS UNIVERSE INC,CLCT,Grant Thornton,9015000,14.74,132881100
126056,2016,KRATOS DEFENSE & SECURITY,KTOS,Deloitte,73946000,7.4,547200400
126056,2017,KRATOS DEFENSE & SECURITY,KTOS,Deloitte,103298000,10.59,1093925820
126056,2018,KRATOS DEFENSE & SECURITY,KTOS,Deloitte,103767000,14.09,1462077030
126136,2016,CHARTER COMMUNICATIONS INC,CHTR,KPMG,268898000,287.92,77421112160
126136,2017,CHARTER COMMUNICATIONS INC,CHTR,KPMG,238506000,335.96,80128475760
126136,2018,CHARTER COMMUNICATIONS INC,CHTR,KPMG,225354000,284.97,64219129380
126296,2016,EXPEDIA GROUP INC,EXPE,E&Y,150032000,113.28,16995624960
126296,2017,EXPEDIA GROUP INC,EXPE,E&Y,151739000,119.77,18173780030
126296,2018,EXPEDIA GROUP INC,EXPE,E&Y,147134000,112.65,16574645100
126318,2016,IMMERSION CORP,IMMR,Deloitte,28918000,10.63,307398340
126318,2017,IMMERSION CORP,IMMR,Deloitte,29264000,7.06,206603840
126318,2018,IMMERSION CORP,IMMR,Deloitte,30829000,8.96,276227840
126417,2016,FINISAR CORP,FNSR,BDO Seidman,111519000,22.84,2547093960
126417,2017,FINISAR CORP,FNSR,BDO Seidman,114813000,15.58,1788786540
126417,2018,FINISAR CORP,FNSR,BDO Seidman,118006000,24.11,2845124660
126423,2016,RUDOLPH TECHNOLOGIES INC,RTEC,E&Y,31127000,23.35,726815450
126423,2017,RUDOLPH TECHNOLOGIES INC,RTEC,E&Y,31604000,23.9,755335600
126423,2018,RUDOLPH TECHNOLOGIES INC,RTEC,E&Y,30906000,20.47,632645820
126462,2016,NZCH CORP,ZPCM,KPMG,50004000,0.3,15001200
126496,2016,CARTESIAN INC,CRTN,Deloitte,8986000,0.9094,8171868.4
126496,2017,CARTESIAN INC,CRTN,Grant Thornton,9447000,0.163,1539861
126554,2016,AGILENT TECHNOLOGIES INC,A,PwC,323461000,43.57,14093195770
126554,2017,AGILENT TECHNOLOGIES INC,A,PwC,321975000,68.03,21903959250
126554,2018,AGILENT TECHNOLOGIES INC,A,PwC,317715000,64.79,20584754850
126596,2016,I-CABLE COMMUNICATIONS LTD,ICABY,KPMG,100576000,2.012,202358912
126596,2017,I-CABLE COMMUNICATIONS LTD,ICABY,KPMG,310301000,0.586,181836386
126596,2018,I-CABLE COMMUNICATIONS LTD,ICABY,PwC,310301000,0.301,93400601
126718,2016,PFSWEB INC,PFSW,BDO Seidman,18735000,8.5,159247500
126718,2017,PFSWEB INC,PFSW,BDO Seidman,19025000,7.43,141355750
126718,2018,PFSWEB INC,PFSW,BDO Seidman,19261000,5.13,98808930
126721,2016,TELEDYNE TECHNOLOGIES INC,TDY,Deloitte,35111000,123,4318653000
126721,2017,TELEDYNE TECHNOLOGIES INC,TDY,Deloitte,35540000,181.15,6438071000
126721,2018,TELEDYNE TECHNOLOGIES INC,TDY,Deloitte,36087000,207.07,7472535090
127094,2016,XO GROUP INC,XOXO,E&Y,26305000,19.45,511632250
127094,2017,XO GROUP INC,XOXO,E&Y,25697000,18.46,474366620
127114,2016,METALINK LTD,MTLK,Deloitte,2691000,1.45,3901950
127377,2016,BGC PARTNERS INC,BGCP,E&Y,279718000,10.23,2861515140
127377,2017,BGC PARTNERS INC,BGCP,E&Y,291816000,15.11,4409339760
127377,2018,BGC PARTNERS INC,BGCP,E&Y,337359000,5.17,1744146030
128121,2016,QUARTERHILL INC,QTRH,PwC,118572000,1.63,193272360
128121,2017,QUARTERHILL INC,QTRH,PwC,118658000,1.84,218330720
128121,2018,QUARTERHILL INC,QTRH,PwC,118817000,0.9874,117319905.8
128978,2016,PACKAGING CORP OF AMERICA,PKG,KPMG,94213000,84.82,7991146660
128978,2017,PACKAGING CORP OF AMERICA,PKG,KPMG,94350000,120.55,11373892500
128978,2018,PACKAGING CORP OF AMERICA,PKG,KPMG,94497000,83.46,7886719620
129466,2016,AGENUS INC,AGEN,KPMG,87795000,4.12,361715400
129466,2017,AGENUS INC,AGEN,KPMG,101706000,3.26,331561560
129466,2018,AGENUS INC,AGEN,KPMG,119996000,2.38,285590480
129840,2016,MATTERSIGHT CORP,MATR,Grant Thornton,26623000,3.7,98505100
129840,2017,MATTERSIGHT CORP,MATR,Grant Thornton,33040000,2.55,84252000
130498,2016,GIGAMEDIA LTD,GIGM,KPMG,11052000,2.92,32271840
130498,2017,GIGAMEDIA LTD,GIGM,Deloitte,11052000,3.0399,33596974.8
130498,2018,GIGAMEDIA LTD,GIGM,Deloitte,11052000,3,33156000
130525,2018,AMERICAS SILVER CORP,USAS,PwC,43402000,1.65,71613300
130762,2016,INTERSIL CORP  -CL A,ISIL,KPMG,137733000,22.3,3071445900
132525,2016,UTSTARCOM HOLDINGS CORP,UTSI,Grant Thornton,35225000,2,70450000
132525,2017,UTSTARCOM HOLDINGS CORP,UTSI,Grant Thornton,35506000,5.63,199898780
132525,2018,UTSTARCOM HOLDINGS CORP,UTSI,Grant Thornton,35318000,2.719,96029642
132740,2016,INFINEON TECHNOLOGIES AG,IFNNY,KPMG,1126673000,17.846,20106606358
132740,2017,INFINEON TECHNOLOGIES AG,IFNNY,KPMG,1130201000,25.145,28418904145
132740,2018,INFINEON TECHNOLOGIES AG,IFNNY,KPMG,1130996000,22.73,25707539080
132799,2016,COSTAR TECHNOLOGIES INC,CSTI,E&Y,1493000,8.35,12466550
133104,2016,KT CORP,KT,PwC,489943000,14.09,6903296870
133104,2017,KT CORP,KT,PwC,490194000,15.61,7651928340
133104,2018,KT CORP,KT,PwC,490290000,14.22,6971923800
133288,2016,SILICON LABORATORIES INC,SLAB,E&Y,41889000,65,2722785000
133288,2017,SILICON LABORATORIES INC,SLAB,E&Y,42707000,88.3,3771028100
133288,2018,SILICON LABORATORIES INC,SLAB,E&Y,43088000,78.81,3395765280
133366,2016,EDWARDS LIFESCIENCES CORP,EW,PwC,211600000,93.7,19826920000
133366,2017,EDWARDS LIFESCIENCES CORP,EW,PwC,209700000,112.71,23635287000
133366,2018,EDWARDS LIFESCIENCES CORP,EW,PwC,207700000,153.17,31813409000
133367,2016,EDGEWELL PERSONAL CARE CO,EPC,PwC,57914000,79.52,4605321280
133367,2017,EDGEWELL PERSONAL CARE CO,EPC,PwC,56018000,72.77,4076429860
133367,2018,EDGEWELL PERSONAL CARE CO,EPC,PwC,54040000,46.23,2498269200
133468,2016,RIGEL PHARMACEUTICALS INC,RIGL,E&Y,99269000,2.38,236260220
133468,2017,RIGEL PHARMACEUTICALS INC,RIGL,E&Y,146815000,3.88,569642200
133468,2018,RIGEL PHARMACEUTICALS INC,RIGL,E&Y,167172000,2.3,384495600
133504,2016,LUMINEX CORP,LMNX,E&Y,42802000,20.23,865884460
133504,2017,LUMINEX CORP,LMNX,E&Y,43404000,19.7,855058800
133504,2018,LUMINEX CORP,LMNX,E&Y,43899000,23.11,1014505890
133525,2016,GLOBAL SOURCES LTD,GSOL,PwC,23937000,8.85,211842450
133564,2016,CAMTEK LTD,CAMT,KPMG,35348000,3.29,116294920
133564,2017,CAMTEK LTD,CAMT,KPMG,35832000,5.72,204959040
133564,2018,CAMTEK LTD,CAMT,KPMG,36443000,6.77,246719110
133726,2016,CABOT MICROELECTRONICS CORP,CCMP,PwC,24516000,52.91,1297141560
133726,2017,CABOT MICROELECTRONICS CORP,CCMP,PwC,25283000,79.93,2020870190
133726,2018,CABOT MICROELECTRONICS CORP,CCMP,PwC,25506000,103.17,2631454020
133766,2016,HEALTHSTREAM INC,HSTM,E&Y,31748000,25.05,795287400
133766,2017,HEALTHSTREAM INC,HSTM,E&Y,31908000,23.16,738989280
133766,2018,HEALTHSTREAM INC,HSTM,E&Y,32325000,24.15,780648750
133768,2016,METLIFE INC,MET,Deloitte,1095519000,53.89,59037518910
133768,2017,METLIFE INC,MET,Deloitte,1043588000,50.56,52763809280
133768,2018,METLIFE INC,MET,Deloitte,958614000,41.06,39360690840
133825,2016,SUPPORT.COM INC,SPRT,BDO Seidman,55644000,0.86,47853840
133868,2016,LEXICON PHARMACEUTICALS INC,LXRX,E&Y,104276000,13.83,1442137080
133868,2017,LEXICON PHARMACEUTICALS INC,LXRX,E&Y,105589000,9.88,1043219320
133868,2018,LEXICON PHARMACEUTICALS INC,LXRX,E&Y,105926000,6.64,703348640
133869,2016,LIVEPERSON INC,LPSN,BDO Seidman,55936000,7.55,422316800
133869,2017,LIVEPERSON INC,LPSN,BDO Seidman,57076000,11.5,656374000
133869,2018,LIVEPERSON INC,LPSN,BDO Seidman,60995000,18.86,1150365700
133870,2016,PETROCHINA CO LTD,PTR,KPMG,1830210000,73.7,1.34886E+11
133870,2017,PETROCHINA CO LTD,PTR,KPMG,1830210000,69.94,1.28005E+11
133870,2018,PETROCHINA CO LTD,PTR,KPMG,1830210000,61.55,1.12649E+11
133871,2016,SANGAMO THERAPEUTICS INC,SGMO,E&Y,70872000,3.05,216159600
133871,2017,SANGAMO THERAPEUTICS INC,SGMO,E&Y,85599000,16.4,1403823600
133871,2018,SANGAMO THERAPEUTICS INC,SGMO,E&Y,102187000,11.48,1173106760
133885,2016,EXELIXIS INC,EXEL,E&Y,289924000,14.91,4322766840
133885,2017,EXELIXIS INC,EXEL,E&Y,296209000,30.4,9004753600
133885,2018,EXELIXIS INC,EXEL,E&Y,299876000,19.67,5898560920
133905,2016,NOVA MEASURING INSTRUMENTS,NVMI,E&Y,27351000,13.16,359939160
133905,2017,NOVA MEASURING INSTRUMENTS,NVMI,E&Y,27898000,25.91,722837180
133905,2018,NOVA MEASURING INSTRUMENTS,NVMI,E&Y,27918000,22.78,635972040
133944,2016,OCLARO INC,OCLR,Grant Thornton,112207000,4.88,547570160
133944,2017,OCLARO INC,OCLR,Grant Thornton,167639000,9.34,1565748260
133944,2018,OCLARO INC,OCLR,Grant Thornton,170675000,8.93,1524127750
134044,2016,SINA CORP,SINA,PwC,70937000,60.79,4312260230
134044,2017,SINA CORP,SINA,PwC,71410000,100.31,7163137100
134044,2018,SINA CORP,SINA,PwC,69368000,53.64,3720899520
134305,2016,MAG SILVER CORP,MAG,Deloitte,80704000,11.03,890165120
134305,2017,MAG SILVER CORP,MAG,Deloitte,85479000,12.36,1056520440
134305,2018,MAG SILVER CORP,MAG,Deloitte,85539000,7.3,624434700
134450,2016,KIEWIT ROYALTY TRUST,KIRY,Deloitte,12633000,0.41,5179530
134450,2017,KIEWIT ROYALTY TRUST,KIRY,Deloitte,12633000,0.51,6442830
134450,2018,KIEWIT ROYALTY TRUST,KIRY,Deloitte,12633000,0.45,5684850
134932,2016,ON SEMICONDUCTOR CORP,ON,PwC,418942000,12.76,5345699920
134932,2017,ON SEMICONDUCTOR CORP,ON,PwC,425118000,20.94,8901970920
134932,2018,ON SEMICONDUCTOR CORP,ON,PwC,413834000,16.51,6832399340
135044,2016,PIXELWORKS INC,PXLW,KPMG,28886000,2.8,80880800
135044,2017,PIXELWORKS INC,PXLW,KPMG,34651000,6.33,219340830
135044,2018,PIXELWORKS INC,PXLW,KPMG,36937000,2.9,107117300
135425,2016,TWO RIVER BANCORP,TRCB,BDO Seidman,7966000,14.92,118852720
135425,2017,TWO RIVER BANCORP,TRCB,BDO Seidman,8470000,18.13,153561100
135425,2018,TWO RIVER BANCORP,TRCB,BDO Seidman,8607000,15.26,131342820
135484,2016,FRONTIER COMMUNICATIONS CORP,FTR,KPMG,1172553000,3.38,3963229140
135484,2017,FRONTIER COMMUNICATIONS CORP,FTR,KPMG,78441000,6.76,530261160
135484,2018,FRONTIER COMMUNICATIONS CORP,FTR,KPMG,105536000,2.38,251175680
135788,2016,CEVA INC,CEVA,E&Y,21274000,33.55,713742700
135788,2017,CEVA INC,CEVA,E&Y,22064000,46.15,1018253600
135788,2018,CEVA INC,CEVA,E&Y,21788000,22.09,481296920
135844,2016,INNOVATIVE SOLTNS & SUPP INC,ISSC,Grant Thornton,16716000,3.19,53324040
135844,2017,INNOVATIVE SOLTNS & SUPP INC,ISSC,Grant Thornton,16783000,3.64,61090120
135844,2018,INNOVATIVE SOLTNS & SUPP INC,ISSC,Grant Thornton,16841000,2.54,42776140
135965,2016,RIBBON COMMUNICATIONS INC,RBBN,Deloitte,49042000,6.3,308964600
135965,2017,RIBBON COMMUNICATIONS INC,RBBN,Deloitte,101753000,7.73,786550690
135965,2018,RIBBON COMMUNICATIONS INC,RBBN,Deloitte,106816000,4.82,514853120
135990,2016,NRG ENERGY INC,NRG,KPMG,315443000,12.26,3867331180
135990,2017,NRG ENERGY INC,NRG,KPMG,316743000,28.48,9020840640
135990,2018,NRG ENERGY INC,NRG,KPMG,283650000,39.6,11232540000
136186,2016,INSMED INC,INSM,E&Y,62020000,13.23,820524600
136186,2017,INSMED INC,INSM,E&Y,76611000,31.18,2388730980
136186,2018,INSMED INC,INSM,E&Y,77308000,13.12,1014280960
136265,2016,PACWEST BANCORP,PACW,KPMG,121284000,54.44,6602700960
136265,2017,PACWEST BANCORP,PACW,KPMG,128783000,50.4,6490663200
136265,2018,PACWEST BANCORP,PACW,KPMG,123190000,33.28,4099763200
136306,2016,PENDRELL CORP,PCOA,Grant Thornton,26857000,6.75,181284750
136306,2017,PENDRELL CORP,PCOA,Grant Thornton,241000,575,138575000
136648,2016,VISTEON CORP,VC,E&Y,32789000,80.34,2634268260
136648,2017,VISTEON CORP,VC,E&Y,30859000,125.14,3861695260
136648,2018,VISTEON CORP,VC,E&Y,28182000,60.28,1698810960
136684,2016,BROOKFIELD RENEWABLE PRTS LP,BEP,E&Y,166839000,29.7,4955118300
136684,2017,BROOKFIELD RENEWABLE PRTS LP,BEP,E&Y,180388000,34.91,6297345080
136684,2018,BROOKFIELD RENEWABLE PRTS LP,BEP,E&Y,178821000,25.9,4631463900
136725,2016,INTUITIVE SURGICAL INC,ISRG,PwC,38800000,634.17,24605796000
136725,2017,INTUITIVE SURGICAL INC,ISRG,PwC,112300000,364.94,40982762000
136725,2018,INTUITIVE SURGICAL INC,ISRG,PwC,114500000,478.92,54836340000
137024,2016,BASIC ENERGY SERVICES INC,BAS,KPMG,25999000,35.35,919064650
137024,2017,BASIC ENERGY SERVICES INC,BAS,KPMG,26219000,23.47,615359930
137024,2018,BASIC ENERGY SERVICES INC,BAS,KPMG,26748000,3.84,102712320
137066,2016,CHINA UNICOM (HONG KONG) LTD,CHU,KPMG,2394700000,11.55,27658785000
137066,2017,CHINA UNICOM (HONG KONG) LTD,CHU,KPMG,3059800000,13.53,41399094000
137066,2018,CHINA UNICOM (HONG KONG) LTD,CHU,KPMG,3059800000,10.66,32617468000
137069,2016,TIKCRO TECHNOLOGIES LTD,TIKRF,E&Y,9879000,0.35,3457650
137069,2017,TIKCRO TECHNOLOGIES LTD,TIKRF,E&Y,9879000,0.34,3358860
137069,2018,TIKCRO TECHNOLOGIES LTD,TIKRF,E&Y,9879000,0.195,1926405
137131,2016,CHARLES RIVER LABS INTL INC,CRL,PwC,47363000,76.19,3608586970
137131,2017,CHARLES RIVER LABS INTL INC,CRL,PwC,47402000,109.45,5188148900
137131,2018,CHARLES RIVER LABS INTL INC,CRL,PwC,48209000,113.18,5456294620
137230,2016,MVC CAPITAL INC,MVC,Grant Thornton,22556000,8.69,196011640
137230,2017,MVC CAPITAL INC,MVC,Grant Thornton,21114000,10.7,225919800
137230,2018,MVC CAPITAL INC,MVC,Grant Thornton,18193000,9.05,164646650
137232,2016,JANUS CAPITAL GROUP INC,JNS,Deloitte,182671000,13.27,2424044170
137310,2016,MARVELL TECHNOLOGY GROUP LTD,MRVL,Deloitte,506095000,14.87,7525632650
137310,2017,MARVELL TECHNOLOGY GROUP LTD,MRVL,Deloitte,495913000,23.33,11569650290
137310,2018,MARVELL TECHNOLOGY GROUP LTD,MRVL,Deloitte,658514000,18.53,12202264420
137351,2016,BERKSHIRE HILLS BANCORP INC,BHLB,PwC,35673000,36.85,1314550050
137377,2016,EXFO INC,EXFO,PwC,53561000,3.3,176751300
137377,2017,EXFO INC,EXFO,PwC,54712000,4.7,257146400
137377,2018,EXFO INC,EXFO,PwC,55116000,4.405,242785980
137432,2016,DELTA APPAREL INC,DLA,E&Y,7610000,16.46,125260600
137432,2017,DELTA APPAREL INC,DLA,E&Y,7300000,21.51,157023000
137432,2018,DELTA APPAREL INC,DLA,E&Y,6909000,17.79,122911110
137433,2016,MOBILE TELESYSTEMS PJSC,MBT,Deloitte,993450000,9.11,9050329500
137433,2017,MOBILE TELESYSTEMS PJSC,MBT,Deloitte,956021000,10.19,9741853990
137433,2018,MOBILE TELESYSTEMS PJSC,MBT,Deloitte,915371000,7,6407597000
137435,2016,NETEASE INC,NTES,PwC,131259000,215.34,28265313060
137435,2017,NETEASE INC,NTES,PwC,131329000,345.07,45317698030
137435,2018,NETEASE INC,NTES,PwC,127961000,235.37,30118180570
137573,2016,ENTEGRIS INC,ENTG,KPMG,141320000,17.9,2529628000
137573,2017,ENTEGRIS INC,ENTG,KPMG,141283000,30.45,4302067350
137573,2018,ENTEGRIS INC,ENTG,KPMG,135977000,27.895,3793078415
137602,2016,AXCELIS TECHNOLOGIES INC,ACLS,E&Y,29518000,14.55,429486900
137602,2017,AXCELIS TECHNOLOGIES INC,ACLS,E&Y,32048000,28.7,919777600
137602,2018,AXCELIS TECHNOLOGIES INC,ACLS,E&Y,32558000,17.8,579532400
137609,2017,MAXAR TECHNOLOGIES INC,MAXR,KPMG,56212000,64.32,3615555840
137609,2018,MAXAR TECHNOLOGIES INC,MAXR,KPMG,59381000,11.96,710196760
137611,2016,SOHU COM LTD,SOHU,PwC,38742000,33.89,1312966380
137611,2017,SOHU COM LTD,SOHU,PwC,38898000,43.35,1686228300
137611,2018,SOHU COM LTD,SOHU,PwC,39229000,17.42,683369180
137612,2016,TURKCELL ILETISIM HIZMET,TKC,PwC,877274000,6.9,6053190600
137612,2017,TURKCELL ILETISIM HIZMET,TKC,PwC,877274000,10.2,8948194800
137612,2018,TURKCELL ILETISIM HIZMET,TKC,PwC,876626000,5.62,4926638120
137642,2016,CASSAVA SCIENCES INC,SAVA,E&Y,46142000,0.5702,26310168.4
137642,2017,CASSAVA SCIENCES INC,SAVA,E&Y,6596000,4,26384000
137642,2018,CASSAVA SCIENCES INC,SAVA,E&Y,17219000,0.85,14636150
137722,2016,TRANSGENOMIC INC,TBIOD,E&Y,26447000,0.2842,7516237.4
137874,2016,SMTC CORP,SMTX,PwC,16510000,1.53,25260300
137874,2017,SMTC CORP,SMTX,PwC,16993000,1.8906,32126965.8
137874,2018,SMTC CORP,SMTX,PwC,23189000,4.08,94611120
137943,2016,ENTRAVISION COMMUNICATIONS,EVC,Grant Thornton,90167000,7,631169000
137943,2017,ENTRAVISION COMMUNICATIONS,EVC,Grant Thornton,90350000,7.15,646002500
137943,2018,ENTRAVISION COMMUNICATIONS,EVC,BDO Seidman,87491000,2.91,254598810
137944,2016,GRUPO FINANCIERO GALICIA SA,GGAL,PwC,130027000,26.92,3500326840
137944,2017,GRUPO FINANCIERO GALICIA SA,GGAL,PwC,142676000,65.85,9395214600
137944,2018,GRUPO FINANCIERO GALICIA SA,GGAL,PwC,142676000,27.57,3933577320
138122,2016,ARENA PHARMACEUTICALS INC,ARNA,KPMG,243401000,1.42,345629420
138122,2017,ARENA PHARMACEUTICALS INC,ARNA,KPMG,39281000,33.97,1334375570
138122,2018,ARENA PHARMACEUTICALS INC,ARNA,KPMG,49423000,38.95,1925025850
138205,2016,ILLUMINA INC,ILMN,E&Y,146196000,128.04,18718935840
138205,2017,ILLUMINA INC,ILMN,E&Y,147000000,218.49,32118030000
138205,2018,ILLUMINA INC,ILMN,E&Y,147000000,299.93,44089710000
138341,2016,CURIS INC,CRIS,PwC,141124000,3.08,434661920
138341,2017,CURIS INC,CRIS,PwC,164157000,0.7,114909900
138341,2018,CURIS INC,CRIS,PwC,33159000,0.6898,22873078.2
138483,2016,BRUKER CORP,BRKR,PwC,159855000,21.18,3385728900
138483,2017,BRUKER CORP,BRKR,PwC,155866000,34.32,5349321120
138483,2018,BRUKER CORP,BRKR,PwC,156609000,29.77,4662249930
138501,2016,CERAGON NETWORKS LTD,CRNT,E&Y,77769000,2.62,203754780
138501,2017,CERAGON NETWORKS LTD,CRNT,E&Y,78045000,1.98,154529100
138501,2018,CERAGON NETWORKS LTD,CRNT,E&Y,80090000,3.78,302740200
138521,2016,MIND CTI LTD,MNDO,Deloitte,19261000,2.46,47382060
138521,2018,MIND CTI LTD,MNDO,Deloitte,19439000,2.28,44320920
138601,2017,P10 HOLDINGS INC,PIOE,KPMG,89235000,0.815,72726525
138601,2018,P10 HOLDINGS INC,PIOE,KPMG,89235000,0.78,69603300
138608,2016,MEDICINES CO (THE),MDCO,E&Y,71020000,33.94,2410418800
138608,2017,MEDICINES CO (THE),MDCO,E&Y,73179000,27.34,2000713860
138608,2018,MEDICINES CO (THE),MDCO,E&Y,73849000,19.14,1413469860
138707,2016,RTI SURGICAL HOLDINGS INC,RTIX,Deloitte,58064000,3.25,188708000
138707,2017,RTI SURGICAL HOLDINGS INC,RTIX,Deloitte,61580000,4.1,252478000
138707,2018,RTI SURGICAL HOLDINGS INC,RTIX,Deloitte,62248000,3.7,230317600
138743,2016,EQUINIX INC,EQIX,PwC,71409000,357.41,25522290690
138743,2017,EQUINIX INC,EQIX,PwC,79038000,453.22,35821602360
138743,2018,EQUINIX INC,EQIX,PwC,80722000,352.56,28459348320
138781,2016,COMPUGEN LTD,CGEN,E&Y,51132000,5.1,260773200
138781,2017,COMPUGEN LTD,CGEN,E&Y,51293000,2.5,128232500
138781,2018,COMPUGEN LTD,CGEN,E&Y,59850000,2.17,129874500
138861,2016,BELMOND LTD,BEL,Deloitte,101794000,13.35,1358949900
138861,2017,BELMOND LTD,BEL,Deloitte,102366000,12.25,1253983500
138861,2018,BELMOND LTD,BEL,Deloitte,103065000,25.03,2579716950
138961,2016,O2MICRO INTERNATIONAL LTD,OIIM,Deloitte,25582000,1.8,46047600
138961,2017,O2MICRO INTERNATIONAL LTD,OIIM,Deloitte,25683000,1.6689,42862358.7
138961,2018,O2MICRO INTERNATIONAL LTD,OIIM,Deloitte,25976000,1.51,39223760
139201,2016,180 DEGREE CPTL CORP,TURN,PwC,30904000,1.38,42647520
139201,2017,180 DEGREE CPTL CORP,TURN,PwC,31122000,1.97,61310340
139201,2018,180 DEGREE CPTL CORP,TURN,PwC,31122000,1.75,54463500
139665,2016,MOODY'S CORP,MCO,KPMG,190694000,94.27,17976723380
139665,2017,MOODY'S CORP,MCO,KPMG,190970000,147.61,28189081700
139665,2018,MOODY'S CORP,MCO,KPMG,191304000,140.04,26790212160
139804,2016,TTM TECHNOLOGIES INC,TTMI,KPMG,100396000,13.63,1368397480
139804,2017,TTM TECHNOLOGIES INC,TTMI,KPMG,101820000,15.67,1595519400
139804,2018,TTM TECHNOLOGIES INC,TTMI,KPMG,103687000,9.73,1008874510
140023,2016,DELCATH SYSTEMS INC,DCTH,Grant Thornton,4112000,0.92,3783040
140023,2017,DELCATH SYSTEMS INC,DCTH,Grant Thornton,114055000,0.092,10493060
140042,2016,VERMILLION INC,VRML,BDO Seidman,52328000,0.95,49711600
140042,2017,VERMILLION INC,VRML,BDO Seidman,60036000,1.93,115869480
140042,2018,VERMILLION INC,VRML,BDO Seidman,75501000,0.3,22650300
140044,2016,DURECT CORP,DRRX,E&Y,141297000,1.34,189337980
140044,2017,DURECT CORP,DRRX,E&Y,150837000,0.9218,139041546.6
140044,2018,DURECT CORP,DRRX,E&Y,162060000,0.4831,78291186
140045,2016,GRUPO AEROPORTUARIO SURESTE,ASR,PwC,30000000,143.89,4316700000
140045,2017,GRUPO AEROPORTUARIO SURESTE,ASR,PwC,30000000,182.51,5475300000
140045,2018,GRUPO AEROPORTUARIO SURESTE,ASR,PwC,30000000,150.6,4518000000
140073,2016,INTEGER HOLDINGS CORP,ITGR,Deloitte,30925000,29.45,910741250
140073,2017,INTEGER HOLDINGS CORP,ITGR,Deloitte,31871000,45.3,1443756300
140073,2018,INTEGER HOLDINGS CORP,ITGR,Deloitte,32473000,76.26,2476390980
140363,2016,BANRO CORP,BAA,Deloitte,303482000,0.187405,56874044.21
140541,2016,TAPESTRY INC,TPR,Deloitte,278500000,40.74,11346090000
140541,2017,TAPESTRY INC,TPR,Deloitte,281900000,47.34,13345146000
140541,2018,TAPESTRY INC,TPR,Deloitte,288000000,46.71,13452480000
140568,2016,CHEMBIO DIAGNOSTICS INC,CEMI,BDO Seidman,12027000,6.8,81783600
140568,2017,CHEMBIO DIAGNOSTICS INC,CEMI,BDO Seidman,12319000,8.2,101015800
140568,2018,CHEMBIO DIAGNOSTICS INC,CEMI,BDO Seidman,17166000,5.66,97159560
140669,2016,RUSORO MINING LTD,RMLFF,Grant Thornton,538721000,0.1771,95407489.1
140669,2017,RUSORO MINING LTD,RMLFF,Grant Thornton,544771000,0.060745,33092114.4
140669,2018,RUSORO MINING LTD,RMLFF,Grant Thornton,544811000,0.1029,56061051.9
140672,2016,ARALEZ PHARMACEUTICALS INC,ARLZQ,E&Y,65641000,4.41,289476810
140672,2017,ARALEZ PHARMACEUTICALS INC,ARLZQ,E&Y,66973000,1.42,95101660
140756,2016,CHINA PETROLEUM & CHEM CORP,SNP,PwC,1210712000,71.02,85984766240
140756,2017,CHINA PETROLEUM & CHEM CORP,SNP,PwC,1210712000,73.37,88829939440
140756,2018,CHINA PETROLEUM & CHEM CORP,SNP,PwC,1210712000,70.6,85476267200
140759,2016,IXIA,XXIA,Deloitte,82604000,16.1,1329924400
140760,2016,MONSANTO CO,MON,Deloitte,437795000,106.5,46625167500
140760,2017,MONSANTO CO,MON,Deloitte,439578000,117.2,51518541600
140821,2016,CARNIVAL CORP/PLC (GBR),CUK,PwC,216400000,51.03,11042892000
140821,2017,CARNIVAL CORP/PLC (GBR),CUK,PwC,216800000,65.96,14300128000
140821,2018,CARNIVAL CORP/PLC (GBR),CUK,PwC,217100000,59.39,12893569000
140902,2016,NII HOLDINGS INC,NIHD,KPMG,100258000,2.15,215554700
140902,2017,NII HOLDINGS INC,NIHD,KPMG,100384000,0.4243,42592931.2
140902,2018,NII HOLDINGS INC,NIHD,KPMG,101323000,4.41,446834430
140910,2016,HYDROGENICS CORP,HYGS,PwC,12545000,4.4,55198000
140910,2017,HYDROGENICS CORP,HYGS,PwC,15437000,11.1,171350700
140910,2018,HYDROGENICS CORP,HYGS,PwC,15447000,5,77235000
140938,2016,VILLAGE BANK AND TRUST FINL,VBFC,BDO Seidman,1428000,26.7,38127600
140938,2017,VILLAGE BANK AND TRUST FINL,VBFC,BDO Seidman,1431000,30.65,43860150
140982,2016,LIGHTBRIDGE CORP,LTBR,BDO Seidman,7112000,1.14,8107680
140982,2017,LIGHTBRIDGE CORP,LTBR,BDO Seidman,12738000,1.22,15540360
140982,2018,LIGHTBRIDGE CORP,LTBR,BDO Seidman,32862000,0.545,17909790
140983,2016,BANK MUTUAL CORP,BKMU,Deloitte,45692000,9.45,431789400
140988,2016,TRINET GROUP INC,TNET,Deloitte,69016000,25.62,1768189920
140988,2017,TRINET GROUP INC,TNET,Deloitte,69818000,44.34,3095730120
140988,2018,TRINET GROUP INC,TNET,Deloitte,70597000,41.95,2961544150
141158,2016,IRSA PROPIEDADES COMERCIALES,IRCP,PwC,31504000,38.5,1212904000
141158,2017,IRSA PROPIEDADES COMERCIALES,IRCP,PwC,31504000,57,1795728000
141158,2018,IRSA PROPIEDADES COMERCIALES,IRCP,PwC,31504000,30.99,976308960
141197,2016,ARRAY BIOPHARMA INC,ARRY,KPMG,143690000,3.56,511536400
141197,2017,ARRAY BIOPHARMA INC,ARRY,KPMG,171308000,8.37,1433847960
141197,2018,ARRAY BIOPHARMA INC,ARRY,KPMG,211290000,16.78,3545446200
141239,2016,TELEKOM AUSTRIA AG,TKAGY,E&Y,332042000,11.834,3929385028
141239,2017,TELEKOM AUSTRIA AG,TKAGY,E&Y,332042000,18.562,6163363604
141239,2018,TELEKOM AUSTRIA AG,TKAGY,E&Y,332042000,15.181,5040729602
141277,2016,EXACT SCIENCES CORP,EXAS,BDO Seidman,110236000,13.36,1472752960
141277,2017,EXACT SCIENCES CORP,EXAS,BDO Seidman,120497000,52.54,6330912380
141277,2018,EXACT SCIENCES CORP,EXAS,BDO Seidman,123193000,63.1,7773478300
141363,2016,NUSTAR ENERGY LP,NS,KPMG,78616000,49.8,3915076800
141363,2017,NUSTAR ENERGY LP,NS,KPMG,93177000,29.95,2790651150
141363,2018,NUSTAR ENERGY LP,NS,KPMG,107225000,20.93,2244219250
141384,2016,ALIGN TECHNOLOGY INC,ALGN,PwC,79553000,96.13,7647429890
141384,2017,ALIGN TECHNOLOGY INC,ALGN,PwC,80040000,222.19,17784087600
141384,2018,ALIGN TECHNOLOGY INC,ALGN,PwC,79778000,209.43,16707906540
141459,2016,GARMIN LTD,GRMN,E&Y,188565000,48.49,9143516850
141459,2017,GARMIN LTD,GRMN,E&Y,188189000,59.57,11210418730
141459,2018,GARMIN LTD,GRMN,E&Y,189461000,63.32,11996670520
141460,2016,SEATTLE GENETICS INC,SGEN,PwC,142193000,52.77,7503524610
141460,2017,SEATTLE GENETICS INC,SGEN,PwC,144395000,53.5,7725132500
141460,2018,SEATTLE GENETICS INC,SGEN,PwC,160262000,56.66,9080444920
141462,2016,GENER8 MARITIME INC,GNRT,Deloitte,82960000,4.48,371660800
141462,2017,GENER8 MARITIME INC,GNRT,Deloitte,83267000,6.62,551227540
141469,2016,HARVARD BIOSCIENCE INC,HBIO,KPMG,34441000,3.05,105045050
141469,2017,HARVARD BIOSCIENCE INC,HBIO,Grant Thornton,35018000,3.3,115559400
141469,2018,HARVARD BIOSCIENCE INC,HBIO,Grant Thornton,37379000,3.18,118865220
141496,2016,DYNAVAX TECHNOLOGIES CORP,DVAX,E&Y,38599000,3.95,152466050
141496,2017,DYNAVAX TECHNOLOGIES CORP,DVAX,E&Y,61533000,18.7,1150667100
141496,2018,DYNAVAX TECHNOLOGIES CORP,DVAX,E&Y,62862000,9.15,575187300
141667,2016,PACIFIC FINANCIAL CORP,PFLC,BDO Seidman,10425000,9.85,102686250
141667,2017,PACIFIC FINANCIAL CORP,PFLC,BDO Seidman,10492000,10.3,108067600
141667,2018,PACIFIC FINANCIAL CORP,PFLC,BDO Seidman,10569000,11.25,118901250
141720,2016,ENERGY TRANSFER PARTNERS -LP,ETP,Grant Thornton,529869000,35.81,18974608890
141720,2017,ENERGY TRANSFER PARTNERS -LP,ETP,Grant Thornton,1164113000,17.92,20860904960
141846,2016,ACADIA PHARMACEUTICALS INC,ACAD,PwC,121367000,28.84,3500224280
141846,2017,ACADIA PHARMACEUTICALS INC,ACAD,E&Y,124411000,30.11,3746015210
141846,2018,ACADIA PHARMACEUTICALS INC,ACAD,E&Y,143854000,16.17,2326119180
141913,2016,GLOBAL PAYMENTS INC,GPN,Deloitte,152186000,69.41,10563230260
141913,2017,GLOBAL PAYMENTS INC,GPN,Deloitte,159180000,100.24,15956203200
141913,2018,GLOBAL PAYMENTS INC,GPN,Deloitte,157962000,103.13,16290621060
142230,2016,MAGELLAN MIDSTREAM PRTNRS LP,MMP,E&Y,227784000,75.63,17227303920
142230,2017,MAGELLAN MIDSTREAM PRTNRS LP,MMP,E&Y,228025000,70.94,16176093500
142230,2018,MAGELLAN MIDSTREAM PRTNRS LP,MMP,E&Y,228195000,57.06,13020806700
142248,2016,AMERICA MOVIL SA DE CV,AMX,E&Y,3289900000,12.57,41354043000
142248,2017,AMERICA MOVIL SA DE CV,AMX,E&Y,3303452000,17.15,56654201800
142248,2018,AMERICA MOVIL SA DE CV,AMX,E&Y,3301740000,14.25,47049795000
142260,2016,OIL STATES INTL INC,OIS,E&Y,51374000,39,2003586000
142260,2017,OIL STATES INTL INC,OIS,E&Y,51089000,28.3,1445818700
142260,2018,OIL STATES INTL INC,OIS,E&Y,59970000,14.28,856371600
142337,2016,NORTHERN OIL & GAS INC,NOG,Grant Thornton,63260000,2.75,173965000
142337,2017,NORTHERN OIL & GAS INC,NOG,Grant Thornton,66792000,2.05,136923600
142337,2018,NORTHERN OIL & GAS INC,NOG,Deloitte,378333000,2.26,855032580
142460,2016,PEABODY ENERGY CORP,BTU,E&Y,18500000,2.32,42920000
142460,2017,PEABODY ENERGY CORP,BTU,E&Y,105200000,39.37,4141724000
142460,2018,PEABODY ENERGY CORP,BTU,E&Y,110400000,30.48,3364992000
142540,2016,CNOOC LTD,CEO,Deloitte,446475000,123.96,55345041000
142540,2017,CNOOC LTD,CEO,Deloitte,446475000,143.56,64095951000
142540,2018,CNOOC LTD,CEO,Deloitte,446475000,152.45,68065113750
142546,2016,MARINE PRODUCTS CORP,MPX,Grant Thornton,34855000,13.87,483438850
142546,2017,MARINE PRODUCTS CORP,MPX,Grant Thornton,34572000,12.74,440447280
142546,2018,MARINE PRODUCTS CORP,MPX,Grant Thornton,34328000,16.91,580486480
142606,2016,PLATINUM GROUP METALS LTD,PLG,PwC,88857000,2.76,245245320
142606,2017,PLATINUM GROUP METALS LTD,PLG,PwC,148469000,0.6484,96267299.6
142606,2018,PLATINUM GROUP METALS LTD,PLG,PwC,291034000,0.1016,29569054.4
142812,2016,SENOMYX INC,SNMX,E&Y,45298000,0.96,43486080
142812,2017,SENOMYX INC,SNMX,E&Y,47787000,1.3,62123100
142814,2016,SYNAPTICS INC,SYNA,KPMG,35212000,53.75,1892645000
142814,2017,SYNAPTICS INC,SYNA,KPMG,34638000,51.71,1791130980
142814,2018,SYNAPTICS INC,SYNA,KPMG,35250000,50.37,1775542500
142953,2016,MONDELEZ INTERNATIONAL INC,MDLZ,PwC,1528366000,44.33,67752464780
142953,2017,MONDELEZ INTERNATIONAL INC,MDLZ,PwC,1488136000,42.8,63692220800
142953,2018,MONDELEZ INTERNATIONAL INC,MDLZ,PwC,1451000000,40.03,58083530000
142956,2016,OMNICELL INC,OMCL,Deloitte,36633000,33.9,1241858700
142956,2017,OMNICELL INC,OMCL,Deloitte,38432000,48.5,1863952000
142956,2018,OMNICELL INC,OMCL,Deloitte,40335000,61.24,2470115400
143240,2016,FIRST BANCTRUST CORP,FIRT,BDO Seidman,2016000,21.6,43545600
143356,2016,PRUDENTIAL FINANCIAL INC,PRU,PwC,429574000,104.06,44701470440
143356,2017,PRUDENTIAL FINANCIAL INC,PRU,PwC,422552000,114.98,48585028960
143356,2018,PRUDENTIAL FINANCIAL INC,PRU,PwC,410712000,81.55,33493563600
143357,2016,ACCENTURE PLC,ACN,KPMG,620673000,115,71377395000
143357,2017,ACCENTURE PLC,ACN,KPMG,615557000,130.76,80490233320
143357,2018,ACCENTURE PLC,ACN,KPMG,639035000,169.07,1.08042E+11
143421,2016,WRIGHT MEDICAL GROUP NV,WMGI,KPMG,103401000,22.98,2376154980
143421,2017,WRIGHT MEDICAL GROUP NV,WMGI,KPMG,105807000,22.2,2348915400
143421,2018,WRIGHT MEDICAL GROUP NV,WMGI,KPMG,125556000,27.22,3417634320
143770,2016,NEOVASC INC,NVCN,Grant Thornton,78683000,1.73,136121590
143770,2017,NEOVASC INC,NVCN,Grant Thornton,102916000,0.6,61749600
143770,2018,NEOVASC INC,NVCN,Grant Thornton,28017000,0.603,16894251
143909,2016,FENNEC PHARMACEUTICALS INC,FENC,Deloitte,13643000,2.1385,29175555.5
143912,2016,AXON ENTERPRISE INC,AAXN,Grant Thornton,52325000,24.24,1268358000
143912,2017,AXON ENTERPRISE INC,AAXN,Grant Thornton,52970000,26.5,1403705000
143912,2018,AXON ENTERPRISE INC,AAXN,Grant Thornton,58811000,43.75,2572981250
143974,2016,ALLIANCE DATA SYSTEMS CORP,ADS,Deloitte,57400000,228.5,13115900000
143974,2017,ALLIANCE DATA SYSTEMS CORP,ADS,Deloitte,55400000,253.48,14042792000
143974,2018,ALLIANCE DATA SYSTEMS CORP,ADS,Deloitte,53400000,150.08,8014272000
144009,2016,WILLIS TOWERS WATSON PLC,WLTW,Deloitte,136297000,122.28,16666397160
144009,2017,WILLIS TOWERS WATSON PLC,WLTW,Deloitte,132140000,150.69,19912176600
144009,2018,WILLIS TOWERS WATSON PLC,WLTW,Deloitte,128922000,151.86,19578094920
144066,2016,ROCKWELL COLLINS,COL,Deloitte,130200000,84.34,10981068000
144066,2017,ROCKWELL COLLINS,COL,Deloitte,162900000,130.71,21292659000
144066,2018,ROCKWELL COLLINS,COL,Deloitte,164500000,140.47,23107315000
144096,2016,CARIBBEAN UTILITIES CO LTD,CUPUF,E&Y,32647000,12.75,416249250
144096,2017,CARIBBEAN UTILITIES CO LTD,CUPUF,Deloitte,32995000,13.0504,430597948
144096,2018,CARIBBEAN UTILITIES CO LTD,CUPUF,Deloitte,33232000,12.51,415732320
144139,2016,ENTERTAINMENT GAMING ASIA,EGT,E&Y,14464000,1.39,20104960
144183,2016,ASANKO GOLD INC,AKG,KPMG,201829000,3.06,617596740
144183,2017,ASANKO GOLD INC,AKG,KPMG,203450000,0.7061,143656045
144183,2018,ASANKO GOLD INC,AKG,KPMG,225805000,0.6386,144199073
144396,2016,CROSS COUNTRY HEALTHCARE INC,CCRN,Deloitte,32339000,15.61,504811790
144396,2017,CROSS COUNTRY HEALTHCARE INC,CCRN,Deloitte,35838000,12.76,457292880
144396,2018,CROSS COUNTRY HEALTHCARE INC,CCRN,Deloitte,35626000,7.33,261138580
144435,2016,BUNGE LTD,BG,Deloitte,139501000,72.24,10077552240
144435,2017,BUNGE LTD,BG,Deloitte,140647000,67.08,9434600760
144435,2018,BUNGE LTD,BG,Deloitte,141111000,53.44,7540971840
144436,2016,NATUS MEDICAL INC,NTUS,KPMG,32920000,34.8,1145616000
144436,2017,NATUS MEDICAL INC,NTUS,KPMG,33134000,38.2,1265718800
144436,2018,NATUS MEDICAL INC,NTUS,KPMG,33804000,34.03,1150350120
144437,2016,PDF SOLUTIONS INC,PDFS,PwC,31864000,22.55,718533200
144437,2017,PDF SOLUTIONS INC,PDFS,PwC,32112000,15.7,504158400
144496,2016,UBS GROUP AG,UBS,E&Y,3712325000,15.67,58172132750
144496,2017,UBS GROUP AG,UBS,E&Y,3720795000,18.39,68425420050
144496,2018,UBS GROUP AG,UBS,E&Y,3689167000,12.38,45671887460
144520,2016,AMN HEALTHCARE SERVICES INC,AMN,KPMG,47612000,38.45,1830681400
144520,2017,AMN HEALTHCARE SERVICES INC,AMN,KPMG,47481000,49.25,2338439250
144520,2018,AMN HEALTHCARE SERVICES INC,AMN,KPMG,46643000,56.66,2642792380
144535,2017,HDFC BANK LTD,HDB,Deloitte,865030000,98.77,85439013100
144559,2016,ZIMMER BIOMET HOLDINGS INC,ZBH,PwC,200600000,103.2,20701920000
144559,2017,ZIMMER BIOMET HOLDINGS INC,ZBH,PwC,202600000,120.67,24447742000
144559,2018,ZIMMER BIOMET HOLDINGS INC,ZBH,PwC,204000000,103.72,21158880000
144640,2016,ASBURY AUTOMOTIVE GROUP INC,ABG,E&Y,21253000,61.7,1311310100
144640,2017,ASBURY AUTOMOTIVE GROUP INC,ABG,E&Y,20813000,64,1332032000
144640,2018,ASBURY AUTOMOTIVE GROUP INC,ABG,E&Y,19346000,66.66,1289604360
144998,2016,XPO LOGISTICS INC,XPO,KPMG,111087000,43.16,4794514920
144998,2017,XPO LOGISTICS INC,XPO,KPMG,119920000,91.59,10983472800
144998,2018,XPO LOGISTICS INC,XPO,KPMG,115683000,57.04,6598558320
145024,2016,GLADSTONE CAPITAL CORP,GLAD,PwC,23344000,8.13,189786720
145024,2017,GLADSTONE CAPITAL CORP,GLAD,PwC,26161000,9.5,248529500
145024,2018,GLADSTONE CAPITAL CORP,GLAD,PwC,28502000,9.5,270769000
145041,2016,BIG 5 SPORTING GOODS CORP,BGFV,Deloitte,22013000,17.35,381925550
145041,2017,BIG 5 SPORTING GOODS CORP,BGFV,Deloitte,21345000,7.6,162222000
145041,2018,BIG 5 SPORTING GOODS CORP,BGFV,Deloitte,21424000,2.59,55488160
145042,2016,ADVISORY BOARD CO,ABCO,PwC,40193000,33.25,1336417250
145046,2016,ANTHEM INC,ANTM,E&Y,263747000,143.77,37918906190
145046,2017,ANTHEM INC,ANTM,E&Y,256085000,225.01,57621685850
145046,2018,ANTHEM INC,ANTM,E&Y,257396000,262.63,67599911480
145049,2016,GAMESTOP CORP,GME,Deloitte,101000000,24.49,2473490000
145049,2017,GAMESTOP CORP,GME,Deloitte,101300000,16.81,1702853000
145049,2018,GAMESTOP CORP,GME,Deloitte,102000000,11.34,1156680000
145080,2016,DIGIRAD CORP,DRAD,BDO Seidman,19893000,5,99465000
145080,2017,DIGIRAD CORP,DRAD,BDO Seidman,20060000,2.575,51654500
145080,2018,DIGIRAD CORP,DRAD,BDO Seidman,20250000,0.57,11542500
145308,2016,WEIGHT WATCHERS INTL INC,WW,PwC,63926000,11.45,731952700
145308,2017,WEIGHT WATCHERS INTL INC,WW,PwC,64689000,44.28,2864428920
145308,2018,WEIGHT WATCHERS INTL INC,WW,PwC,66956000,38.55,2581153800
145552,2016,CENTENE CORP,CNC,KPMG,171919000,56.51,9715142690
145552,2017,CENTENE CORP,CNC,KPMG,173437000,100.88,17496324560
145552,2018,CENTENE CORP,CNC,KPMG,206239000,115.3,23779356700
145701,2016,PRINCIPAL FINANCIAL GRP INC,PFG,E&Y,287700000,57.86,16646322000
145701,2017,PRINCIPAL FINANCIAL GRP INC,PFG,E&Y,289000000,70.56,20391840000
145701,2018,PRINCIPAL FINANCIAL GRP INC,PFG,E&Y,279500000,44.17,12345515000
145977,2016,ADVANCE AUTO PARTS INC,AAP,Deloitte,73749000,169.12,12472430880
145977,2017,ADVANCE AUTO PARTS INC,AAP,Deloitte,73936000,99.69,7370679840
145977,2018,ADVANCE AUTO PARTS INC,AAP,Deloitte,72460000,157.46,11409551600
146017,2016,ACUITY BRANDS INC,AYI,E&Y,43736000,275.12,12032648320
146017,2017,ACUITY BRANDS INC,AYI,E&Y,41872000,176.79,7402550880
146017,2018,ACUITY BRANDS INC,AYI,E&Y,39991000,152.84,6112224440
146140,2016,PIEDMONT OFFICE REALTY TRUST,PDM,E&Y,145235000,20.91,3036863850
146140,2017,PIEDMONT OFFICE REALTY TRUST,PDM,E&Y,142359000,19.61,2791659990
146140,2018,PIEDMONT OFFICE REALTY TRUST,PDM,Deloitte,126219000,17.04,2150771760
146156,2016,ALERE INC,ALR,PwC,87091000,38.97,3393936270
146171,2016,MANTECH INTL CORP,MANT,Deloitte,38743000,42.25,1636891750
146171,2017,MANTECH INTL CORP,MANT,Deloitte,39231000,50.19,1969003890
146171,2018,MANTECH INTL CORP,MANT,Deloitte,39761000,52.295,2079301495
146352,2016,ALUMINUM CORP CHINA LTD,ACH,E&Y,596152000,10.21,6086711920
146352,2017,ALUMINUM CORP CHINA LTD,ACH,E&Y,596152000,17.93,10689005360
146352,2018,ALUMINUM CORP CHINA LTD,ACH,E&Y,596152000,7.82,4661908640
146616,2016,CORCEPT THERAPEUTICS INC,CORT,E&Y,112710000,7.26,818274600
146616,2017,CORCEPT THERAPEUTICS INC,CORT,E&Y,114717000,18.06,2071789020
146616,2018,CORCEPT THERAPEUTICS INC,CORT,E&Y,115031000,13.36,1536814160
146648,2016,CUTERA INC,CUTR,BDO Seidman,13773000,17.35,238961550
146648,2017,CUTERA INC,CUTR,BDO Seidman,13478000,45.35,611227300
146648,2018,CUTERA INC,CUTR,BDO Seidman,13969000,17.02,237752380
147183,2016,COMSTOCK MINING INC,LODE,Deloitte,185364000,0.263,48750732
147183,2017,COMSTOCK MINING INC,LODE,Deloitte,47236000,0.39,18422040
147183,2018,COMSTOCK MINING INC,LODE,Deloitte,75338000,0.133,10019954
147204,2016,COGENT COMMUNICATIONS HLDGS,CCOI,E&Y,45479000,41.35,1880556650
147204,2017,COGENT COMMUNICATIONS HLDGS,CCOI,E&Y,45961000,45.3,2082033300
147204,2018,COGENT COMMUNICATIONS HLDGS,CCOI,E&Y,46336000,45.21,2094850560
147208,2016,SUNOCO LOGISTICS PARTNERS LP,SXL,Grant Thornton,322382000,24.02,7743615640
147242,2016,VERINT SYSTEMS INC,VRNT,Deloitte,62419000,37.35,2331349650
147242,2017,VERINT SYSTEMS INC,VRNT,Deloitte,63836000,41.75,2665153000
147242,2018,VERINT SYSTEMS INC,VRNT,Deloitte,65333000,48.37,3160157210
147303,2016,DRIVE SHACK INC,DS,E&Y,66824000,3.76,251258240
147303,2017,DRIVE SHACK INC,DS,E&Y,66977000,5.53,370382810
147303,2018,DRIVE SHACK INC,DS,E&Y,67027000,3.92,262745840
147305,2016,JETBLUE AIRWAYS CORP,JBLU,E&Y,337000000,22.42,7555540000
147305,2017,JETBLUE AIRWAYS CORP,JBLU,E&Y,321000000,22.34,7171140000
147305,2018,JETBLUE AIRWAYS CORP,JBLU,E&Y,306000000,16.06,4914360000
147398,2016,TSAKOS ENERGY NAVIGATION LTD,TNP,E&Y,83721000,4.69,392651490
147398,2017,TSAKOS ENERGY NAVIGATION LTD,TNP,E&Y,86320000,3.91,337511200
147398,2018,TSAKOS ENERGY NAVIGATION LTD,TNP,E&Y,87605000,2.66,233029300
147579,2016,NETFLIX INC,NFLX,E&Y,430054000,123.8,53240685200
147579,2017,NETFLIX INC,NFLX,E&Y,433393000,191.96,83194120280
147579,2018,NETFLIX INC,NFLX,E&Y,436599000,267.66,1.1686E+11
147638,2016,REGAL ENTERTAINMENT GROUP,RGC,KPMG,156789000,20.6,3229853400
147638,2017,REGAL ENTERTAINMENT GROUP,RGC,KPMG,157016000,23.01,3612938160
147657,2016,DOVER DOWNS GAMING & ENTMT,DDE,KPMG,33015000,1.03,34005450
147657,2017,DOVER DOWNS GAMING & ENTMT,DDE,KPMG,33143000,1.02,33805860
147657,2018,DOVER DOWNS GAMING & ENTMT,DDE,KPMG,33284000,2.77,92196680
147708,2016,CALAVO GROWERS INC,CVGW,Deloitte,17440000,59.15,1031576000
147708,2017,CALAVO GROWERS INC,CVGW,Deloitte,17533000,73.7,1292182100
147708,2018,CALAVO GROWERS INC,CVGW,Deloitte,17567000,97,1703999000
147792,2016,SEVERN BANCORP INC,SVBI,BDO Seidman,12123000,7.9,95771700
147792,2017,SEVERN BANCORP INC,SVBI,BDO Seidman,12233000,7.255,88750415
147792,2018,SEVERN BANCORP INC,SVBI,BDO Seidman,12760000,7.98,101824800
147849,2016,COMPUTER PROGRAMS & SYSTEMS,CPSI,Grant Thornton,13533000,23.6,319378800
147849,2017,COMPUTER PROGRAMS & SYSTEMS,CPSI,Grant Thornton,13760000,30.05,413488000
147849,2018,COMPUTER PROGRAMS & SYSTEMS,CPSI,Grant Thornton,14083000,25.1,353483300
147868,2016,OVERSTOCK.COM INC,OSTK,KPMG,25432000,17.5,445060000
147868,2017,OVERSTOCK.COM INC,OSTK,KPMG,27497000,63.9,1757058300
147868,2018,OVERSTOCK.COM INC,OSTK,KPMG,32146000,13.58,436542680
147988,2016,AECOM,ACM,E&Y,153902000,29.73,4575506460
147988,2017,AECOM,ACM,E&Y,157529000,36.81,5798642490
147988,2018,AECOM,ACM,E&Y,156983000,32.66,5127064780
148217,2016,FAIRPOINT COMMUNICATIONS INC,FRP,BDO Seidman,27074000,18.7,506283800
148223,2016,GREAT LAKES DREDGE & DOCK CP,GLDD,Deloitte,60962000,4.2,256040400
148223,2017,GREAT LAKES DREDGE & DOCK CP,GLDD,Deloitte,61619000,5.4,332742600
148223,2018,GREAT LAKES DREDGE & DOCK CP,GLDD,Deloitte,62552000,6.62,414094240
148257,2016,INTERNATIONAL WIRE GRP HLDGS,ITWG,Deloitte,4654000,40.25,187323500
148257,2017,INTERNATIONAL WIRE GRP HLDGS,ITWG,Deloitte,4656000,20.25,94284000
148349,2016,TRANSDIGM GROUP INC,TDG,E&Y,53335000,289.12,15420215200
148349,2017,TRANSDIGM GROUP INC,TDG,E&Y,51934000,255.65,13276927100
148349,2018,TRANSDIGM GROUP INC,TDG,E&Y,52734000,372.3,19632868200
148390,2016,FORMFACTOR INC,FORM,KPMG,70908000,11.2,794169600
148390,2017,FORMFACTOR INC,FORM,KPMG,72532000,15.65,1135125800
148390,2018,FORMFACTOR INC,FORM,KPMG,74140000,14.09,1044632600
148391,2016,KIRKLAND'S INC,KIRK,E&Y,15907000,13.88,220789160
148391,2017,KIRKLAND'S INC,KIRK,E&Y,15977000,10.61,169515970
148391,2018,KIRKLAND'S INC,KIRK,E&Y,14505000,10.22,148241100
148469,2016,SAFETY INSURANCE GROUP INC,SAFT,PwC,15151000,73.7,1116628700
148469,2017,SAFETY INSURANCE GROUP INC,SAFT,PwC,15220000,80.4,1223688000
148469,2018,SAFETY INSURANCE GROUP INC,SAFT,PwC,15287000,81.81,1250629470
148470,2016,RED ROBIN GOURMET BURGERS,RRGB,KPMG,12828000,56.4,723499200
148470,2017,RED ROBIN GOURMET BURGERS,RRGB,KPMG,12954000,56.4,730605600
148470,2018,RED ROBIN GOURMET BURGERS,RRGB,KPMG,12971000,26.72,346585120
148631,2016,LONCOR RESOURCES INC,LONCF,BDO Seidman,153190000,0.059,9038210
148669,2016,CANANDAIGUA NATIONAL CORP,CNND,KPMG,1871000,140,261940000
148669,2017,CANANDAIGUA NATIONAL CORP,CNND,KPMG,1871000,152,284392000
148669,2018,CANANDAIGUA NATIONAL CORP,CNND,KPMG,1871000,175,327425000
148950,2016,ENPRO INDUSTRIES INC,NPO,PwC,21364000,67.36,1439079040
148950,2017,ENPRO INDUSTRIES INC,NPO,PwC,21326000,93.51,1994194260
148950,2018,ENPRO INDUSTRIES INC,NPO,PwC,20740000,60.1,1246474000
149070,2016,CME GROUP INC,CME,E&Y,338243000,115.35,39016330050
149070,2017,CME GROUP INC,CME,E&Y,339238000,146.05,49545709900
149070,2018,CME GROUP INC,CME,E&Y,356827000,188.12,67126295240
149082,2016,WESTWOOD HOLDINGS GROUP INC,WHG,Deloitte,8810000,59.99,528511900
149082,2017,WESTWOOD HOLDINGS GROUP INC,WHG,Deloitte,8900000,66.21,589269000
149082,2018,WESTWOOD HOLDINGS GROUP INC,WHG,Deloitte,8905000,34,302770000
149177,2016,NEXSTAR MEDIA GROUP,NXST,PwC,30745000,63.3,1946158500
149177,2017,NEXSTAR MEDIA GROUP,NXST,PwC,45966000,78.2,3594541200
149177,2018,NEXSTAR MEDIA GROUP,NXST,PwC,45626000,78.64,3588028640
149318,2016,WYNN RESORTS LTD,WYNN,E&Y,101800000,86.51,8806718000
149318,2017,WYNN RESORTS LTD,WYNN,E&Y,103006000,168.59,17365781540
149318,2018,WYNN RESORTS LTD,WYNN,E&Y,107232000,98.91,10606317120
149337,2016,NASDAQ INC,NDAQ,E&Y,166579000,67.12,11180782480
149337,2017,NASDAQ INC,NDAQ,E&Y,167441000,76.83,12864492030
149337,2018,NASDAQ INC,NDAQ,E&Y,165165000,81.57,13472509050
149360,2017,SITO MOBILE LTD,SITO,BDO Seidman,22040000,6.72,148108800
149360,2018,SITO MOBILE LTD,SITO,BDO Seidman,25529000,0.9,22976100
149618,2016,BANC OF CALIFORNIA INC,BANC,KPMG,49897000,17.35,865712950
149618,2017,BANC OF CALIFORNIA INC,BANC,KPMG,50591000,20.65,1044704150
149618,2018,BANC OF CALIFORNIA INC,BANC,KPMG,50649000,13.31,674138190
149683,2016,CHINA AUTOMOTIVE SYSTEMS INC,CAAS,PwC,31644000,5.36,169611840
149683,2017,CHINA AUTOMOTIVE SYSTEMS INC,CAAS,PwC,31644000,4.8,151891200
149683,2018,CHINA AUTOMOTIVE SYSTEMS INC,CAAS,PwC,31627000,2.44,77169880
149721,2016,TRAVELZOO,TZOO,KPMG,13462000,9.4,126542800
149721,2017,TRAVELZOO,TZOO,PwC,12462000,6.45,80379900
149721,2018,TRAVELZOO,TZOO,PwC,11962000,9.83,117586460
149738,2016,CIT GROUP INC,CIT,PwC,202088000,42.68,8625115840
149738,2017,CIT GROUP INC,CIT,PwC,131353000,49.23,6466508190
149738,2018,CIT GROUP INC,CIT,Deloitte,100920000,38.27,3862208400
150139,2016,DICKS SPORTING GOODS INC,DKS,Deloitte,110331000,51.6,5693079600
150139,2017,DICKS SPORTING GOODS INC,DKS,Deloitte,103029000,31.46,3241292340
150139,2018,DICKS SPORTING GOODS INC,DKS,Deloitte,93846000,35.31,3313702260
150201,2016,MARTIN MIDSTREAM PARTNERS LP,MMLP,KPMG,35452000,18.35,650544200
150201,2017,MARTIN MIDSTREAM PARTNERS LP,MMLP,KPMG,38445000,14,538230000
150201,2018,MARTIN MIDSTREAM PARTNERS LP,MMLP,KPMG,39032000,10.28,401248960
150257,2016,SINOVAC BIOTECH LTD,SVA,E&Y,57012000,5.9,336370800
150257,2017,SINOVAC BIOTECH LTD,SVA,E&Y,57282000,7.88,451382160
150258,2016,HORNBECK OFFSHORE SVCS INC,HOS,E&Y,36467000,7.22,263291740
150258,2017,HORNBECK OFFSHORE SVCS INC,HOS,E&Y,37144000,3.11,115517840
150258,2018,HORNBECK OFFSHORE SVCS INC,HOS,E&Y,37701000,1.44,54289440
150277,2016,ENLINK MIDSTREAM PARTNERS LP,ENLK,KPMG,342856000,18.42,6315407520
150277,2017,ENLINK MIDSTREAM PARTNERS LP,ENLK,KPMG,349702000,15.37,5374919740
150277,2018,ENLINK MIDSTREAM PARTNERS LP,ENLK,KPMG,353117000,11.01,3887818170
150278,2016,CARTER'S INC,CRI,PwC,48949000,86.39,4228704110
150278,2017,CARTER'S INC,CRI,PwC,47178000,117.49,5542943220
150278,2018,CARTER'S INC,CRI,PwC,45629000,81.62,3724238980
150279,2016,PROVIDENT FINANCIAL SVCS INC,PFS,KPMG,66082000,28.3,1870120600
150279,2017,PROVIDENT FINANCIAL SVCS INC,PFS,KPMG,66535000,26.97,1794448950
150279,2018,PROVIDENT FINANCIAL SVCS INC,PFS,KPMG,66325000,24.13,1600422250
150306,2016,TEXAS CAPITAL BANCSHARES INC,TCBI,E&Y,49504000,78.4,3881113600
150306,2017,TEXAS CAPITAL BANCSHARES INC,TCBI,E&Y,49644000,88.9,4413351600
150306,2018,TEXAS CAPITAL BANCSHARES INC,TCBI,E&Y,50201000,51.09,2564769090
150477,2016,PRA GROUP INC,PRAA,KPMG,46356000,39.1,1812519600
150477,2017,PRA GROUP INC,PRAA,KPMG,45189000,33.2,1500274800
150477,2018,PRA GROUP INC,PRAA,KPMG,45304000,24.37,1104058480
150481,2016,SAIA INC,SAIA,KPMG,25323000,44.15,1118010450
150481,2017,SAIA INC,SAIA,KPMG,25552000,70.75,1807804000
150481,2018,SAIA INC,SAIA,KPMG,25694000,55.82,1434239080
150562,2016,NATURAL GAS SERVICES GROUP,NGS,BDO Seidman,12764000,32.15,410362600
150562,2017,NATURAL GAS SERVICES GROUP,NGS,BDO Seidman,12880000,26.2,337456000
150562,2018,NATURAL GAS SERVICES GROUP,NGS,BDO Seidman,13005000,16.44,213802200
150699,2016,CIMAREX ENERGY CO,XEC,KPMG,95124000,135.9,12927351600
150699,2017,CIMAREX ENERGY CO,XEC,KPMG,95437000,122.01,11644268370
150699,2018,CIMAREX ENERGY CO,XEC,KPMG,95756000,61.65,5903357400
150837,2016,NATURAL RESOURCE PARTNERS LP,NRP,Deloitte,12232000,32.3,395093600
150837,2017,NATURAL RESOURCE PARTNERS LP,NRP,E&Y,12232000,26,318032000
150837,2018,NATURAL RESOURCE PARTNERS LP,NRP,E&Y,12249000,38.24,468401760
150838,2016,ENBRIDGE ENERGY MGMT LLC,EEQ,PwC,81857000,25.9,2120096300
150838,2017,ENBRIDGE ENERGY MGMT LLC,EEQ,PwC,89799000,13.39,1202408610
150937,2016,SEAGATE TECHNOLOGY PLC,STX,E&Y,298572000,24.36,7273213920
150937,2017,SEAGATE TECHNOLOGY PLC,STX,E&Y,291800000,38.75,11307250000
150937,2018,SEAGATE TECHNOLOGY PLC,STX,E&Y,287170000,56.47,16216489900
151630,2016,HALOZYME THERAPEUTICS INC,HALO,E&Y,129502000,9.88,1279479760
151630,2017,HALOZYME THERAPEUTICS INC,HALO,E&Y,142789000,20.26,2892905140
151630,2018,HALOZYME THERAPEUTICS INC,HALO,E&Y,144725000,14.63,2117326750
151933,2016,TENARIS SA,TS,PwC,590268000,35.71,21078470280
151933,2017,TENARIS SA,TS,PwC,590268000,31.86,18805938480
151933,2018,TENARIS SA,TS,PwC,590268000,21.32,12584513760
152008,2016,PLURISTEM THERAPEUTICS INC,PSTI,E&Y,80269000,1.33,106757770
152008,2017,PLURISTEM THERAPEUTICS INC,PSTI,E&Y,96939000,1.28,124081920
152149,2016,MOLINA HEALTHCARE INC,MOH,E&Y,57000000,54.26,3092820000
152149,2017,MOLINA HEALTHCARE INC,MOH,E&Y,60000000,76.68,4600800000
152149,2018,MOLINA HEALTHCARE INC,MOH,E&Y,62000000,116.22,7205640000
152249,2016,ENDURANCE SPECIALTY HOLDINGS,ENH,E&Y,67628000,92.4,6248827200
152649,2016,TELKOM SA SOC LTD,TLKGY,E&Y,131737000,22.382,2948537534
152649,2017,TELKOM SA SOC LTD,TLKGY,E&Y,127785000,17.872,2283773520
152649,2018,TELKOM SA SOC LTD,TLKGY,PwC,127785000,20.226,2584579410
153128,2016,HUDSON GLOBAL INC,HSON,KPMG,31765000,1.36,43200400
153128,2017,HUDSON GLOBAL INC,HSON,KPMG,31159000,2.25,70107750
153128,2018,HUDSON GLOBAL INC,HSON,KPMG,31905000,1.35,43071750
153130,2016,AXIS CAPITAL HOLDINGS LTD,AXS,Deloitte,86441000,65.27,5642004070
153130,2017,AXIS CAPITAL HOLDINGS LTD,AXS,Deloitte,83161000,50.26,4179671860
153130,2018,AXIS CAPITAL HOLDINGS LTD,AXS,Deloitte,83586000,51.64,4316381040
153311,2016,MITCHELLS & BUTLER PLC,MBPFY,Deloitte,206020000,7.139,1470776780
153311,2017,MITCHELLS & BUTLER PLC,MBPFY,Deloitte,210400000,6.762,1422724800
153311,2018,MITCHELLS & BUTLER PLC,MBPFY,Deloitte,213213000,6.885,1467971505
153728,2016,IPASS INC,IPAS,Grant Thornton,65777000,1.65,108532050
153728,2017,IPASS INC,IPAS,Grant Thornton,69300000,0.5199,36029070
153957,2016,BRAINSTORM CELL THERAPEUTICS,BCLI,Deloitte,18688000,2.54,47467520
153957,2017,BRAINSTORM CELL THERAPEUTICS,BCLI,Deloitte,18976000,3.92,74385920
154039,2016,NETGEAR INC,NTGR,PwC,32958000,54.35,1791267300
154039,2017,NETGEAR INC,NTGR,PwC,31320000,58.75,1840050000
154039,2018,NETGEAR INC,NTGR,PwC,31562000,52.03,1642170860
154357,2016,QEP RESOURCES INC,QEP,PwC,239600000,18.41,4411036000
154357,2017,QEP RESOURCES INC,QEP,PwC,241000000,9.57,2306370000
154357,2018,QEP RESOURCES INC,QEP,PwC,236700000,5.63,1332621000
154414,2016,SOPHIRIS BIO INC,SPHS,PwC,30108000,2.8,84302400
154414,2017,SOPHIRIS BIO INC,SPHS,PwC,30111000,2.27,68351970
154414,2018,SOPHIRIS BIO INC,SPHS,PwC,30206000,0.83,25070980
154739,2016,GLADSTONE COMMERCIAL CORP,GOOD,PwC,25843000,20.1,519444300
154739,2017,GLADSTONE COMMERCIAL CORP,GOOD,PwC,29289000,21.06,616826340
154739,2018,GLADSTONE COMMERCIAL CORP,GOOD,PwC,30121000,17.92,539768320
154757,2016,CLIFTON BANCORP INC,CSBK,BDO Seidman,22549000,16.19,365068310
154758,2016,PROVIDENCE SERVICE CORP,PRSC,KPMG,13837000,38.05,526497850
154758,2017,PROVIDENCE SERVICE CORP,PRSC,KPMG,13348000,59.34,792070320
154758,2018,PROVIDENCE SERVICE CORP,PRSC,KPMG,12815000,60.02,769156300
154773,2016,CRH MEDICAL CORP,CRHM,KPMG,72746000,5.25,381916500
154773,2017,CRH MEDICAL CORP,CRHM,KPMG,73019000,2.65,193500350
154773,2018,CRH MEDICAL CORP,CRHM,KPMG,72056000,3.05,219770800
155174,2016,FIRST POTOMAC REALTY TRUST,FPO,KPMG,58319000,10.97,639759430
155280,2016,AIR TRANSPORT SERVICES GROUP,ATSG,Deloitte,59461000,15.96,948997560
155280,2017,AIR TRANSPORT SERVICES GROUP,ATSG,Deloitte,59057000,23.14,1366578980
155280,2018,AIR TRANSPORT SERVICES GROUP,ATSG,Deloitte,59134000,22.81,1348846540
155387,2016,TROVAGENE INC,TROV,BDO Seidman,30697000,2.1,64463700
155387,2017,TROVAGENE INC,TROV,BDO Seidman,52792000,0.3075,16233540
155387,2018,TROVAGENE INC,TROV,BDO Seidman,22991000,0.5255,12081770.5
155393,2016,WHITING PETROLEUM CORP,WLL,Deloitte,362014000,12.02,4351408280
155393,2017,WHITING PETROLEUM CORP,WLL,Deloitte,90699000,26.48,2401709520
155393,2018,WHITING PETROLEUM CORP,WLL,Deloitte,91019000,22.69,2065221110
155394,2016,LKQ CORP,LKQ,Deloitte,307545000,30.65,9426254250
155394,2017,LKQ CORP,LKQ,Deloitte,309126000,40.67,12572154420
155394,2018,LKQ CORP,LKQ,Deloitte,316146000,23.73,7502144580
155738,2016,NELNET INC,NNI,KPMG,42105000,50.75,2136828750
155738,2017,NELNET INC,NNI,KPMG,40811000,54.78,2235626580
155738,2018,NELNET INC,NNI,KPMG,40258000,52.34,2107103720
155754,2016,ASHFORD HOSPITALITY TRUST,AHT,BDO Seidman,96377000,7.76,747885520
155754,2017,ASHFORD HOSPITALITY TRUST,AHT,BDO Seidman,97409000,6.73,655562570
155754,2018,ASHFORD HOSPITALITY TRUST,AHT,BDO Seidman,101036000,4,404144000
156153,2016,XPERI CORP,XPER,PwC,48854000,44.2,2159346800
156153,2017,XPERI CORP,XPER,PwC,49103000,24.4,1198113200
156153,2018,XPERI CORP,XPER,PwC,48408000,18.39,890223120
156155,2016,SYNNEX CORP,SNX,KPMG,39477000,116.91,4615256070
156155,2017,SYNNEX CORP,SNX,KPMG,39673000,136.2,5403462600
156155,2018,SYNNEX CORP,SNX,KPMG,50694000,80.74,4093033560
156157,2016,MARLIN BUSINESS SERVICES INC,MRLN,Deloitte,12572000,20.9,262754800
156157,2017,MARLIN BUSINESS SERVICES INC,MRLN,Deloitte,12449000,22.4,278857600
156157,2018,MARLIN BUSINESS SERVICES INC,MRLN,Deloitte,12368000,22.33,276177440
156383,2016,AMERICAN EQTY INVT LIFE HLDG,AEL,KPMG,88001000,22.54,1983542540
156383,2017,AMERICAN EQTY INVT LIFE HLDG,AEL,KPMG,89331000,30.73,2745141630
156383,2018,AMERICAN EQTY INVT LIFE HLDG,AEL,KPMG,90369000,27.94,2524909860
156384,2016,GLOBAL INDEMNITY LTD,GBLI,E&Y,17570000,38.21,671349700
156384,2017,GLOBAL INDEMNITY LTD,GBLI,E&Y,14206000,42.02,596936120
156384,2018,GLOBAL INDEMNITY LTD,GBLI,E&Y,14228000,36.23,515480440
156613,2016,CALLIDUS SOFTWARE INC,CALD,KPMG,63692000,16.8,1070025600
156613,2017,CALLIDUS SOFTWARE INC,CALD,KPMG,66021000,28.65,1891501650
156614,2016,CONN'S INC,CONN,E&Y,30962000,10.55,326649100
156614,2017,CONN'S INC,CONN,E&Y,31436000,33.3,1046818800
156614,2018,CONN'S INC,CONN,E&Y,31788000,20.94,665640720
156617,2016,ACORDA THERAPEUTICS INC,ACOR,E&Y,45668000,18.8,858558400
156617,2017,ACORDA THERAPEUTICS INC,ACOR,E&Y,46425000,21.45,995816250
156617,2018,ACORDA THERAPEUTICS INC,ACOR,E&Y,47421000,15.58,738819180
156633,2016,UNIVERSAL TECHNICAL INST,UTI,Deloitte,24624000,1.78,43830720
156633,2017,UNIVERSAL TECHNICAL INST,UTI,Deloitte,25008000,3.47,86777760
156633,2018,UNIVERSAL TECHNICAL INST,UTI,Deloitte,25304000,2.66,67308640
156857,2016,GTX INC,GTXI,E&Y,15920000,5.28,84057600
156857,2017,GTX INC,GTXI,E&Y,21542000,12.71,273798820
156857,2018,GTX INC,GTXI,E&Y,24052000,0.78,18760560
156861,2016,TEMPUR SEALY INTL INC,TPX,E&Y,54400000,68.28,3714432000
156861,2017,TEMPUR SEALY INTL INC,TPX,E&Y,54200000,62.69,3397798000
156861,2018,TEMPUR SEALY INTL INC,TPX,E&Y,54500000,41.4,2256300000
156953,2016,HILLTOP HOLDINGS INC,HTH,PwC,98544000,29.8,2936611200
156953,2017,HILLTOP HOLDINGS INC,HTH,PwC,95982000,25.33,2431224060
156953,2018,HILLTOP HOLDINGS INC,HTH,PwC,93610000,17.83,1669066300
157057,2016,ASSURANT INC,AIZ,PwC,55941000,92.86,5194681260
157057,2017,ASSURANT INC,AIZ,PwC,52418000,100.84,5285831120
157057,2018,ASSURANT INC,AIZ,PwC,61909000,89.44,5537140960
157153,2016,COMPASS MINERALS INTL INC,CMP,E&Y,33789000,78.35,2647368150
157153,2017,COMPASS MINERALS INTL INC,CMP,E&Y,33828000,72.25,2444073000
157153,2018,COMPASS MINERALS INTL INC,CMP,E&Y,33853000,41.69,1411331570
157218,2016,BUFFALO WILD WINGS INC,BWLD,KPMG,17462000,154.4,2696132800
157353,2016,ASPEN INSURANCE HOLDINGS LTD,AHL,KPMG,59774000,55,3287570000
157353,2017,ASPEN INSURANCE HOLDINGS LTD,AHL,KPMG,59474000,40.6,2414644400
157353,2018,ASPEN INSURANCE HOLDINGS LTD,AHL,KPMG,59743000,41.99,2508608570
157354,2016,KRONOS WORLDWIDE INC,KRO,PwC,115900000,11.94,1383846000
157354,2017,KRONOS WORLDWIDE INC,KRO,PwC,115902000,25.77,2986794540
157354,2018,KRONOS WORLDWIDE INC,KRO,PwC,115908000,11.52,1335260160
157373,2016,VISTRA ENERGY CORP,VST,Deloitte,427580000,15.5,6627490000
157373,2017,VISTRA ENERGY CORP,VST,Deloitte,428399000,18.32,7848269680
157373,2018,VISTRA ENERGY CORP,VST,Deloitte,493215000,22.89,11289691350
157413,2016,CTRIP.COM INTL LTD,CTRP,PwC,513243000,40,20529720000
157413,2017,CTRIP.COM INTL LTD,CTRP,PwC,540805000,44.1,23849500500
157413,2018,CTRIP.COM INTL LTD,CTRP,PwC,552983000,27.06,14963719980
157452,2016,OXFORD SQUARE CAPITAL CORP,OXSQ,PwC,51479000,6.61,340276190
157452,2017,OXFORD SQUARE CAPITAL CORP,OXSQ,PwC,51479000,5.74,295489460
157452,2018,OXFORD SQUARE CAPITAL CORP,OXSQ,PwC,47651000,6.47,308301970
157679,2016,SPIRIT REALTY CAPITAL INC,SRC,E&Y,483624000,10.86,5252156640
157679,2017,SPIRIT REALTY CAPITAL INC,SRC,E&Y,448868000,8.58,3851287440
157679,2018,SPIRIT REALTY CAPITAL INC,SRC,E&Y,85787000,35.25,3023991750
157755,2016,MARCHEX INC,MCHX,KPMG,43060000,2.65,114109000
157855,2016,SALESFORCE.COM INC,CRM,E&Y,707460000,79.1,55960086000
157855,2017,SALESFORCE.COM INC,CRM,E&Y,729853000,113.91,83137555230
157855,2018,SALESFORCE.COM INC,CRM,E&Y,770000000,151.97,1.17017E+11
157865,2016,MEI PHARMA INC,MEIP,BDO Seidman,34156000,1.36,46452160
157865,2017,MEI PHARMA INC,MEIP,BDO Seidman,36772000,2.39,87885080
157865,2018,MEI PHARMA INC,MEIP,BDO Seidman,70406000,3.94,277399640
157955,2016,ASSURED GUARANTY LTD,AGO,PwC,127988000,37.77,4834106760
157955,2017,ASSURED GUARANTY LTD,AGO,PwC,116021000,33.87,3929631270
157955,2018,ASSURED GUARANTY LTD,AGO,PwC,103673000,38.28,3968602440
158053,2016,NEW YORK MORTGAGE TRUST INC,NYMT,Grant Thornton,111475000,6.6,735735000
158053,2017,NEW YORK MORTGAGE TRUST INC,NYMT,Grant Thornton,111910000,6.17,690484700
158053,2018,NEW YORK MORTGAGE TRUST INC,NYMT,Grant Thornton,155590000,5.89,916425100
158354,2016,GENWORTH FINANCIAL INC,GNW,KPMG,498400000,3.81,1898904000
158354,2017,GENWORTH FINANCIAL INC,GNW,KPMG,499200000,3.11,1552512000
158354,2018,GENWORTH FINANCIAL INC,GNW,KPMG,500800000,4.66,2333728000
158563,2016,CYTOKINETICS INC,CYTK,PwC,40647000,12.15,493861050
158563,2017,CYTOKINETICS INC,CYTK,PwC,53961000,8.15,439782150
158563,2018,CYTOKINETICS INC,CYTK,E&Y,54718000,6.32,345817760
158587,2016,BANCORP INC,TBBK,Grant Thornton,55319000,7.86,434807340
158587,2017,BANCORP INC,TBBK,Grant Thornton,55761000,9.88,550918680
158587,2018,BANCORP INC,TBBK,Grant Thornton,56346000,7.96,448514160
158737,2016,SP PLUS CORP,SP,E&Y,22052000,28.15,620763800
158737,2017,SP PLUS CORP,SP,E&Y,22237000,37.1,824992700
158737,2018,SP PLUS CORP,SP,E&Y,22479000,29.54,664029660
158741,2016,SEMICONDUCTOR MFG INTL CORP,SMICY,PwC,850584000,7.62,6481450080
158741,2017,SEMICONDUCTOR MFG INTL CORP,SMICY,PwC,983221000,8.56,8416371760
158741,2018,SEMICONDUCTOR MFG INTL CORP,SMICY,PwC,1007964000,4.28,4314085920
158742,2016,MARKETAXESS HOLDINGS INC,MKTX,PwC,37544000,146.92,5515964480
158742,2017,MARKETAXESS HOLDINGS INC,MKTX,PwC,37621000,201.75,7590036750
158742,2018,MARKETAXESS HOLDINGS INC,MKTX,PwC,37640000,211.31,7953708400
158743,2016,B&G FOODS INC,BGS,KPMG,66406000,43.8,2908582800
158743,2017,B&G FOODS INC,BGS,KPMG,66499000,35.15,2337439850
158743,2018,B&G FOODS INC,BGS,KPMG,65639000,28.91,1897623490
160173,2016,ARBOR REALTY TRUST INC,ABR,E&Y,51401000,7.46,383451460
160173,2017,ARBOR REALTY TRUST INC,ABR,E&Y,61723000,8.64,533286720
160173,2018,ARBOR REALTY TRUST INC,ABR,E&Y,83988000,10.07,845759160
160204,2016,THRESHOLD PHARMACEUTICALS,THLD,E&Y,71560000,0.441,31557960
160207,2016,STONEMOR PARTNERS LP,STON,Deloitte,37863000,8.91,337359330
160207,2017,STONEMOR PARTNERS LP,STON,Deloitte,37958000,6.56,249004480
160207,2018,STONEMOR PARTNERS LP,STON,Grant Thornton,37959000,2.1,79713900
160211,2016,DOMINO'S PIZZA INC,DPZ,PwC,48100000,159.24,7659444000
160211,2017,DOMINO'S PIZZA INC,DPZ,PwC,42898000,188.96,8106006080
160211,2018,DOMINO'S PIZZA INC,DPZ,PwC,40978000,247.99,10162134220
160213,2016,GSI TECHNOLOGY INC,GSIT,PwC,20613000,8.7,179333100
160213,2017,GSI TECHNOLOGY INC,GSIT,BDO Seidman,21407000,7.41,158625870
160213,2018,GSI TECHNOLOGY INC,GSIT,BDO Seidman,22320000,7.77,173426400
160225,2016,MASTERCARD INC,MA,PwC,1081000000,103.25,1.11613E+11
160225,2017,MASTERCARD INC,MA,PwC,1054000000,151.36,1.59533E+11
160225,2018,MASTERCARD INC,MA,PwC,1031000000,188.65,1.94498E+11
160233,2016,PROSPECT CAPITAL CORP,PSEC,BDO Seidman,357107000,7.82,2792576740
160233,2017,PROSPECT CAPITAL CORP,PSEC,BDO Seidman,360077000,8.12,2923825240
160233,2018,PROSPECT CAPITAL CORP,PSEC,BDO Seidman,364410000,6.71,2445191100
160282,2016,XERIUM TECHNOLOGIES INC,XRM,E&Y,16153000,5.62,90779860
160282,2017,XERIUM TECHNOLOGIES INC,XRM,E&Y,16368000,4.26,69727680
160329,2016,ALPHABET INC,GOOGL,E&Y,691293000,792.45,5.47815E+11
160329,2017,ALPHABET INC,GOOGL,E&Y,694783000,1053.4,7.31884E+11
160329,2018,ALPHABET INC,GOOGL,E&Y,695556000,1044.96,7.26828E+11
160340,2016,MANNKIND CORP,MNKD,Deloitte,478404000,0.6367,304599826.8
160340,2017,MANNKIND CORP,MNKD,Deloitte,119053000,2.32,276202960
160340,2018,MANNKIND CORP,MNKD,Deloitte,187030000,1.06,198251800
160341,2016,W&T OFFSHORE INC,WTI,E&Y,137674000,2.77,381356980
160341,2017,W&T OFFSHORE INC,WTI,E&Y,139091000,3.31,460391210
160341,2018,W&T OFFSHORE INC,WTI,E&Y,140644000,4.12,579453280
160367,2016,CAREVIEW COMMUNICATIONS INC,CRVW,BDO Seidman,139381000,0.052,7247812
160367,2017,CAREVIEW COMMUNICATIONS INC,CRVW,BDO Seidman,139381000,0.03,4181430
160367,2018,CAREVIEW COMMUNICATIONS INC,CRVW,BDO Seidman,139381000,0.018,2508858
160373,2016,MORNINGSTAR INC,MORN,KPMG,42933000,73.56,3158151480
160373,2017,MORNINGSTAR INC,MORN,KPMG,42548000,96.97,4125879560
160373,2018,MORNINGSTAR INC,MORN,KPMG,42624000,109.84,4681820160
160375,2016,STEREOTAXIS INC,STXS,E&Y,22060000,0.6499,14336794
160375,2017,STEREOTAXIS INC,STXS,E&Y,22802000,0.8,18241600
160375,2018,STEREOTAXIS INC,STXS,E&Y,59054000,1.081,63837374
160376,2016,TEXAS ROADHOUSE INC,TXRH,KPMG,70620000,48.24,3406708800
160376,2017,TEXAS ROADHOUSE INC,TXRH,KPMG,71169000,52.68,3749182920
160376,2018,TEXAS ROADHOUSE INC,TXRH,KPMG,71618000,59.7,4275594600
160378,2016,GRAMERCY PROPERTY TRUST,GPT,E&Y,421986000,9.18,3873831480
160378,2017,GRAMERCY PROPERTY TRUST,GPT,E&Y,160687000,26.66,4283915420
160381,2016,CENCOSUD SA,CNCOY,PwC,954179000,8.4,8015103600
160479,2016,EXTRA SPACE STORAGE INC,EXR,E&Y,125881000,77.24,9723048440
160479,2017,EXTRA SPACE STORAGE INC,EXR,E&Y,126007000,87.45,11019312150
160479,2018,EXTRA SPACE STORAGE INC,EXR,E&Y,127104000,90.48,11500369920
160488,2016,NEUROMETRIX INC,NURO,PwC,6695000,0.7386,4944927
160541,2016,HERCULES CAPITAL INC,HTGC,PwC,79555000,14.11,1122521050
160541,2017,HERCULES CAPITAL INC,HTGC,PwC,84424000,13.12,1107642880
160541,2018,HERCULES CAPITAL INC,HTGC,PwC,96501000,11.05,1066336050
160546,2016,WASHINGTONFIRST BANKSHARES,WFBI,BDO Seidman,12896000,28.99,373855040
160549,2016,LIBERTY GLOBAL PLC,LBTYK,KPMG,899025000,29.7,26701042500
160549,2017,LIBERTY GLOBAL PLC,LBTYK,KPMG,815103000,33.84,27583085520
160549,2018,LIBERTY GLOBAL PLC,LBTYK,KPMG,746724000,20.64,15412383360
160555,2016,MICT INC,MICT,BDO Seidman,6385000,1.33,8492050
160555,2017,MICT INC,MICT,BDO Seidman,8646000,1.12,9683520
160555,2018,MICT INC,MICT,BDO Seidman,9342000,0.6611,6175996.2
160570,2016,COMMERCIAL VEHICLE GROUP INC,CVGI,KPMG,29871000,5.53,165186630
160570,2017,COMMERCIAL VEHICLE GROUP INC,CVGI,KPMG,30219000,10.69,323041110
160570,2018,COMMERCIAL VEHICLE GROUP INC,CVGI,KPMG,30513000,5.7,173924100
160571,2016,RTW RETAILWINDS INC,RTW,BDO Seidman,64367000,2.17,139676390
160571,2017,RTW RETAILWINDS INC,RTW,BDO Seidman,64065000,3.12,199882800
160571,2018,RTW RETAILWINDS INC,RTW,BDO Seidman,64818000,3.1,200935800
160592,2016,SYNTHESIS ENERGY SYSTEMS INC,SES,BDO Seidman,86984000,1.05,91333200
160592,2017,SYNTHESIS ENERGY SYSTEMS INC,SES,BDO Seidman,87435000,0.67,58581450
160598,2016,BEACON ROOFING SUPPLY INC,BECN,E&Y,59891000,42.07,2519614370
160598,2017,BEACON ROOFING SUPPLY INC,BECN,E&Y,67701000,51.25,3469676250
160598,2018,BEACON ROOFING SUPPLY INC,BECN,E&Y,68136000,36.19,2465841840
160628,2016,GOL LINHAS AEREAS INTELIGENT,GOL,E&Y,20249000,13.62,275791380
160628,2017,GOL LINHAS AEREAS INTELIGENT,GOL,E&Y,132810000,8.76,1163415600
160628,2018,GOL LINHAS AEREAS INTELIGENT,GOL,E&Y,133769000,13.55,1812569950
160668,2016,INNOVIVA INC,INVA,E&Y,108435000,10.7,1160254500
160668,2017,INNOVIVA INC,INVA,E&Y,101896000,14.19,1445904240
160668,2018,INNOVIVA INC,INVA,E&Y,101098000,17.45,1764160100
160681,2016,HYSTER-YALE MATERIALS HNDLNG,HY,E&Y,16391000,63.77,1045254070
160681,2017,HYSTER-YALE MATERIALS HNDLNG,HY,E&Y,16463000,85.16,1401989080
160681,2018,HYSTER-YALE MATERIALS HNDLNG,HY,E&Y,16561000,61.96,1026119560
160684,2016,WESTLAKE CHEMICAL CORP,WLK,PwC,128925000,55.99,7218510750
160684,2017,WESTLAKE CHEMICAL CORP,WLK,PwC,129418000,106.53,13786899540
160684,2018,WESTLAKE CHEMICAL CORP,WLK,PwC,128468000,66.17,8500727560
160706,2016,DIAMONDROCK HOSPITALITY CO,DRH,KPMG,200201000,11.53,2308317530
160706,2017,DIAMONDROCK HOSPITALITY CO,DRH,KPMG,200307000,11.29,2261466030
160706,2018,DIAMONDROCK HOSPITALITY CO,DRH,KPMG,204536000,9.08,1857186880
160739,2016,LG DISPLAY CO LTD,LPL,KPMG,715631000,12.85,9195858350
160739,2017,LG DISPLAY CO LTD,LPL,KPMG,715631000,13.76,9847082560
160739,2018,LG DISPLAY CO LTD,LPL,KPMG,715631000,8.19,5861017890
160770,2016,MIRATI THERAPEUTICS INC,MRTX,E&Y,19937000,4.75,94700750
160770,2017,MIRATI THERAPEUTICS INC,MRTX,E&Y,28623000,18.25,522369750
160770,2018,MIRATI THERAPEUTICS INC,MRTX,E&Y,32539000,42.42,1380304380
160776,2016,SIGNATURE BANK/NY,SBNY,KPMG,54611000,150.2,8202572200
160776,2017,SIGNATURE BANK/NY,SBNY,KPMG,54978000,137.26,7546280280
160776,2018,SIGNATURE BANK/NY,SBNY,KPMG,55039000,102.81,5658559590
160785,2016,VIAD CORP,VVI,Deloitte,20321000,44.1,896156100
160785,2017,VIAD CORP,VVI,Deloitte,20417000,55.4,1131101800
160785,2018,VIAD CORP,VVI,Deloitte,20193000,50.09,1011467370
160855,2016,51JOB INC  -ADR,JOBS,PwC,60062000,33.8,2030095600
160855,2017,51JOB INC  -ADR,JOBS,PwC,61853000,60.85,3763755050
160855,2018,51JOB INC  -ADR,JOBS,PwC,61875000,62.44,3863475000
160856,2016,TOP SHIPS INC,TOPS,Deloitte,5689000,2.25,12800250
160856,2017,TOP SHIPS INC,TOPS,Deloitte,89236000,0.251,22398236
160856,2018,TOP SHIPS INC,TOPS,Deloitte,23017000,0.8231,18945292.7
160888,2016,MONOLITHIC POWER SYSTEMS INC,MPWR,Deloitte,40793000,81.93,3342170490
160888,2017,MONOLITHIC POWER SYSTEMS INC,MPWR,Deloitte,41614000,112.36,4675749040
160888,2018,MONOLITHIC POWER SYSTEMS INC,MPWR,Deloitte,42505000,116.25,4941206250
160891,2016,ACCESS NATIONAL CORP,ANCX,BDO Seidman,10636000,27.76,295255360
160891,2017,ACCESS NATIONAL CORP,ANCX,BDO Seidman,20534000,27.84,571666560
160893,2016,ENERSYS,ENS,E&Y,43448000,78.94,3429785120
160893,2017,ENERSYS,ENS,E&Y,41915000,69.37,2907643550
160893,2018,ENERSYS,ENS,E&Y,42621000,65.16,2777184360
160902,2016,SYNERON MEDICAL LTD,ELOS,E&Y,34730000,8.4,291732000
160913,2016,ORMAT TECHNOLOGIES INC,ORA,PwC,49667000,53.62,2663144540
160913,2017,ORMAT TECHNOLOGIES INC,ORA,PwC,50609000,63.96,3236951640
160990,2016,CUBESMART,CUBE,KPMG,180083000,26.77,4820821910
160990,2017,CUBESMART,CUBE,KPMG,182216000,28.92,5269686720
160990,2018,CUBESMART,CUBE,KPMG,187145000,28.69,5369190050
160991,2016,DIGITAL REALTY TRUST INC,DLR,KPMG,159019000,98.26,15625206940
160991,2017,DIGITAL REALTY TRUST INC,DLR,KPMG,205470000,113.9,23403033000
160991,2018,DIGITAL REALTY TRUST INC,DLR,KPMG,206426000,106.55,21994690300
161048,2016,AMERICAN CAMPUS COMMUNITIES,ACC,E&Y,132205000,49.77,6579842850
161048,2017,AMERICAN CAMPUS COMMUNITIES,ACC,E&Y,136299000,41.03,5592347970
161048,2018,AMERICAN CAMPUS COMMUNITIES,ACC,E&Y,136898000,41.39,5666208220
161055,2016,BUILD-A-BEAR WORKSHOP INC,BBW,E&Y,15857000,13.75,218033750
161055,2017,BUILD-A-BEAR WORKSHOP INC,BBW,E&Y,15516000,9.2,142747200
161055,2018,BUILD-A-BEAR WORKSHOP INC,BBW,E&Y,14953000,4.73,70727690
161072,2016,COMSTOCK HOLDING COS INC,CHCI,BDO Seidman,3340000,1.8,6012000
161072,2017,COMSTOCK HOLDING COS INC,CHCI,BDO Seidman,3430000,1.7,5831000
161072,2018,COMSTOCK HOLDING COS INC,CHCI,BDO Seidman,3838000,1.68,6447840
161120,2016,MACQUARIE INFRASTRUCTURE CP,MIC,KPMG,82048000,81.7,6703321600
161120,2017,MACQUARIE INFRASTRUCTURE CP,MIC,KPMG,84734000,64.2,5439922800
161120,2018,MACQUARIE INFRASTRUCTURE CP,MIC,KPMG,85800000,36.56,3136848000
161813,2016,BLUELINX HOLDINGS INC,BXC,BDO Seidman,9031000,7.47,67461570
161813,2017,BLUELINX HOLDINGS INC,BXC,BDO Seidman,9101000,9.76,88825760
161813,2018,BLUELINX HOLDINGS INC,BXC,BDO Seidman,9294000,24.71,229654740
161843,2018,MANITEX INTERNATIONAL INC,MNTX,Grant Thornton,19646000,5.68,111589280
161844,2016,LAS VEGAS SANDS CORP,LVS,Deloitte,795000000,53.41,42460950000
161844,2017,LAS VEGAS SANDS CORP,LVS,Deloitte,789485000,69.49,54861312650
161844,2018,LAS VEGAS SANDS CORP,LVS,Deloitte,775463000,52.05,40362849150
161853,2016,KEARNY FINANCIAL CORP,KRNY,BDO Seidman,88059000,12.58,1107782220
161853,2017,KEARNY FINANCIAL CORP,KRNY,BDO Seidman,80789000,14.85,1199716650
161925,2016,CHINA FINANCE ONLINE CO -ADR,JRJC,BDO Seidman,23620000,3.62,85504400
161925,2017,CHINA FINANCE ONLINE CO -ADR,JRJC,BDO Seidman,23620000,2.68,63301600
161925,2018,CHINA FINANCE ONLINE CO -ADR,JRJC,BDO Seidman,23620000,0.9,21258000
161953,2016,EDUCATION REALTY TRUST INC,EDR.1,Deloitte,73075000,42.3,3091072500
161953,2017,EDUCATION REALTY TRUST INC,EDR.1,Deloitte,75780000,34.92,2646237600
161966,2016,ARES CAPITAL CORP,ARCC,KPMG,314000000,16.49,5177860000
161966,2017,ARES CAPITAL CORP,ARCC,KPMG,426000000,15.72,6696720000
161966,2018,ARES CAPITAL CORP,ARCC,KPMG,426000000,15.58,6637080000
161997,2016,HURON CONSULTING GROUP INC,HURN,PwC,21718000,50.65,1100016700
161997,2017,HURON CONSULTING GROUP INC,HURN,PwC,22116000,40.45,894592200
161997,2018,HURON CONSULTING GROUP INC,HURN,PwC,22546000,51.31,1156835260
162076,2016,ARC DOCUMENT SOLUTIONS INC,ARC,Deloitte,45988000,5.08,233619040
162076,2017,ARC DOCUMENT SOLUTIONS INC,ARC,Deloitte,45266000,2.55,115428300
162076,2018,ARC DOCUMENT SOLUTIONS INC,ARC,Deloitte,45818000,2.05,93926900
162127,2016,CONSOLIDATED COMM HLDGS INC,CNSL,E&Y,50612000,26.85,1358932200
162127,2017,CONSOLIDATED COMM HLDGS INC,CNSL,E&Y,70777000,12.19,862771630
162127,2018,CONSOLIDATED COMM HLDGS INC,CNSL,E&Y,71187000,9.88,703327560
162129,2016,MOSAIC CO,MOS,KPMG,350239000,29.33,10272509870
162129,2017,MOSAIC CO,MOS,KPMG,351050000,25.66,9007943000
162129,2018,MOSAIC CO,MOS,KPMG,385470000,29.21,11259578700
162160,2016,MEDICAL PROPERTIES TRUST,MPW,PwC,320489000,12.3,3942014700
162160,2017,MEDICAL PROPERTIES TRUST,MPW,PwC,364358000,13.78,5020853240
162160,2018,MEDICAL PROPERTIES TRUST,MPW,PwC,370571000,16.08,5958781680
162219,2016,OHA INVESTMENT CORP,OHAI,E&Y,20172000,1.73,34897560
162219,2017,OHA INVESTMENT CORP,OHAI,E&Y,20172000,1.15,23197800
162219,2018,OHA INVESTMENT CORP,OHAI,E&Y,20172000,1.01,20373720
162254,2016,CELANESE CORP,CE,KPMG,140660000,78.74,11075568400
162254,2017,CELANESE CORP,CE,KPMG,135769000,107.08,14538144520
162254,2018,CELANESE CORP,CE,KPMG,128096000,89.97,11524797120
162264,2016,NEENAH PAPER INC,NP,Deloitte,16771000,85.2,1428889200
162264,2017,NEENAH PAPER INC,NP,Deloitte,16870000,90.65,1529265500
162264,2018,NEENAH PAPER INC,NP,Deloitte,16859000,58.92,993332280
162335,2016,PRESTIGE CONSUMER HEALTHCARE,PBH,PwC,52955000,55.56,2942179800
162335,2017,PRESTIGE CONSUMER HEALTHCARE,PBH,PwC,53043000,33.72,1788609960
162335,2018,PRESTIGE CONSUMER HEALTHCARE,PBH,PwC,51799000,29.91,1549308090
162338,2016,UNIVERSAL LOGISTICS HLDGS,ULH,BDO Seidman,28430000,16.35,464830500
162338,2017,UNIVERSAL LOGISTICS HLDGS,ULH,BDO Seidman,28382000,23.75,674072500
162338,2018,UNIVERSAL LOGISTICS HLDGS,ULH,BDO Seidman,28379000,18.09,513376110
162346,2016,ATLANTIC POWER CORP,AT,KPMG,114650000,2.5,286625000
162346,2017,ATLANTIC POWER CORP,AT,KPMG,115212000,2.35,270748200
162346,2018,ATLANTIC POWER CORP,AT,KPMG,108342000,2.17,235102140
162354,2016,DOLBY LABORATORIES INC,DLB,KPMG,101422000,54.29,5506200380
162354,2017,DOLBY LABORATORIES INC,DLB,KPMG,102155000,57.52,5875955600
162354,2018,DOLBY LABORATORIES INC,DLB,KPMG,103240000,69.97,7223702800
162385,2016,WEX INC,WEX,Deloitte,42841000,111.6,4781055600
162385,2017,WEX INC,WEX,Deloitte,43022000,141.23,6075997060
162385,2018,WEX INC,WEX,Deloitte,43129000,140.06,6040647740
162386,2016,FTD COS INC,FTDCQ,Deloitte,27300000,23.84,650832000
162386,2017,FTD COS INC,FTDCQ,Deloitte,27642000,7.19,198745980
162386,2018,FTD COS INC,FTDCQ,Deloitte,28325000,1.48,41921000
162387,2016,TEEKAY LNG PARTNERS LP,TGP,KPMG,79572000,14.45,1149815400
162387,2017,TEEKAY LNG PARTNERS LP,TGP,KPMG,79627000,20.15,1604484050
162387,2018,TEEKAY LNG PARTNERS LP,TGP,KPMG,79361000,11.02,874558220
162401,2016,HUNTSMAN CORP,HUN,Deloitte,236370000,19.08,4509939600
162401,2017,HUNTSMAN CORP,HUN,Deloitte,240214000,33.29,7996724060
162401,2018,HUNTSMAN CORP,HUN,Deloitte,232994000,19.29,4494454260
162404,2016,LHC GROUP INC,LHCG,KPMG,17600000,45.7,804320000
162404,2017,LHC GROUP INC,LHCG,KPMG,17750000,61.25,1087187500
162404,2018,LHC GROUP INC,LHCG,KPMG,30678000,93.88,2880050640
162408,2016,THE9 LTD -ADR,NCTY,Grant Thornton,23916000,1.25,29895000
162408,2017,THE9 LTD -ADR,NCTY,Grant Thornton,23916000,0.6401,15308631.6
162408,2018,THE9 LTD -ADR,NCTY,Grant Thornton,30438000,1.03,31351140
162449,2016,EXLSERVICE HOLDINGS INC,EXLS,E&Y,33628000,50.44,1696196320
162449,2017,EXLSERVICE HOLDINGS INC,EXLS,E&Y,33889000,60.35,2045201150
162449,2018,EXLSERVICE HOLDINGS INC,EXLS,Deloitte,34222000,52.62,1800761640
162459,2016,HIGHPOINT RESOURCES CORP,HPR,Deloitte,74395000,6.99,520021050
162459,2017,HIGHPOINT RESOURCES CORP,HPR,Deloitte,108969000,5.13,559010970
162459,2018,HIGHPOINT RESOURCES CORP,HPR,Deloitte,209565000,2.49,521816850
162501,2016,OTELCO INC,OTEL,BDO Seidman,3292000,6.35,20904200
162501,2017,OTELCO INC,OTEL,BDO Seidman,3347000,13.35,44682450
162501,2018,OTELCO INC,OTEL,BDO Seidman,3389000,16.17,54800130
162559,2016,LAZARD LTD,LAZ,Deloitte,122137000,41.09,5018609330
162559,2017,LAZARD LTD,LAZ,Deloitte,119019000,52.5,6248497500
162559,2018,LAZARD LTD,LAZ,Deloitte,112191000,36.91,4140969810
162560,2016,AXOS FINANCIAL INC,AX,BDO Seidman,63219000,17.71,1119608490
162560,2017,AXOS FINANCIAL INC,AX,BDO Seidman,63536000,23.72,1507073920
162560,2018,AXOS FINANCIAL INC,AX,BDO Seidman,62688000,40.91,2564566080
162585,2016,SUNESIS PHARMACEUTICALS INC,SNSS,E&Y,20925000,3.62,75748500
162585,2017,SUNESIS PHARMACEUTICALS INC,SNSS,E&Y,34291000,3.69,126533790
162585,2018,SUNESIS PHARMACEUTICALS INC,SNSS,E&Y,37474000,0.4157,15577941.8
162720,2016,NAVIOS MARITIME HOLDINGS INC,NM,PwC,117131000,1.41,165154710
162720,2017,NAVIOS MARITIME HOLDINGS INC,NM,PwC,120386000,1.2,144463200
162720,2018,NAVIOS MARITIME HOLDINGS INC,NM,PwC,128434000,0.274,35190916
162733,2016,VERIFONE SYSTEMS INC,PAY,E&Y,111261000,15.48,1722320280
162733,2017,VERIFONE SYSTEMS INC,PAY,E&Y,112367000,19.08,2143962360
162742,2016,FREIGHTCAR AMERICA INC,RAIL,Deloitte,12380000,14.93,184833400
162742,2017,FREIGHTCAR AMERICA INC,RAIL,Deloitte,12395000,17.08,211706600
162742,2018,FREIGHTCAR AMERICA INC,RAIL,Deloitte,12460000,6.69,83357400
162768,2016,DRYSHIPS INC,DRYS,E&Y,36913000,3.69,136208970
162768,2017,DRYSHIPS INC,DRYS,E&Y,104275000,3.53,368090750
162768,2018,DRYSHIPS INC,DRYS,E&Y,87232000,5.65,492860800
162814,2016,GRAVITY CO LTD -ADR,GRVY,PwC,3474000,10.5499,36650352.6
162814,2017,GRAVITY CO LTD -ADR,GRVY,PwC,3474000,94.5,328293000
162814,2018,GRAVITY CO LTD -ADR,GRVY,PwC,6949000,41.95,291510550
162857,2016,ICPW LIQUIDATION CORPORATION,ICPWQ,BDO Seidman,84500000,0.2766,23372700
162876,2016,CORE MARK HOLDING CO INC,CORE,Deloitte,46153000,43.07,1987809710
162876,2017,CORE MARK HOLDING CO INC,CORE,Deloitte,46165000,31.58,1457890700
162876,2018,CORE MARK HOLDING CO INC,CORE,Deloitte,45704000,23.25,1062618000
162887,2016,DEXCOM INC,DXCM,E&Y,84600000,59.7,5050620000
162887,2017,DEXCOM INC,DXCM,E&Y,87000000,57.39,4992930000
162887,2018,DEXCOM INC,DXCM,E&Y,90000000,119.8,10782000000
162892,2016,MEDICINOVA INC,MNOV,BDO Seidman,34524000,6.03,208179720
162892,2017,MEDICINOVA INC,MNOV,BDO Seidman,36453000,6.47,235850910
162892,2018,MEDICINOVA INC,MNOV,BDO Seidman,42081000,8.17,343801770
162894,2016,CRESTWOOD EQUITY PARTNERS LP,CEQP,E&Y,69500000,25.55,1775725000
162894,2017,CRESTWOOD EQUITY PARTNERS LP,CEQP,E&Y,70722000,25.8,1824627600
162894,2018,CRESTWOOD EQUITY PARTNERS LP,CEQP,E&Y,71659000,27.91,2000002690
162906,2016,IHS MARKIT LTD,INFO,E&Y,415000000,35.94,14915100000
162906,2017,IHS MARKIT LTD,INFO,E&Y,399200000,44.62,17812304000
162906,2018,IHS MARKIT LTD,INFO,E&Y,397100000,53.37,21193227000
162907,2016,SILICON GRAPHICS INTL CORP,SGI,Deloitte,36389000,5.03,183036670
162925,2016,EXANTAS CAPITAL CORP,XAN,Grant Thornton,31050000,8.33,258646500
162925,2017,EXANTAS CAPITAL CORP,XAN,Grant Thornton,31430000,9.37,294499100
162925,2018,EXANTAS CAPITAL CORP,XAN,Grant Thornton,31657000,10.02,317203140
163036,2016,BUILDERS FIRSTSOURCE,BLDR,PwC,111564000,10.97,1223857080
163036,2017,BUILDERS FIRSTSOURCE,BLDR,PwC,113572000,21.79,2474733880
163036,2018,BUILDERS FIRSTSOURCE,BLDR,PwC,115078000,10.91,1255500980
163051,2016,CITI TRENDS INC,CTRN,KPMG,14899000,16.05,239128950
163051,2017,CITI TRENDS INC,CTRN,KPMG,13744000,23.51,323121440
163051,2018,CITI TRENDS INC,CTRN,KPMG,12158000,20.49,249117420
163060,2016,DIANA SHIPPING INC,DSX,E&Y,84696000,3.02,255781920
163060,2017,DIANA SHIPPING INC,DSX,E&Y,106131000,4.07,431953170
163060,2018,DIANA SHIPPING INC,DSX,E&Y,103764000,3.18,329969520
163113,2016,KOPPERS HOLDINGS INC,KOP,KPMG,20665000,40.3,832799500
163113,2017,KOPPERS HOLDINGS INC,KOP,KPMG,20778000,50.9,1057600200
163113,2018,KOPPERS HOLDINGS INC,KOP,KPMG,20549000,17.04,350154960
163594,2016,TRANSMONTAIGNE PARTNERS LP,TLP,Deloitte,16138000,44.27,714429260
163594,2017,TRANSMONTAIGNE PARTNERS LP,TLP,Deloitte,16177000,39.45,638182650
163594,2018,TRANSMONTAIGNE PARTNERS LP,TLP,Deloitte,16229000,40.58,658572820
163610,2016,INTERCONTINENTAL EXCHANGE,ICE,E&Y,595000000,56.42,33569900000
163610,2017,INTERCONTINENTAL EXCHANGE,ICE,E&Y,583000000,70.56,41136480000
163610,2018,INTERCONTINENTAL EXCHANGE,ICE,E&Y,569000000,75.33,42862770000
163629,2016,NEUSTAR INC,NSR,E&Y,54899000,33.4,1833626600
163668,2016,LINCOLN EDUCATIONAL SERVICES,LINC,Deloitte,24774000,1.92,47566080
163668,2017,LINCOLN EDUCATIONAL SERVICES,LINC,Deloitte,24714000,2.02,49922280
163668,2018,LINCOLN EDUCATIONAL SERVICES,LINC,Deloitte,24641000,3.2,78851200
163669,2016,ITC HOLDINGS CORP,ITC1,Deloitte,224203000,45.5,10201236500
163678,2016,EVERI HOLDINGS INC,EVRI,BDO Seidman,66085000,2.17,143404450
163678,2017,EVERI HOLDINGS INC,EVRI,BDO Seidman,68237000,7.54,514506980
163678,2018,EVERI HOLDINGS INC,EVRI,BDO Seidman,70200000,5.15,361530000
163685,2016,EAGLE BULK SHIPPING INC,EGLE,Deloitte,48107000,5.85,281425950
163685,2017,EAGLE BULK SHIPPING INC,EGLE,Deloitte,70394000,4.48,315365120
163685,2018,EAGLE BULK SHIPPING INC,EGLE,Deloitte,71055000,4.61,327563550
163692,2016,STUDENT TRANSPORTATION INC,STB,E&Y,91904000,5.14,472386560
163692,2017,STUDENT TRANSPORTATION INC,STB,E&Y,94632000,6.065,573943080
163765,2016,COOPER-STANDARD HOLDINGS INC,CPS,E&Y,17691000,103.38,1828895580
163765,2017,COOPER-STANDARD HOLDINGS INC,CPS,E&Y,17915000,122.5,2194587500
163765,2018,COOPER-STANDARD HOLDINGS INC,CPS,E&Y,17555000,62.12,1090516600
163878,2016,CAPELLA EDUCATION CO,CPLA,E&Y,11545000,87.8,1013651000
163878,2017,CAPELLA EDUCATION CO,CPLA,E&Y,11635000,77.4,900549000
163884,2016,FRANKLIN STREET PROPERTIES,FSP,E&Y,107231000,12.96,1389713760
163884,2017,FRANKLIN STREET PROPERTIES,FSP,E&Y,107231000,10.74,1151660940
163884,2018,FRANKLIN STREET PROPERTIES,FSP,E&Y,107231000,6.23,668049130
163889,2016,ATRICURE INC,ATRC,Deloitte,33342000,19.57,652502940
163889,2017,ATRICURE INC,ATRC,Deloitte,34586000,18.24,630848640
163889,2018,ATRICURE INC,ATRC,Deloitte,38604000,30.6,1181282400
163891,2016,RUTHS HOSPITALITY GROUP INC,RUTH,KPMG,30477000,18.3,557729100
163891,2017,RUTHS HOSPITALITY GROUP INC,RUTH,KPMG,29574000,21.65,640277100
163891,2018,RUTHS HOSPITALITY GROUP INC,RUTH,KPMG,29197000,22.73,663647810
163916,2016,WEB.COM GROUP INC,WEB,E&Y,47132000,21.15,996841800
163916,2017,WEB.COM GROUP INC,WEB,E&Y,44540000,21.8,970972000
163921,2016,WILLIAMS PARTNERS LP,WPZ,Deloitte,607065000,38.03,23086681950
163921,2017,WILLIAMS PARTNERS LP,WPZ,E&Y,956953000,38.78,37110637340
163924,2016,JAMES RIVER GROUP HLDGS LTD,JRVR,E&Y,29258000,41.55,1215669900
163924,2017,JAMES RIVER GROUP HLDGS LTD,JRVR,E&Y,29697000,40.01,1188176970
163924,2018,JAMES RIVER GROUP HLDGS LTD,JRVR,E&Y,29988000,36.54,1095761520
163930,2016,GENCO SHIPPING & TRADING,GNK,Deloitte,7354000,7.38,54272520
163930,2017,GENCO SHIPPING & TRADING,GNK,Deloitte,34532000,13.32,459966240
163930,2018,GENCO SHIPPING & TRADING,GNK,Deloitte,41644000,7.89,328571160
163935,2016,GLOBAL PARTNERS LP,GLP,E&Y,33544000,19.45,652430800
163935,2017,GLOBAL PARTNERS LP,GLP,E&Y,33645000,16.7,561871500
163935,2018,GLOBAL PARTNERS LP,GLP,E&Y,33751000,16.3,550141300
163939,2016,ALON USA ENERGY INC,ALJ,KPMG,71578000,11.38,814557640
163946,2016,CF INDUSTRIES HOLDINGS INC,CF,KPMG,233114000,31.48,7338428720
163946,2017,CF INDUSTRIES HOLDINGS INC,CF,KPMG,233287000,42.54,9924028980
163946,2018,CF INDUSTRIES HOLDINGS INC,CF,KPMG,222818000,43.51,9694811180
163963,2016,COLUMBIA PROPERTY TRUST INC,CXP,Deloitte,122184000,21.6,2639174400
163963,2017,COLUMBIA PROPERTY TRUST INC,CXP,Deloitte,119789000,22.95,2749157550
163963,2018,COLUMBIA PROPERTY TRUST INC,CXP,Deloitte,116698000,19.35,2258106300
163983,2016,TREEHOUSE FOODS INC,THS,Deloitte,56760000,72.19,4097504400
163983,2017,TREEHOUSE FOODS INC,THS,Deloitte,56638000,49.46,2801315480
163983,2018,TREEHOUSE FOODS INC,THS,Deloitte,56000000,50.71,2839760000
164046,2016,GRAN TIERRA ENERGY INC,GTE,Deloitte,399007000,3.02,1205001140
164046,2017,GRAN TIERRA ENERGY INC,GTE,Deloitte,391303000,2.7,1056518100
164046,2018,GRAN TIERRA ENERGY INC,GTE,KPMG,387079000,2.17,839961430
164086,2016,CIMPRESS NV,CMPR,PwC,31537000,92.48,2916541760
164086,2017,CIMPRESS NV,CMPR,PwC,31416000,94.53,2969754480
164086,2018,CIMPRESS NV,CMPR,PwC,30876000,144.96,4475784960
164109,2016,LINN ENERGY INC,LNGG,KPMG,352792000,0.1012,35702550.4
164109,2017,LINN ENERGY INC,LNGG,KPMG,83582000,40.25,3364175500
164132,2016,RETAIL PPTYS OF AMERICA INC,RPAI,Deloitte,236770000,15.33,3629684100
164132,2017,RETAIL PPTYS OF AMERICA INC,RPAI,Deloitte,219237000,13.44,2946545280
164132,2018,RETAIL PPTYS OF AMERICA INC,RPAI,Deloitte,213176000,10.85,2312959600
164155,2016,GLADSTONE INVESTMENT CORP/DE,GAIN,PwC,30271000,9.07,274557970
164155,2017,GLADSTONE INVESTMENT CORP/DE,GAIN,PwC,32654000,10.1,329805400
164155,2018,GLADSTONE INVESTMENT CORP/DE,GAIN,PwC,32822000,11.6,380735200
164211,2016,SILICON MOTION TECH -ADR,SIMO,Deloitte,35328000,42.48,1500733440
164211,2017,SILICON MOTION TECH -ADR,SIMO,Deloitte,35791000,52.96,1895491360
164211,2018,SILICON MOTION TECH -ADR,SIMO,Deloitte,36170000,34.5,1247865000
164218,2016,MADALENA ENERGY INC,MDLNF,KPMG,543780000,0.09,48940200
164218,2017,MADALENA ENERGY INC,MDLNF,E&Y,543860000,0.203,110403580
164218,2018,MADALENA ENERGY INC,MDLNF,E&Y,544060000,0.122,66375320
164255,2016,JAMBA INC,JMBA,KPMG,15410000,10.3,158723000
164255,2017,JAMBA INC,JMBA,KPMG,15588000,8.06,125639280
164290,2016,KONA GRILL INC,KONAQ,E&Y,10452000,12.55,131172600
164290,2017,KONA GRILL INC,KONAQ,E&Y,10110000,1.75,17692500
164290,2018,KONA GRILL INC,KONAQ,BDO Seidman,13264000,1.05,13927200
164296,2016,DISCOVERY INC,DISCA,PwC,418000000,27.41,11457380000
164296,2017,DISCOVERY INC,DISCA,PwC,386000000,22.38,8638680000
164296,2018,DISCOVERY INC,DISCA,PwC,530000000,24.74,13112200000
164363,2016,TRONOX HOLDINGS PLC,TROX,PwC,116320000,10.31,1199259200
164363,2017,TRONOX HOLDINGS PLC,TROX,PwC,121270000,20.51,2487247700
164363,2018,TRONOX HOLDINGS PLC,TROX,PwC,122934000,7.78,956426520
164364,2016,INVESTORS BANCORP INC,ISBC,KPMG,309449000,13.95,4316813550
164364,2017,INVESTORS BANCORP INC,ISBC,KPMG,306126000,13.88,4249028880
164364,2018,INVESTORS BANCORP INC,ISBC,KPMG,286273000,10.4,2977239200
164416,2016,IROBOT CORP,IRBT,PwC,27238000,58.45,1592061100
164416,2017,IROBOT CORP,IRBT,PwC,27945000,76.7,2143381500
164416,2018,IROBOT CORP,IRBT,PwC,27788000,83.74,2326967120
164432,2016,NCI INC,NCIT,Deloitte,13585000,13.95,189510750
164471,2016,RESTAURANT BRANDS INTL INC,QSR,KPMG,234237000,47.66,11163735420
164471,2017,RESTAURANT BRANDS INTL INC,QSR,KPMG,243899000,61.48,14994910520
164471,2018,RESTAURANT BRANDS INTL INC,QSR,KPMG,251532000,52.3,13155123600
164494,2016,SPIRIT AEROSYSTEMS HOLDINGS,SPR,E&Y,121642000,58.35,7097810700
164494,2017,SPIRIT AEROSYSTEMS HOLDINGS,SPR,E&Y,114448000,87.25,9985588000
164494,2018,SPIRIT AEROSYSTEMS HOLDINGS,SPR,E&Y,105462000,72.09,7602755580
164506,2016,ACCO BRANDS CORP,ACCO,KPMG,107907000,13.05,1408186350
164506,2017,ACCO BRANDS CORP,ACCO,KPMG,106684000,12.2,1301544800
164506,2018,ACCO BRANDS CORP,ACCO,KPMG,102749000,6.78,696638220
164510,2016,PHARMATHENE INC,PIP,E&Y,67726000,3.25,220109500
164532,2016,BAIDU INC,BIDU,E&Y,347268000,164.41,57094331880
164532,2017,BAIDU INC,BIDU,E&Y,348163000,234.21,81543256230
164532,2018,BAIDU INC,BIDU,E&Y,349350000,158.6,55406910000
164534,2016,SEASPAN CORP,SSW,KPMG,105723000,9.14,966308220
164534,2017,SEASPAN CORP,SSW,KPMG,131664000,6.75,888732000
164534,2018,SEASPAN CORP,SSW,KPMG,176836000,7.83,1384625880
164557,2016,RBC BEARINGS INC,ROLL,E&Y,24090000,97.09,2338898100
164557,2017,RBC BEARINGS INC,ROLL,E&Y,24105000,124.2,2993841000
164557,2018,RBC BEARINGS INC,ROLL,E&Y,24854000,127.17,3160683180
164572,2016,AMERISAFE INC,AMSF,E&Y,19230000,62.35,1198990500
164572,2017,AMERISAFE INC,AMSF,E&Y,19246000,61.6,1185553600
164572,2018,AMERISAFE INC,AMSF,E&Y,19270000,56.69,1092416300
164606,2016,TOWN SPORTS INTL HOLDINGS,CLUB,PwC,26561000,2.5,66402500
164606,2017,TOWN SPORTS INTL HOLDINGS,CLUB,PwC,27149000,5.55,150676950
164606,2018,TOWN SPORTS INTL HOLDINGS,CLUB,PwC,27192000,6.4,174028800
164609,2016,GENOMIC HEALTH INC,GHDX,E&Y,33832000,29.39,994322480
164609,2017,GENOMIC HEALTH INC,GHDX,E&Y,35050000,34.2,1198710000
164609,2018,GENOMIC HEALTH INC,GHDX,E&Y,36407000,64.41,2344974870
164612,2016,NXSTAGE MEDICAL INC,NXTM,E&Y,64947000,26.21,1702260870
164612,2017,NXSTAGE MEDICAL INC,NXTM,E&Y,66295000,24.23,1606327850
164652,2016,BROOKDALE SENIOR LIVING INC,BKD,E&Y,190046000,12.42,2360371320
164652,2017,BROOKDALE SENIOR LIVING INC,BKD,E&Y,191276000,9.7,1855377200
164652,2018,BROOKDALE SENIOR LIVING INC,BKD,E&Y,192356000,6.7,1288785200
164660,2016,CLEAR CHANNEL OUTDOOR HLDGS,CCO,E&Y,362313000,5.05,1829680650
164660,2017,CLEAR CHANNEL OUTDOOR HLDGS,CCO,E&Y,364009000,4.6,1674441400
164660,2018,CLEAR CHANNEL OUTDOOR HLDGS,CCO,E&Y,365451000,5.19,1896690690
164664,2016,CYNOSURE INC,CYNO,E&Y,23688000,45.6,1080172800
164680,2016,KAPSTONE PAPER & PACKAGING,KS,E&Y,96640000,22.05,2130912000
164680,2017,KAPSTONE PAPER & PACKAGING,KS,E&Y,97044000,22.69,2201928360
164702,2016,HOLLYSYS AUTOMATION TECH LTD,HOLI,E&Y,59598000,17.37,1035217260
164702,2017,HOLLYSYS AUTOMATION TECH LTD,HOLI,E&Y,60342000,16.61,1002280620
164702,2018,HOLLYSYS AUTOMATION TECH LTD,HOLI,E&Y,60342000,22.14,1335971880
164708,2016,AMERIPRISE FINANCIAL INC,AMP,PwC,154760000,110.94,17169074400
164708,2017,AMERIPRISE FINANCIAL INC,AMP,PwC,146635000,169.47,24850233450
164708,2018,AMERIPRISE FINANCIAL INC,AMP,PwC,136331000,104.37,14228866470
164746,2016,COUNTERPATH CORP,CPAH,BDO Seidman,4945000,1.9301,9544344.5
164746,2017,COUNTERPATH CORP,CPAH,BDO Seidman,5930000,2.5999,15417407
164746,2018,COUNTERPATH CORP,CPAH,BDO Seidman,5950000,1.86,11067000
164755,2016,CROCS INC,CROX,Deloitte,73600000,6.86,504896000
164755,2017,CROCS INC,CROX,Deloitte,68791000,12.64,869518240
164755,2018,CROCS INC,CROX,Deloitte,73306000,25.98,1904489880
164756,2016,BOARDWALK PIPELINE PRTNRS-LP,BWP,Deloitte,250300000,17.36,4345208000
164756,2017,BOARDWALK PIPELINE PRTNRS-LP,BWP,Deloitte,250300000,12.91,3231373000
165051,2016,SUNPOWER CORP,SPWR,E&Y,138510000,6.61,915551100
165051,2017,SUNPOWER CORP,SPWR,E&Y,139661000,8.43,1177342230
165051,2018,SUNPOWER CORP,SPWR,E&Y,141180000,4.97,701664600
165052,2016,UNDER ARMOUR INC,UAA,PwC,438439000,29.05,12736652950
165052,2017,UNDER ARMOUR INC,UAA,PwC,442083000,14.43,6379257690
165052,2018,UNDER ARMOUR INC,UAA,PwC,448582000,17.67,7926443940
165075,2016,STEALTHGAS INC,GASS,Deloitte,39861000,3.38,134730180
165075,2017,STEALTHGAS INC,GASS,Deloitte,39861000,4.36,173793960
165075,2018,STEALTHGAS INC,GASS,Deloitte,40125000,2.76,110745000
165123,2016,LEIDOS HOLDINGS INC,LDOS,Deloitte,150000000,51.14,7671000000
165123,2017,LEIDOS HOLDINGS INC,LDOS,Deloitte,151000000,64.57,9750070000
165123,2018,LEIDOS HOLDINGS INC,LDOS,Deloitte,146000000,52.72,7697120000
165209,2016,CORENERGY INFRASTRUCTURE TR,CORR,E&Y,11886000,34.88,414583680
165209,2017,CORENERGY INFRASTRUCTURE TR,CORR,E&Y,11916000,38.2,455191200
165209,2018,CORENERGY INFRASTRUCTURE TR,CORR,E&Y,11960000,33.08,395636800
165262,2016,DHT HOLDINGS INC,DHT,Deloitte,93434000,4.14,386816760
165262,2017,DHT HOLDINGS INC,DHT,Deloitte,142417000,3.59,511277030
165262,2018,DHT HOLDINGS INC,DHT,Deloitte,142700000,3.92,559384000
165264,2016,FIDELITY NATL FINL FNF GROUP,FNF,KPMG,272205000,33.96,9244081800
165264,2017,FIDELITY NATL FINL FNF GROUP,FNF,KPMG,274432000,39.24,10768711680
165264,2018,FIDELITY NATL FINL FNF GROUP,FNF,E&Y,275374000,31.44,8657758560
165284,2016,FIRST BUSINESS FINL SRV INC,FBIZ,KPMG,8716000,23.72,206743520
165284,2017,FIRST BUSINESS FINL SRV INC,FBIZ,KPMG,8764000,22.12,193859680
165284,2018,FIRST BUSINESS FINL SRV INC,FBIZ,KPMG,8785000,19.51,171395350
165358,2016,AMERICAN RAILCAR INDS INC,ARII,Grant Thornton,19084000,45.29,864314360
165358,2017,AMERICAN RAILCAR INDS INC,ARII,Grant Thornton,19084000,41.64,794657760
165466,2016,DCP MIDSTREAM LP,DCP,Deloitte,114750000,38.38,4404105000
165466,2017,DCP MIDSTREAM LP,DCP,Deloitte,143310000,36.33,5206452300
165466,2018,DCP MIDSTREAM LP,DCP,Deloitte,143317000,26.49,3796467330
165510,2016,ORIGIN AGRITECH LTD,SEED,BDO Seidman,22874000,2.37,54211380
165510,2017,ORIGIN AGRITECH LTD,SEED,BDO Seidman,23857000,1.64,39125480
165510,2018,ORIGIN AGRITECH LTD,SEED,BDO Seidman,3196000,5.26,16810960
165556,2018,CHAPARRAL ENERGY INC,CHAP,Grant Thornton,46391000,4.92,228243720
165557,2016,BIRKS GROUP INC,BGI,KPMG,17961000,1.42,25504620
165557,2017,BIRKS GROUP INC,BGI,KPMG,17961000,1.07,19218270
165557,2018,BIRKS GROUP INC,BGI,KPMG,17961000,1.11,19936710
165563,2016,BIO-PATH HOLDINGS INC,BPTH,BDO Seidman,95645000,1.35,129120750
165563,2017,BIO-PATH HOLDINGS INC,BPTH,BDO Seidman,113390000,0.2025,22961475
165563,2018,BIO-PATH HOLDINGS INC,BPTH,BDO Seidman,13600000,0.175,2380000
165637,2016,UR ENERGY INC,URG,PwC,143676000,0.5311,76306323.6
165637,2017,UR ENERGY INC,URG,PwC,146532000,0.6836,100169275.2
165637,2018,UR ENERGY INC,URG,PwC,159729000,0.65,103823850
165642,2016,AEGEAN MARINE PETROLM NETWK,ANWWQ,PwC,39404000,10.15,399950600
165649,2016,ENERGY TRANSFER LP,ET,Grant Thornton,1046947000,19.31,20216546570
165649,2017,ENERGY TRANSFER LP,ET,Grant Thornton,1079146000,17.26,18626059960
165649,2018,ENERGY TRANSFER LP,ET,Grant Thornton,2619369000,13.21,34601864490
165652,2016,WESTERN REFINING INC,WNR,Deloitte,108512000,37.85,4107179200
165675,2016,VIACOM INC,VIAB,PwC,397000000,38.1,15125700000
165675,2017,VIACOM INC,VIAB,PwC,402400000,27.84,11202816000
165675,2018,VIACOM INC,VIAB,PwC,403100000,33.76,13608656000
165678,2016,COPA HOLDINGS SA,CPA,E&Y,42050000,90.83,3819401500
165678,2017,COPA HOLDINGS SA,CPA,E&Y,42124000,134.06,5647143440
165678,2018,COPA HOLDINGS SA,CPA,E&Y,42196000,78.71,3321247160
165743,2016,STAR BULK CARRIERS CORP,SBLK,E&Y,56629000,5.11,289374190
165743,2017,STAR BULK CARRIERS CORP,SBLK,E&Y,64160000,11.26,722441600
165743,2018,STAR BULK CARRIERS CORP,SBLK,Deloitte,92286000,9.14,843494040
165746,2016,LIVE NATION ENTERTAINMENT,LYV,E&Y,204068000,26.6,5428208800
165746,2017,LIVE NATION ENTERTAINMENT,LYV,E&Y,208076000,42.57,8857795320
165746,2018,LIVE NATION ENTERTAINMENT,LYV,E&Y,210127000,49.25,10348754750
165798,2016,URANIUM ENERGY CORP,UEC,E&Y,116670000,0.9601,112014867
165798,2017,URANIUM ENERGY CORP,UEC,E&Y,139815000,1.6,223704000
165798,2018,URANIUM ENERGY CORP,UEC,E&Y,161176000,1.65,265940400
165846,2016,CALUMET SPECIALTY PRODS  -LP,CLMT,E&Y,76392000,4,305568000
165846,2017,CALUMET SPECIALTY PRODS  -LP,CLMT,E&Y,76789000,7.7,591275300
165846,2018,CALUMET SPECIALTY PRODS  -LP,CLMT,E&Y,77177000,2.21,170561170
165856,2016,H&E EQUIPMENT SERVICES INC,HEES,BDO Seidman,35554000,23.25,826630500
165856,2017,H&E EQUIPMENT SERVICES INC,HEES,BDO Seidman,35647000,40.65,1449050550
165856,2018,H&E EQUIPMENT SERVICES INC,HEES,BDO Seidman,35734000,20.42,729688280
165913,2016,EUROSEAS LTD,ESEA,Deloitte,10876000,1.69,18380440
165913,2017,EUROSEAS LTD,ESEA,Deloitte,11274000,1.7025,19193985
165913,2018,EUROSEAS LTD,ESEA,Deloitte,12516000,0.7,8761200
165914,2016,CHIPOTLE MEXICAN GRILL INC,CMG,E&Y,28814000,377.32,10872098480
165914,2017,CHIPOTLE MEXICAN GRILL INC,CMG,E&Y,28026000,289.03,8100354780
165914,2018,CHIPOTLE MEXICAN GRILL INC,CMG,E&Y,27697000,431.79,11959287630
165923,2016,PERION NETWORK LTD,PERI,E&Y,77223000,1.42,109656660
165923,2017,PERION NETWORK LTD,PERI,E&Y,77550000,1.03,79876500
165923,2018,PERION NETWORK LTD,PERI,E&Y,25850000,2.6,67210000
165927,2016,TERNIUM SA -ADR,TX,PwC,196308000,24.15,4740838200
165927,2017,TERNIUM SA -ADR,TX,PwC,196308000,31.59,6201369720
165927,2018,TERNIUM SA -ADR,TX,PwC,196308000,27.1,5319946800
165943,2016,DEXTERA SURGICAL INC,DXTRQ,BDO Seidman,8928000,1.8,16070400
165943,2017,DEXTERA SURGICAL INC,DXTRQ,BDO Seidman,40367000,0.3,12110100
165993,2016,FIDELITY NATIONAL INFO SVCS,FIS,KPMG,328000000,75.64,24809920000
165993,2017,FIDELITY NATIONAL INFO SVCS,FIS,KPMG,333000000,94.09,31331970000
165993,2018,FIDELITY NATIONAL INFO SVCS,FIS,KPMG,327000000,102.55,33533850000
166005,2016,AMTRUST FINANCIAL SERVICES,AFSI,KPMG,170508000,27.38,4668509040
166005,2017,AMTRUST FINANCIAL SERVICES,AFSI,KPMG,196053000,10.07,1974253710
166213,2016,LIQUIDITY SERVICES INC,LQDT,E&Y,30743000,11.24,345551320
166213,2017,LIQUIDITY SERVICES INC,LQDT,E&Y,31503000,5.9,185867700
166213,2018,LIQUIDITY SERVICES INC,LQDT,E&Y,32774000,6.35,208114900
166224,2016,NOVADAQ TECHNOLOGIES INC,NVDQ,KPMG,57445000,7.09,407285050
166230,2016,KRATON CORP,KRA,KPMG,30960000,28.48,881740800
166230,2017,KRATON CORP,KRA,KPMG,31605000,48.17,1522412850
166230,2018,KRATON CORP,KRA,KPMG,31917000,21.84,697067280
166363,2016,ALLIANCE HOLDINGS GP LP,AHGP,E&Y,59863000,28.1,1682150300
166363,2017,ALLIANCE HOLDINGS GP LP,AHGP,E&Y,59863000,26.79,1603729770
166368,2016,COMPASS DIVERSIFIED HOLDINGS,CODI,Grant Thornton,59900000,17.9,1072210000
166368,2017,COMPASS DIVERSIFIED HOLDINGS,CODI,Grant Thornton,59900000,16.95,1015305000
166368,2018,COMPASS DIVERSIFIED HOLDINGS,CODI,Grant Thornton,59900000,12.45,745755000
166385,2016,GRUPO AEROPORTUARIO DEL PACI,PAC,KPMG,52558000,82.52,4337086160
166385,2017,GRUPO AEROPORTUARIO DEL PACI,PAC,KPMG,52558000,102.76,5400860080
166385,2018,GRUPO AEROPORTUARIO DEL PACI,PAC,KPMG,52558000,81.55,4286104900
166435,2016,VANDA PHARMACEUTICALS INC,VNDA,PwC,44001000,15.95,701815950
166435,2017,VANDA PHARMACEUTICALS INC,VNDA,PwC,44938000,15.2,683057600
166435,2018,VANDA PHARMACEUTICALS INC,VNDA,PwC,52478000,26.13,1371250140
166436,2016,LEGACY RESERVES INC,LGCYQ,BDO Seidman,72056000,2.12,152758720
166436,2017,LEGACY RESERVES INC,LGCYQ,BDO Seidman,72595000,1.61,116877950
166436,2018,LEGACY RESERVES INC,LGCYQ,BDO Seidman,109442000,1.54,168540680
166447,2016,ANAVEX LIFE SCIENCES CORP,AVXL,BDO Seidman,36168000,3.63,131289840
166447,2017,ANAVEX LIFE SCIENCES CORP,AVXL,BDO Seidman,43331000,4.14,179390340
166447,2018,ANAVEX LIFE SCIENCES CORP,AVXL,BDO Seidman,45933000,2.73,125397090
166458,2016,ATLAS ENERGY GROUP LLC,ATLS,Grant Thornton,26045000,0.72,18752400
166458,2017,ATLAS ENERGY GROUP LLC,ATLS,Grant Thornton,31973000,0.0486,1553887.8
166482,2016,MUELLER WATER PRODUCTS INC,MWA,E&Y,161693000,12.55,2029247150
166482,2017,MUELLER WATER PRODUCTS INC,MWA,E&Y,158590000,12.8,2029952000
166482,2018,MUELLER WATER PRODUCTS INC,MWA,E&Y,157332000,11.51,1810891320
166485,2016,REGIONAL HEALTH PROPERTS INC,RHE,KPMG,19927000,1.46,29093420
166485,2017,REGIONAL HEALTH PROPERTS INC,RHE,KPMG,19697000,0.17,3348490
166555,2016,ALPHATEC HOLDINGS INC,ATEC,E&Y,9049000,3.21,29047290
166562,2016,VONAGE HOLDINGS CORP,VG,BDO Seidman,219001000,6.85,1500156850
166562,2017,VONAGE HOLDINGS CORP,VG,Deloitte,230939000,10.17,2348649630
166562,2018,VONAGE HOLDINGS CORP,VG,Deloitte,239743000,8.73,2092956390
166563,2016,DELEK US HOLDINGS INC,DK,E&Y,61955000,24.07,1491256850
166563,2017,DELEK US HOLDINGS INC,DK,E&Y,80771000,34.94,2822138740
166563,2018,DELEK US HOLDINGS INC,DK,E&Y,78000000,32.51,2535780000
166582,2016,AMERICAN OVERSEAS GROUP LTD,AOREF,Deloitte,45000,702,31590000
166582,2017,AMERICAN OVERSEAS GROUP LTD,AOREF,Deloitte,46000,263,12098000
166583,2016,LUNA INNOVATIONS INC,LUNA,Grant Thornton,27541000,1.47,40485270
166583,2017,LUNA INNOVATIONS INC,LUNA,Grant Thornton,27284000,2.43,66300120
166583,2018,LUNA INNOVATIONS INC,LUNA,Grant Thornton,27956000,3.35,93652600
166593,2016,SYNCHRONOSS TECHNOLOGIES,SNCR,E&Y,45323000,38.3,1735870900
166593,2017,SYNCHRONOSS TECHNOLOGIES,SNCR,E&Y,46965000,8.94,419867100
166593,2018,SYNCHRONOSS TECHNOLOGIES,SNCR,E&Y,42674000,6.14,262018360
166684,2016,BLUESTEM GROUP INC,BGRP,Deloitte,132327000,1.35,178641450
166684,2017,BLUESTEM GROUP INC,BGRP,Deloitte,133187000,0.8,106549600
166684,2018,BLUESTEM GROUP INC,BGRP,Deloitte,134016000,0.5,67008000
166746,2016,J.G. WENTWORTH CO,JGWEQ,E&Y,15730000,0.375,5898750
166746,2017,J.G. WENTWORTH CO,JGWEQ,E&Y,15811000,0.0075,118582.5
170307,2016,FC GLOBAL REALTY INC,FCRE,Grant Thornton,4361000,2.2,9594200
170307,2017,FC GLOBAL REALTY INC,FCRE,Grant Thornton,11869000,0.91,10800790
170307,2018,FC GLOBAL REALTY INC,FCRE,Grant Thornton,26639000,0.074,1971286
170335,2016,PROOFPOINT INC,PFPT,PwC,43015000,70.65,3039009750
170335,2017,PROOFPOINT INC,PFPT,PwC,50325000,88.81,4469363250
170335,2018,PROOFPOINT INC,PFPT,PwC,55149000,83.81,4622037690
170360,2016,USA COMPRESSION PRTNRS -OLD,USAC.2,KPMG,60689000,17.3,1049919700
170360,2017,USA COMPRESSION PRTNRS -OLD,USAC.2,KPMG,62194000,16.54,1028688760
170375,2016,SELECT INCOME REIT,SIR,E&Y,89428000,25.2,2253585600
170375,2017,SELECT INCOME REIT,SIR,E&Y,89487000,25.13,2248808310
170384,2016,GOGO INC,GOGO,Deloitte,86296000,9.22,795649120
170384,2017,GOGO INC,GOGO,Deloitte,86844000,11.28,979600320
170384,2018,GOGO INC,GOGO,Deloitte,87561000,2.99,261807390
170396,2016,CUSTOMERS BANCORP INC,CUBI,BDO Seidman,30290000,35.82,1084987800
170396,2017,CUSTOMERS BANCORP INC,CUBI,BDO Seidman,31383000,25.99,815644170
170396,2018,CUSTOMERS BANCORP INC,CUBI,BDO Seidman,31003000,18.2,564254600
170444,2016,INFOBLOX INC,BLOX,E&Y,55973000,18.72,1047814560
170450,2016,ORAMED PHARMACEUTICALS INC,ORMP,PwC,13183000,7.21,95049430
170450,2017,ORAMED PHARMACEUTICALS INC,ORMP,PwC,13669000,8.65,118236850
170450,2018,ORAMED PHARMACEUTICALS INC,ORMP,PwC,17370000,4.95,85981500
170520,2016,RADIUS HEALTH INC,RDUS,E&Y,43141000,38.03,1640652230
170520,2017,RADIUS HEALTH INC,RDUS,E&Y,44617000,31.77,1417482090
170520,2018,RADIUS HEALTH INC,RDUS,E&Y,45564000,16.49,751350360
170527,2016,POST HOLDINGS INC,POST,PwC,64900000,77.17,5008333000
170527,2017,POST HOLDINGS INC,POST,PwC,66100000,88.27,5834647000
170527,2018,POST HOLDINGS INC,POST,PwC,66700000,98.04,6539268000
170555,2016,GASLOG LTD,GLOG,Deloitte,80561000,16.1,1297032100
170555,2017,GASLOG LTD,GLOG,Deloitte,80718000,22.25,1795975500
170555,2018,GASLOG LTD,GLOG,Deloitte,80861000,16.46,1330972060
170616,2016,SPLUNK INC,SPLK,PwC,137169000,57.86,7936598340
170616,2017,SPLUNK INC,SPLK,PwC,142835000,92.37,13193668950
170616,2018,SPLUNK INC,SPLK,PwC,149167000,124.84,18622008280
170617,2016,FACEBOOK INC,FB,E&Y,2892000000,115.05,3.32725E+11
170617,2017,FACEBOOK INC,FB,E&Y,2906000000,176.46,5.12793E+11
170617,2018,FACEBOOK INC,FB,E&Y,2854000000,131.09,3.74131E+11
170627,2016,MIDSTATES PETROLEUM CO INC,MPO,Grant Thornton,24995000,20.74,518396300
170627,2017,MIDSTATES PETROLEUM CO INC,MPO,Grant Thornton,25173000,16.58,417368340
170627,2018,MIDSTATES PETROLEUM CO INC,MPO,Grant Thornton,25346000,7.51,190348460
170639,2016,FORESIGHT ENERGY LP,FELP,E&Y,131060000,6.47,847958200
170639,2017,FORESIGHT ENERGY LP,FELP,E&Y,142599000,4.37,623157630
170639,2018,FORESIGHT ENERGY LP,FELP,E&Y,145799000,3.5,510296500
170714,2016,EMPIRE STATE REALTY TR INC,ESRT,E&Y,155840000,20.19,3146409600
170714,2017,EMPIRE STATE REALTY TR INC,ESRT,E&Y,161477000,20.53,3315122810
170714,2018,EMPIRE STATE REALTY TR INC,ESRT,E&Y,174911000,14.23,2488983530
170748,2016,EQT MIDSTREAM PARTNERS LP,EQM,E&Y,80582000,76.68,6179027760
170748,2017,EQT MIDSTREAM PARTNERS LP,EQM,E&Y,80582000,73.1,5890544200
170748,2018,EQT MIDSTREAM PARTNERS LP,EQM,E&Y,120458000,43.25,5209808500
170750,2016,DIAMONDBACK ENERGY INC,FANG,Grant Thornton,90144000,101.06,9109952640
170750,2017,DIAMONDBACK ENERGY INC,FANG,Grant Thornton,98167000,126.25,12393583750
170750,2018,DIAMONDBACK ENERGY INC,FANG,Grant Thornton,164273000,92.7,15228107100
170758,2016,CAESARSTONE LTD,CSTE,E&Y,34322000,28.65,983325300
170758,2017,CAESARSTONE LTD,CSTE,E&Y,34339000,22,755458000
170758,2018,CAESARSTONE LTD,CSTE,E&Y,34363000,13.58,466649540
170761,2016,VIPSHOP HOLDINGS LTD  -ADR,VIPS,Deloitte,583308000,11.01,6422221080
170761,2017,VIPSHOP HOLDINGS LTD  -ADR,VIPS,Deloitte,656135000,11.72,7689902200
170761,2018,VIPSHOP HOLDINGS LTD  -ADR,VIPS,Deloitte,664531000,5.46,3628339260
170765,2016,TECNOGLASS INC,TGLS,PwC,33172000,12.25,406357000
170765,2017,TECNOGLASS INC,TGLS,PwC,34837000,7.35,256051950
170765,2018,TECNOGLASS INC,TGLS,PwC,38093000,8.07,307410510
170781,2016,TITAN ENERGY LLC,TTEN,Grant Thornton,5448000,23,125304000
170841,2016,PHILLIPS 66,PSX,E&Y,518767000,86.41,44826656470
170841,2017,PHILLIPS 66,PSX,E&Y,502270000,101.15,50804610500
170841,2018,PHILLIPS 66,PSX,E&Y,456165000,86.15,39298614750
170945,2017,PUMA BIOTECHNOLOGY INC,PBYI,KPMG,37595000,98.85,3716265750
170945,2018,PUMA BIOTECHNOLOGY INC,PBYI,KPMG,38325000,20.35,779913750
170965,2016,PERFORMANT FINANCIAL CORP,PFMT,KPMG,50234000,2.35,118049900
170965,2017,PERFORMANT FINANCIAL CORP,PFMT,KPMG,51085000,1.65,84290250
170969,2016,TESARO INC,TSRO,E&Y,53622000,134.48,7211086560
170969,2017,TESARO INC,TSRO,E&Y,54464000,82.87,4513431680
171002,2016,GLOBUS MEDICAL INC,GMED,KPMG,95930000,24.81,2380023300
171002,2017,GLOBUS MEDICAL INC,GMED,Deloitte,96658000,41.1,3972643800
171002,2018,GLOBUS MEDICAL INC,GMED,Deloitte,98573000,43.28,4266239440
171007,2016,SERVICENOW INC,NOW,PwC,167431000,74.34,12446820540
171007,2017,SERVICENOW INC,NOW,PwC,174276000,130.39,22723847640
171007,2018,SERVICENOW INC,NOW,PwC,180175000,178.05,32080158750
171022,2016,STEMLINE THERAPEUTICS INC,STML,E&Y,19219000,10.7,205643300
171022,2017,STEMLINE THERAPEUTICS INC,STML,E&Y,25314000,15.6,394898400
171022,2018,STEMLINE THERAPEUTICS INC,STML,E&Y,31943000,9.5,303458500
171023,2016,BLACKROCK TCP CAPITAL,TCPC,Deloitte,53042000,16.9,896409800
171023,2017,BLACKROCK TCP CAPITAL,TCPC,Deloitte,58847000,15.28,899182160
171023,2018,BLACKROCK TCP CAPITAL,TCPC,Deloitte,58775000,13.04,766426000
171049,2016,BLOOMIN' BRANDS INC,BLMN,PwC,103922000,18.03,1873713660
171049,2017,BLOOMIN' BRANDS INC,BLMN,PwC,91913000,21.34,1961423420
171049,2018,BLOOMIN' BRANDS INC,BLMN,PwC,91272000,17.89,1632856080
171059,2016,FORUM ENERGY TECH INC,FET,PwC,95507000,22,2101154000
171059,2017,FORUM ENERGY TECH INC,FET,PwC,108153000,15.55,1681779150
171059,2018,FORUM ENERGY TECH INC,FET,PwC,109211000,4.13,451041430
171067,2016,PALO ALTO NETWORKS INC,PANW,E&Y,90500000,130.89,11845545000
171067,2017,PALO ALTO NETWORKS INC,PANW,E&Y,91500000,131.78,12057870000
171067,2018,PALO ALTO NETWORKS INC,PANW,E&Y,93600000,198.26,18557136000
171083,2016,SANTACRUZ SILVER MINING LTD,SZSMF,PwC,154491000,0.2222,34327900.2
171083,2017,SANTACRUZ SILVER MINING LTD,SZSMF,PwC,174421000,0.0899,15680447.9
171083,2018,SANTACRUZ SILVER MINING LTD,SZSMF,PwC,174671000,0.0457,7982464.7
171111,2016,TRILOGY METALS INC,TMQ,PwC,105286000,0.56,58960160
171111,2017,TRILOGY METALS INC,TMQ,PwC,105685000,0.81,85604850
171111,2018,TRILOGY METALS INC,TMQ,PwC,131586000,2.22,292120920
171139,2016,SOUTHCROSS ENERGY PRTNRS LP,SXEEQ,Deloitte,77822000,1.35,105059700
171139,2017,SOUTHCROSS ENERGY PRTNRS LP,SXEEQ,Deloitte,79163000,1.69,133785470
171139,2018,SOUTHCROSS ENERGY PRTNRS LP,SXEEQ,Deloitte,79553000,0.2205,17541436.5
171141,2016,FIVE BELOW INC,FIVE,KPMG,54905000,39.85,2187964250
171141,2017,FIVE BELOW INC,FIVE,KPMG,55438000,64.93,3599589340
171141,2018,FIVE BELOW INC,FIVE,KPMG,55759000,123.73,6899061070
171187,2016,PHIO PHARMACEUTICALS CORP,PHIO,BDO Seidman,13003000,0.7147,9293244.1
171187,2017,PHIO PHARMACEUTICALS CORP,PHIO,BDO Seidman,24300000,0.5558,13505940
171187,2018,PHIO PHARMACEUTICALS CORP,PHIO,BDO Seidman,18842000,0.3299,6215975.8
171212,2016,PACIFIC COAST OIL TRUST,ROYT,PwC,38583000,1.07,41283810
171212,2017,PACIFIC COAST OIL TRUST,ROYT,PwC,38583000,1.94,74851020
171212,2018,PACIFIC COAST OIL TRUST,ROYT,PwC,38583000,1.64,63276120
174022,2016,REALOGY HOLDINGS CORP,RLGY,PwC,140228000,25.73,3608066440
174022,2017,REALOGY HOLDINGS CORP,RLGY,PwC,131637000,26.5,3488380500
174022,2018,REALOGY HOLDINGS CORP,RLGY,PwC,114620000,14.68,1682621600
174049,2016,PGT INNOVATIONS INC,PGTI,KPMG,49176000,11.45,563065200
174049,2017,PGT INNOVATIONS INC,PGTI,KPMG,49805000,16.85,839214250
174049,2018,PGT INNOVATIONS INC,PGTI,KPMG,58082000,15.85,920599700
174053,2016,ALLIED WORLD ASSURANCE CO AG,AWHHF,Deloitte,87098000,53.71,4678033580
174077,2016,COMMVAULT SYSTEMS INC,CVLT,E&Y,44816000,50.8,2276652800
174077,2017,COMMVAULT SYSTEMS INC,CVLT,E&Y,45118000,57.2,2580749600
174077,2018,COMMVAULT SYSTEMS INC,CVLT,E&Y,45582000,64.74,2950978680
174119,2016,HOUSTON WIRE & CABLE CO,HWCC,E&Y,16458000,6.5,106977000
174119,2017,HOUSTON WIRE & CABLE CO,HWCC,E&Y,16491000,7.2,118735200
174119,2018,HOUSTON WIRE & CABLE CO,HWCC,E&Y,16612000,5.06,84056720
174134,2016,PTC THERAPEUTICS INC,PTCT,E&Y,34169000,10.91,372783790
174134,2017,PTC THERAPEUTICS INC,PTCT,E&Y,41612000,16.68,694088160
174134,2018,PTC THERAPEUTICS INC,PTCT,E&Y,50606000,34.32,1736797920
174135,2016,NUSTAR GP HOLDINGS LLC,NSH,KPMG,42952000,28.9,1241312800
174135,2017,NUSTAR GP HOLDINGS LLC,NSH,KPMG,42977000,15.7,674738900
174136,2016,ACHILLION PHARMACEUTICALS,ACHN,PwC,136722000,4.13,564661860
174136,2017,ACHILLION PHARMACEUTICALS,ACHN,PwC,137894000,2.88,397134720
174136,2018,ACHILLION PHARMACEUTICALS,ACHN,PwC,138716000,1.59,220558440
174147,2016,QURATE RETAIL INC,QRTEA,KPMG,458365000,19.98,9158132700
174147,2017,QURATE RETAIL INC,QRTEA,KPMG,478540000,24.42,11685946800
174147,2018,QURATE RETAIL INC,QRTEA,KPMG,439149000,19.52,8572188480
174169,2016,HALCON RESOURCES CORP,HKRSQ,Deloitte,92991000,9.34,868535940
174169,2017,HALCON RESOURCES CORP,HKRSQ,Deloitte,149379000,7.57,1130799030
174169,2018,HALCON RESOURCES CORP,HKRSQ,Deloitte,160613000,1.7,273042100
174222,2016,DUNKIN' BRANDS GROUP INC,DNKN,KPMG,91437000,52.44,4794956280
174222,2017,DUNKIN' BRANDS GROUP INC,DNKN,KPMG,90377000,64.47,5826605190
174222,2018,DUNKIN' BRANDS GROUP INC,DNKN,KPMG,82561000,64.12,5293811320
174236,2016,SELECT MEDICAL HOLDINGS CORP,SEM,PwC,132597000,13.25,1756910250
174236,2017,SELECT MEDICAL HOLDINGS CORP,SEM,PwC,134115000,17.65,2367129750
174236,2018,SELECT MEDICAL HOLDINGS CORP,SEM,PwC,135266000,15.35,2076333100
174310,2016,KBR INC,KBR,KPMG,142804000,16.69,2383398760
174310,2017,KBR INC,KBR,KPMG,140167000,19.83,2779511610
174310,2018,KBR INC,KBR,KPMG,140900000,15.18,2138862000
174313,2016,LEGACY TEX FINANCIAL GRP INC,LTXB,E&Y,46631000,43.06,2007930860
174313,2017,LEGACY TEX FINANCIAL GRP INC,LTXB,E&Y,46925000,42.21,1980704250
174313,2018,LEGACY TEX FINANCIAL GRP INC,LTXB,E&Y,47366000,32.09,1519974940
174389,2016,EHEALTH INC,EHTH,E&Y,18357000,10.65,195502050
174389,2017,EHEALTH INC,EHTH,E&Y,18642000,17.37,323811540
174389,2018,EHEALTH INC,EHTH,E&Y,19437000,38.42,746769540
174390,2016,LEMAITRE VASCULAR INC,LMAT,Grant Thornton,18587000,25.34,470994580
174390,2017,LEMAITRE VASCULAR INC,LMAT,Grant Thornton,19265000,31.84,613397600
174390,2018,LEMAITRE VASCULAR INC,LMAT,Grant Thornton,19609000,23.64,463556760
174428,2016,INFUSYSTEM HOLDINGS INC,INFU,BDO Seidman,22670000,2.55,57808500
174428,2017,INFUSYSTEM HOLDINGS INC,INFU,BDO Seidman,22781000,2.3,52396300
174428,2018,INFUSYSTEM HOLDINGS INC,INFU,BDO Seidman,19577000,3.44,67344880
174449,2016,COMMUNITY BANKERS TRUST CORP,ESXB,BDO Seidman,21960000,7.25,159210000
174449,2017,COMMUNITY BANKERS TRUST CORP,ESXB,BDO Seidman,22073000,8.15,179894950
174490,2016,WINDSTREAM HOLDINGS INC,WINMQ,PwC,96300000,7.33,705879000
174490,2017,WINDSTREAM HOLDINGS INC,WINMQ,PwC,182700000,1.85,337995000
174490,2018,WINDSTREAM HOLDINGS INC,WINMQ,PwC,42900000,2.09,89661000
174531,2016,MITEL NETWORKS CORP,MITL,Deloitte,122000000,6.8,829600000
174531,2017,MITEL NETWORKS CORP,MITL,Deloitte,120100000,8.23,988423000
174541,2016,INNERWORKINGS INC,INWK,E&Y,54088000,9.85,532766800
174541,2017,INNERWORKINGS INC,INWK,E&Y,54055000,10.03,542171650
174541,2018,INNERWORKINGS INC,INWK,E&Y,51807000,3.74,193758180
174567,2016,INNOPHOS HOLDINGS INC,IPHS,PwC,19455000,52.26,1016718300
174567,2017,INNOPHOS HOLDINGS INC,IPHS,PwC,19538000,46.73,913010740
174567,2018,INNOPHOS HOLDINGS INC,IPHS,PwC,19613000,24.53,481106890
174637,2016,ICF INTERNATIONAL INC,ICFI,Grant Thornton,19021000,55.2,1049959200
174637,2017,ICF INTERNATIONAL INC,ICFI,Grant Thornton,18662000,52.5,979755000
174637,2018,ICF INTERNATIONAL INC,ICFI,Grant Thornton,18817000,64.78,1218965260
174647,2016,TRIPLE-S MANAGEMENT CORP,GTS,Deloitte,24272000,20.7,502430400
174647,2017,TRIPLE-S MANAGEMENT CORP,GTS,Deloitte,23578000,24.85,585913300
174647,2018,TRIPLE-S MANAGEMENT CORP,GTS,Deloitte,22931000,17.39,398770090
174648,2017,OSIRIS THERAPEUTICS INC,OSIR,E&Y,34526000,6,207156000
174648,2018,OSIRIS THERAPEUTICS INC,OSIR,E&Y,34527000,13.5,466114500
174656,2016,BREITBURN ENERGY PARTNERS LP,BBEPQ,PwC,213789000,0.25,53447250
174700,2016,GLOBAL SHIP LEASE INC,GSL,PwC,54982000,1.5,82473000
174700,2017,GLOBAL SHIP LEASE INC,GSL,PwC,55016000,1.16,63818560
174700,2018,GLOBAL SHIP LEASE INC,GSL,PwC,79544000,0.62,49317280
174729,2016,WYNDHAM DESTINATIONS INC,WYND,Deloitte,105581000,76.37,8063220970
174729,2017,WYNDHAM DESTINATIONS INC,WYND,Deloitte,99909000,115.87,11576455830
174729,2018,WYNDHAM DESTINATIONS INC,WYND,Deloitte,94983000,35.84,3404190720
174744,2016,EVERCORE INC,EVR,Deloitte,39191000,68.7,2692421700
174744,2017,EVERCORE INC,EVR,Deloitte,39102000,90,3519180000
174744,2018,EVERCORE INC,EVR,Deloitte,39749000,71.56,2844438440
175004,2016,ORBCOMM INC,ORBC,KPMG,71082000,8.27,587848140
175004,2017,ORBCOMM INC,ORBC,Grant Thornton,74407000,10.18,757463260
175004,2018,ORBCOMM INC,ORBC,Grant Thornton,78978000,8.26,652358280
175006,2016,HARVEST OIL & GAS CORP,HRST,Deloitte,49055000,2.09,102524950
175006,2017,HARVEST OIL & GAS CORP,HRST,Deloitte,49369000,0.51,25178190
175006,2018,HARVEST OIL & GAS CORP,HRST,Deloitte,10042000,17.98,180555160
175007,2016,ALLEGIANT TRAVEL CO,ALGT,KPMG,16633000,166.4,2767731200
175007,2017,ALLEGIANT TRAVEL CO,ALGT,KPMG,16066000,154.75,2486213500
175007,2018,ALLEGIANT TRAVEL CO,ALGT,KPMG,16183000,100.22,1621860260
175008,2016,AMICUS THERAPEUTICS INC,FOLD,E&Y,142692000,4.97,709179240
175008,2017,AMICUS THERAPEUTICS INC,FOLD,E&Y,166990000,14.39,2402986100
175008,2018,AMICUS THERAPEUTICS INC,FOLD,E&Y,189384000,9.58,1814298720
175064,2016,SYNERGY PHARMACEUTICALS INC,SGYPQ,BDO Seidman,202738000,6.09,1234674420
175064,2017,SYNERGY PHARMACEUTICALS INC,SGYPQ,BDO Seidman,246660000,2.23,550051800
175079,2016,CHINA BIOLOGIC PRODUCTS HLDG,CBPO,KPMG,27173000,107.52,2921640960
175079,2017,CHINA BIOLOGIC PRODUCTS HLDG,CBPO,KPMG,27612000,78.77,2174997240
175079,2018,CHINA BIOLOGIC PRODUCTS HLDG,CBPO,KPMG,39362000,75.91,2987969420
175083,2016,NORTHEAST COMMUNITY BANCORP,NECB,BDO Seidman,11983000,7.9,94665700
175083,2017,NORTHEAST COMMUNITY BANCORP,NECB,BDO Seidman,12195000,10.1,123169500
175083,2018,NORTHEAST COMMUNITY BANCORP,NECB,BDO Seidman,12195000,11.1,135364500
175110,2016,AIRCASTLE LTD,AYR,E&Y,78593000,20.85,1638664050
175110,2017,AIRCASTLE LTD,AYR,E&Y,78708000,23.39,1840980120
175110,2018,AIRCASTLE LTD,AYR,E&Y,75455000,17.24,1300844200
175131,2016,FBR & CO,FBRC,BDO Seidman,6918000,13,89934000
175236,2016,ALIO GOLD INC,ALO,Deloitte,355629000,0.3125,111134062.5
175236,2017,ALIO GOLD INC,ALO,Deloitte,44679000,3.67,163971930
175236,2018,ALIO GOLD INC,ALO,Deloitte,84707000,0.84,71153880
175263,2016,WESTERN UNION CO,WU,E&Y,481500000,21.72,10458180000
175263,2017,WESTERN UNION CO,WU,E&Y,459000000,19.01,8725590000
175263,2018,WESTERN UNION CO,WU,E&Y,441200000,17.06,7526872000
175264,2016,WNS (HOLDINGS) LTD -ADR,WNS,Grant Thornton,50013000,28.61,1430871930
175264,2017,WNS (HOLDINGS) LTD -ADR,WNS,Grant Thornton,50434000,45.33,2286173220
175264,2018,WNS (HOLDINGS) LTD -ADR,WNS,Grant Thornton,50052000,53.27,2666270040
175271,2016,SANCHEZ MIDSTREAM PARTNRS LP,SNMP,KPMG,13448000,11.8,158686400
175271,2017,SANCHEZ MIDSTREAM PARTNRS LP,SNMP,KPMG,14965000,11.1,166111500
175271,2018,SANCHEZ MIDSTREAM PARTNRS LP,SNMP,KPMG,16486000,1.72,28355920
175299,2016,DOLPHIN ENTERTAINMENT INC,DLPN,BDO Seidman,14396000,6,86376000
175299,2017,DOLPHIN ENTERTAINMENT INC,DLPN,BDO Seidman,10565000,3.6,38034000
175299,2018,DOLPHIN ENTERTAINMENT INC,DLPN,BDO Seidman,14123000,0.77,10874710
175307,2016,DOUGLAS EMMETT INC,DEI,E&Y,151530000,36.56,5539936800
175307,2017,DOUGLAS EMMETT INC,DEI,E&Y,169565000,41.06,6962338900
175307,2018,DOUGLAS EMMETT INC,DEI,E&Y,170215000,34.13,5809437950
175308,2016,SUCAMPO PHARMACEUTICALS INC,SCMP,E&Y,43406000,13.55,588151300
175319,2016,HANESBRANDS INC,HBI,PwC,378687000,21.57,8168278590
175319,2017,HANESBRANDS INC,HBI,PwC,360126000,20.91,7530234660
175319,2018,HANESBRANDS INC,HBI,PwC,361330000,12.53,4527464900
175376,2016,SHUTTERFLY INC,SFLY,PwC,33637000,50.18,1687904660
175376,2017,SHUTTERFLY INC,SFLY,PwC,32297000,49.75,1606775750
175376,2018,SHUTTERFLY INC,SFLY,PwC,33673000,40.26,1355674980
175404,2016,FIRST SOLAR INC,FSLR,PwC,104035000,32.09,3338483150
175404,2017,FIRST SOLAR INC,FSLR,PwC,104468000,67.52,7053679360
175404,2018,FIRST SOLAR INC,FSLR,PwC,104885000,42.455,4452892675
175442,2016,NEW ORIENTAL ED & TECH,EDU,Deloitte,157687000,71.67,11301427290
175442,2017,NEW ORIENTAL ED & TECH,EDU,Deloitte,158320000,99.47,15748090400
175518,2016,ROSETTA GENOMICS LTD,ROSGQ,E&Y,22112000,0.42,9287040
175533,2016,INFINITY PHARMACEUTICALS INC,INFI,E&Y,50375000,1.35,68006250
175533,2017,INFINITY PHARMACEUTICALS INC,INFI,E&Y,50761000,2.03,103044830
175533,2018,INFINITY PHARMACEUTICALS INC,INFI,E&Y,56907000,1.18,67150260
175575,2016,KAYNE ANDERSON ENERGY DEV CO,KED,PwC,10705000,19.48,208533400
175575,2017,KAYNE ANDERSON ENERGY DEV CO,KED,PwC,10777000,15.15,163271550
175595,2016,GULFSLOPE ENERGY INC,GSPE,BDO Seidman,682402000,0.0355,24225271
175595,2017,GULFSLOPE ENERGY INC,GSPE,BDO Seidman,692197000,0.03465,23984626.05
175595,2018,GULFSLOPE ENERGY INC,GSPE,BDO Seidman,832013000,0.072,59904936
175606,2016,DANAOS CORP,DAC,PwC,109799000,2.65,290967350
175606,2017,DANAOS CORP,DAC,PwC,109799000,1.45,159208550
175606,2018,DANAOS CORP,DAC,PwC,213324000,0.75,159993000
175654,2016,WILLDAN GROUP INC,WLDN,KPMG,8348000,22.59,188581320
175654,2017,WILLDAN GROUP INC,WLDN,KPMG,8799000,23.94,210648060
175674,2016,COHEN & COMPANY INC,COHN,Grant Thornton,12089000,1.19,14385910
175674,2017,COHEN & COMPANY INC,COHN,Grant Thornton,1213000,8.02,9728260
175674,2018,COHEN & COMPANY INC,COHN,Grant Thornton,1204000,8.43,10149720
175688,2016,ONEBEACON INSURANCE GROUP,OB,PwC,94347000,16.05,1514269350
175689,2016,ARMSTRONG WORLD INDUSTRIES,AWI,KPMG,54428000,41.8,2275090400
175689,2017,ARMSTRONG WORLD INDUSTRIES,AWI,KPMG,52772000,60.55,3195344600
175689,2018,ARMSTRONG WORLD INDUSTRIES,AWI,KPMG,48808000,58.21,2841113680
175741,2016,ARCHROCK PARTNERS LP,APLP,Deloitte,65520000,16.04,1050940800
175741,2017,ARCHROCK PARTNERS LP,APLP,Deloitte,70197000,11.91,836046270
175900,2016,SALLY BEAUTY HOLDINGS INC,SBH,KPMG,144571000,25.68,3712583280
175900,2017,SALLY BEAUTY HOLDINGS INC,SBH,KPMG,129585000,19.58,2537274300
175900,2018,SALLY BEAUTY HOLDINGS INC,SBH,KPMG,119926000,18.39,2205439140
175955,2016,IPG PHOTONICS CORP,IPGP,Deloitte,53252000,98.71,5256504920
175955,2017,IPG PHOTONICS CORP,IPGP,Deloitte,53629000,214.13,11483577770
175955,2018,IPG PHOTONICS CORP,IPGP,Deloitte,52942000,113.29,5997799180
175966,2016,CATALYST PHARMACEUTICALS INC,CPRX,Grant Thornton,82972000,1.05,87120600
175966,2017,CATALYST PHARMACEUTICALS INC,CPRX,Grant Thornton,102549000,3.91,400966590
175966,2018,CATALYST PHARMACEUTICALS INC,CPRX,Grant Thornton,102739000,1.92,197258880
175982,2016,CANADIAN SOLAR INC,CSIQ,Deloitte,57830000,12.18,704369400
175982,2017,CANADIAN SOLAR INC,CSIQ,Deloitte,58497000,16.86,986259420
175982,2018,CANADIAN SOLAR INC,CSIQ,Deloitte,59181000,14.34,848655540
176017,2016,ATHERSYS INC,ATHX,E&Y,86629000,1.53,132542370
176017,2017,ATHERSYS INC,ATHX,E&Y,122077000,1.81,220959370
176017,2018,ATHERSYS INC,ATHX,E&Y,144293000,1.44,207781920
176021,2016,ALLOT LTD,ALLT,E&Y,33058000,4.79,158347820
176021,2017,ALLOT LTD,ALLT,E&Y,33483000,5.33,178464390
176021,2018,ALLOT LTD,ALLT,E&Y,33896000,6.07,205748720
176022,2016,EMERGENT BIOSOLUTIONS INC,EBS,E&Y,40574000,32.84,1332450160
176022,2017,EMERGENT BIOSOLUTIONS INC,EBS,E&Y,49405000,46.47,2295850350
176022,2018,EMERGENT BIOSOLUTIONS INC,EBS,E&Y,51200000,59.28,3035136000
176092,2016,AERCAP HOLDINGS NV,AER,PwC,176247000,41.61,7333637670
176092,2017,AERCAP HOLDINGS NV,AER,PwC,152992000,52.61,8048909120
176092,2018,AERCAP HOLDINGS NV,AER,PwC,142675000,39.6,5649930000
176096,2016,MPM HOLDINGS INC,MPMQ,PwC,48058000,8,384464000
176096,2017,MPM HOLDINGS INC,MPMQ,PwC,48122000,20,962440000
176096,2018,MPM HOLDINGS INC,MPMQ,PwC,48164000,31.5,1517166000
176152,2016,GRUPO AEROPORTUARIO DEL CENT,OMAB,Deloitte,49221000,34.54,1700093340
176152,2017,GRUPO AEROPORTUARIO DEL CENT,OMAB,Deloitte,49181000,41.48,2040027880
176152,2018,GRUPO AEROPORTUARIO DEL CENT,OMAB,Deloitte,49181000,38.02,1869861620
176169,2016,KANDI TECHNOLOGIES GROUP,KNDI,BDO Seidman,47700000,4.9,233730000
176169,2017,KANDI TECHNOLOGIES GROUP,KNDI,BDO Seidman,48037000,6.8,326651600
176169,2018,KANDI TECHNOLOGIES GROUP,KNDI,BDO Seidman,51484000,3.63,186886920
176234,2016,CATCHMARK TIMBER TRUST,CTT,Deloitte,38797000,11.26,436854220
176234,2017,CATCHMARK TIMBER TRUST,CTT,Deloitte,43425000,13.13,570170250
176234,2018,CATCHMARK TIMBER TRUST,CTT,Deloitte,49127000,7.1,348801700
176239,2016,NEWSTAR FINANCIAL INC,NEWS,KPMG,42820000,9.25,396085000
176247,2016,ALTRA INDUSTRIAL MOTION CORP,AIMC,Deloitte,27206000,36.9,1003901400
176247,2017,ALTRA INDUSTRIAL MOTION CORP,AIMC,Deloitte,29058000,50.4,1464523200
176247,2018,ALTRA INDUSTRIAL MOTION CORP,AIMC,Deloitte,64186000,25.15,1614277900
176249,2016,CARROLS RESTAURANT GROUP INC,TAST,Deloitte,35259000,15.25,537699750
176249,2017,CARROLS RESTAURANT GROUP INC,TAST,Deloitte,35436000,12.15,430547400
176249,2018,CARROLS RESTAURANT GROUP INC,TAST,Deloitte,35742000,9.84,351701280
176251,2016,INFORMATION SERVICES GROUP,III,PwC,42140000,3.64,153389600
176251,2017,INFORMATION SERVICES GROUP,III,PwC,43560000,4.17,181645200
176251,2018,INFORMATION SERVICES GROUP,III,PwC,45430000,4.24,192623200
176255,2016,GUIDANCE SOFTWARE INC,GUID,E&Y,32079000,7.08,227119320
176256,2016,PORTMAN RIDGE FINANCE CORP,PTMN,E&Y,37178000,3.98,147968440
176256,2017,PORTMAN RIDGE FINANCE CORP,PTMN,E&Y,37339000,3.41,127325990
176256,2018,PORTMAN RIDGE FINANCE CORP,PTMN,E&Y,37327000,3.46,129151420
176259,2016,TEEKAY OFFSHORE PARTNERS LP,TOO,KPMG,147514000,5.06,746420840
176259,2017,TEEKAY OFFSHORE PARTNERS LP,TOO,KPMG,410045000,2.36,967706200
176259,2018,TEEKAY OFFSHORE PARTNERS LP,TOO,KPMG,410315000,1.21,496481150
176260,2016,MELCO RESORTS & ENTERTAINMEN,MLCO,Deloitte,488367000,15.9,7765035300
176260,2017,MELCO RESORTS & ENTERTAINMEN,MLCO,E&Y,489805000,29.04,14223937200
176260,2018,MELCO RESORTS & ENTERTAINMEN,MLCO,E&Y,459921000,17.62,8103808020
176268,2016,DCT INDUSTRIAL TRUST INC,DCT,E&Y,91516000,47.88,4381786080
176268,2017,DCT INDUSTRIAL TRUST INC,DCT,E&Y,93707000,58.78,5508097460
176282,2016,SPECTRA ENERGY CORP,SE.7,Deloitte,702000000,41.09,28845180000
176305,2016,HANWHA Q CELLS CO LTD,HQCL,E&Y,83224000,8.16,679107840
176305,2017,HANWHA Q CELLS CO LTD,HQCL,E&Y,83251000,7.02,584422020
176343,2016,CLEAN ENERGY FUELS CORP,CLNE,KPMG,145538000,2.86,416238680
176343,2017,CLEAN ENERGY FUELS CORP,CLNE,KPMG,151651000,2.03,307851530
176343,2018,CLEAN ENERGY FUELS CORP,CLNE,KPMG,203600000,1.72,350192000
176350,2016,MSB FINANCIAL CORP,MSBF,BDO Seidman,5513000,14.7,81041100
176350,2017,MSB FINANCIAL CORP,MSBF,BDO Seidman,5578000,17.8,99288400
176351,2016,ORITANI FINANCIAL CORP,ORIT,KPMG,45247000,15.99,723499530
176362,2016,AEROVIRONMENT INC,AVAV,E&Y,23630000,28.57,675109100
176362,2017,AEROVIRONMENT INC,AVAV,E&Y,23909000,54.5,1303040500
176362,2018,AEROVIRONMENT INC,AVAV,E&Y,23946000,68.56,1641737760
176363,2016,MELLANOX TECHNOLOGIES LTD,MLNX,PwC,49076000,40.9,2007208400
176363,2017,MELLANOX TECHNOLOGIES LTD,MLNX,E&Y,51488000,64.7,3331273600
176523,2016,NATIONAL CINEMEDIA INC,NCMI,Deloitte,59874000,14.73,881944020
176523,2017,NATIONAL CINEMEDIA INC,NCMI,Deloitte,76242000,6.86,523020120
176523,2018,NATIONAL CINEMEDIA INC,NCMI,Deloitte,76976000,6.48,498804480
176567,2016,SUPER MICRO COMPUTER INC,SMCI,Deloitte,48555000,24.85,1206591750
176567,2017,SUPER MICRO COMPUTER INC,SMCI,Deloitte,48940000,24.65,1206371000
176572,2016,AVIAT NETWORKS INC,AVNW,BDO Seidman,5261000,7.78,40930580
176572,2017,AVIAT NETWORKS INC,AVNW,BDO Seidman,5318000,17.4,92533200
176572,2018,AVIAT NETWORKS INC,AVNW,BDO Seidman,5351000,16.37,87595870
176591,2016,EMPLOYERS HOLDINGS INC,EIG,E&Y,32129000,39.6,1272308400
176591,2017,EMPLOYERS HOLDINGS INC,EIG,E&Y,32598000,44.4,1447351200
176591,2018,EMPLOYERS HOLDINGS INC,EIG,E&Y,32766000,41.97,1375189020
176592,2016,HFF INC,HF,E&Y,38091000,30.25,1152252750
176592,2017,HFF INC,HF,E&Y,38580000,48.64,1876531200
176592,2018,HFF INC,HF,E&Y,39117000,33.16,1297119720
176593,2016,US AUTO PARTS NETWORK INC,PRTS,Deloitte,34623000,3.52,121872960
176595,2016,FORTRESS INVESTMENT GRP LLC,FIG,E&Y,216892000,4.86,1054095120
176602,2016,ENSTAR GROUP LTD,ESGR,KPMG,19372000,197.7,3829844400
176602,2017,ENSTAR GROUP LTD,ESGR,KPMG,19407000,200.75,3895955250
176602,2018,ENSTAR GROUP LTD,ESGR,KPMG,21460000,167.57,3596052200
176637,2016,CYS INVESTMENTS INC,CYS,Deloitte,151435000,7.73,1170592550
176637,2017,CYS INVESTMENTS INC,CYS,Deloitte,155010000,8.03,1244730300
176652,2016,CELLCOM ISRAEL LTD,CEL,KPMG,100605000,7.93,797797650
176652,2017,CELLCOM ISRAEL LTD,CEL,KPMG,101045000,10.1994,1030598373
176661,2016,JA SOLAR HOLDINGS CO LTD,JASO,PwC,47571000,4.76,226437960
176661,2017,JA SOLAR HOLDINGS CO LTD,JASO,PwC,47585000,7.46,354984100
176670,2016,ACCURAY INC,ARAY,Grant Thornton,81378000,5.19,422351820
176670,2017,ACCURAY INC,ARAY,Grant Thornton,83740000,4.75,397765000
176670,2018,ACCURAY INC,ARAY,Grant Thornton,86129000,4.1,353128900
176701,2016,INTERACTIVE BROKERS GROUP,IBKR,Deloitte,67985000,36.51,2482132350
176701,2017,INTERACTIVE BROKERS GROUP,IBKR,Deloitte,71476000,59.21,4232093960
176701,2018,INTERACTIVE BROKERS GROUP,IBKR,Deloitte,75101000,54.65,4104269650
176725,2016,BARINGS BDC INC,BBDC,E&Y,40401000,18.34,740954340
176725,2017,BARINGS BDC INC,BBDC,E&Y,47741000,9.49,453062090
176725,2018,BARINGS BDC INC,BBDC,E&Y,51284000,9.01,462068840
176760,2016,DOMTAR CORP,UFS,PwC,62589000,39.03,2442848670
176760,2017,DOMTAR CORP,UFS,PwC,62696000,49.52,3104705920
176760,2018,DOMTAR CORP,UFS,PwC,62915000,35.13,2210203950
176766,2016,TFS FINANCIAL CORP,TFSL,Deloitte,284219000,17.81,5061940390
176766,2017,TFS FINANCIAL CORP,TFSL,Deloitte,281292000,16.13,4537239960
176766,2018,TFS FINANCIAL CORP,TFSL,Deloitte,280311000,15.01,4207468110
176782,2016,GLU MOBILE INC,GLUU,PwC,134001000,1.94,259961940
176782,2017,GLU MOBILE INC,GLUU,PwC,138745000,3.64,505031800
176782,2018,GLU MOBILE INC,GLUU,PwC,143870000,8.07,1161030900
176861,2016,OREXIGEN THERAPEUTICS INC,OREXQ,E&Y,14617000,1.74,25433580
176867,2016,IT TECH PACKAGING INC,ITP,BDO Seidman,21450000,1.16,24882000
176873,2016,RAND LOGISTICS INC,RLOGQ,Grant Thornton,18633000,0.64,11925120
176874,2016,SUMMER INFANT INC,SUMR,KPMG,18507000,2,37014000
176899,2016,SANDRIDGE ENERGY INC,SD,PwC,19635000,23.55,462404250
176899,2017,SANDRIDGE ENERGY INC,SD,PwC,35650000,21.07,751145500
176899,2018,SANDRIDGE ENERGY INC,SD,PwC,35687000,7.61,271578070
176914,2016,CHENIERE ENERGY PARTNERS LP,CQP,KPMG,337826000,28.82,9736145320
176914,2017,CHENIERE ENERGY PARTNERS LP,CQP,KPMG,484000000,29.64,14345760000
176914,2018,CHENIERE ENERGY PARTNERS LP,CQP,KPMG,484000000,36.1,17472400000
176928,2016,BROADRIDGE FINANCIAL SOLUTNS,BR,Deloitte,118300000,65.2,7713160000
176928,2017,BROADRIDGE FINANCIAL SOLUTNS,BR,Deloitte,116500000,75.56,8802740000
176928,2018,BROADRIDGE FINANCIAL SOLUTNS,BR,Deloitte,116300000,115.1,13386130000
176973,2016,GREENLIGHT CAPITAL RE LTD,GLRE,BDO Seidman,37366000,22.8,851944800
176973,2017,GREENLIGHT CAPITAL RE LTD,GLRE,BDO Seidman,37360000,20.1,750936000
176973,2018,GREENLIGHT CAPITAL RE LTD,GLRE,BDO Seidman,36385000,8.62,313638700
176999,2016,SARATOGA INVESTMENT CORP,SAR,E&Y,5795000,22.74,131778300
176999,2017,SARATOGA INVESTMENT CORP,SAR,E&Y,6257000,21.86,136778020
176999,2018,SARATOGA INVESTMENT CORP,SAR,E&Y,7657000,23.04,176417280
177058,2016,SUPERCOM LTD,SPCB,Deloitte,14938000,3.39,50639820
177067,2016,CAPITAL PRODUCT PARTNERS LP,CPLP,Deloitte,122095000,3.18,388262100
177067,2017,CAPITAL PRODUCT PARTNERS LP,CPLP,Deloitte,127247000,3.36,427549920
177067,2018,CAPITAL PRODUCT PARTNERS LP,CPLP,Deloitte,127247000,2.09,265946230
177088,2016,BLACKSTONE GROUP INC,BX,Deloitte,643460000,27.03,17392723800
177088,2017,BLACKSTONE GROUP INC,BX,Deloitte,659526000,32.02,21118022520
177088,2018,BLACKSTONE GROUP INC,BX,Deloitte,663213000,29.81,19770379530
177099,2016,MONOTYPE IMAGING HOLDINGS,TYPE,E&Y,41279000,19.85,819388150
177099,2017,MONOTYPE IMAGING HOLDINGS,TYPE,E&Y,41719000,24.1,1005427900
177099,2018,MONOTYPE IMAGING HOLDINGS,TYPE,Deloitte,41299000,15.52,640960480
177108,2016,CINEMARK HOLDINGS INC,CNK,Deloitte,116210000,38.36,4457815600
177108,2017,CINEMARK HOLDINGS INC,CNK,Deloitte,116475000,34.82,4055659500
177108,2018,CINEMARK HOLDINGS INC,CNK,Deloitte,116831000,35.8,4182549800
177109,2016,CAI INTERNATIONAL INC,CAI,KPMG,19057000,8.67,165224190
177109,2017,CAI INTERNATIONAL INC,CAI,KPMG,20391000,28.32,577473120
177109,2018,CAI INTERNATIONAL INC,CAI,KPMG,18764000,23.23,435887720
177111,2016,TECHTARGET INC,TTGT,BDO Seidman,27495000,8.53,234532350
177111,2017,TECHTARGET INC,TTGT,BDO Seidman,27483000,13.92,382563360
177111,2018,TECHTARGET INC,TTGT,BDO Seidman,27791000,12.21,339328110
177127,2016,SHORETEL INC,SHOR,Deloitte,67391000,6.69,450845790
177127,2017,SHORETEL INC,SHOR,Deloitte,68657000,5.8,398210600
177179,2016,CELLULAR BIOMEDICINE GROUP,CBMG,BDO Seidman,14281000,13.1,187081100
177179,2017,CELLULAR BIOMEDICINE GROUP,CBMG,BDO Seidman,15189000,11.25,170876250
177179,2018,CELLULAR BIOMEDICINE GROUP,CBMG,BDO Seidman,18119000,17.66,319981540
177222,2016,DRAGONWAVE INC,DRWIQ,E&Y,7305000,1.35,9861750
177225,2016,CAVIUM INC,CAVM,PwC,67182000,62.44,4194844080
177225,2017,CAVIUM INC,CAVM,PwC,69156000,83.83,5797347480
177227,2016,INSULET CORP,PODD,Grant Thornton,57458000,37.68,2165017440
177227,2017,INSULET CORP,PODD,Grant Thornton,58319000,69,4024011000
177227,2018,INSULET CORP,PODD,Grant Thornton,59189000,79.32,4694871480
177255,2016,JMP GROUP LLC,JMP,PwC,21457000,6.14,131745980
177255,2017,JMP GROUP LLC,JMP,PwC,21729000,5.6,121682400
177255,2018,JMP GROUP LLC,JMP,PwC,21320000,3.9,83148000
177256,2016,ENERNOC INC,ENOC,E&Y,30689000,6,184134000
177257,2016,INFINERA CORP,INFN,E&Y,145021000,8.49,1231228290
177257,2017,INFINERA CORP,INFN,E&Y,149471000,6.33,946151430
177257,2018,INFINERA CORP,INFN,E&Y,175452000,3.99,700053480
177267,2016,TE CONNECTIVITY LTD,TEL,Deloitte,355281000,64.38,22872990780
177267,2017,TE CONNECTIVITY LTD,TEL,Deloitte,351714000,83.06,29213364840
177267,2018,TE CONNECTIVITY LTD,TEL,Deloitte,344790000,87.93,30317384700
177287,2016,JAZZ PHARMACEUTICALS PLC,JAZZ,KPMG,59820000,109.03,6522174600
177287,2017,JAZZ PHARMACEUTICALS PLC,JAZZ,KPMG,59898000,134.65,8065265700
177287,2018,JAZZ PHARMACEUTICALS PLC,JAZZ,KPMG,57504000,123.96,7128195840
177300,2016,BENEFICIAL BANCORP INC,BNCL,KPMG,75638000,18.4,1391739200
177300,2017,BENEFICIAL BANCORP INC,BNCL,KPMG,75830000,16.45,1247403500
177300,2018,BENEFICIAL BANCORP INC,BNCL,KPMG,74791000,14.29,1068763390
177315,2016,LIMELIGHT NETWORKS INC,LLNW,E&Y,107059000,2.52,269788680
177315,2017,LIMELIGHT NETWORKS INC,LLNW,E&Y,110824000,4.41,488733840
177315,2018,LIMELIGHT NETWORKS INC,LLNW,E&Y,114246000,2.34,267335640
177340,2016,ACORN INTERNATIONAL INC -ADR,ATV,Deloitte,3770000,8,30160000
177340,2017,ACORN INTERNATIONAL INC -ADR,ATV,Grant Thornton,2680000,17.6408,47277344
177340,2018,ACORN INTERNATIONAL INC -ADR,ATV,Grant Thornton,2581000,21.9,56523900
177376,2016,DISCOVER FINANCIAL SVCS,DFS,Deloitte,388766000,72.09,28026140940
177376,2017,DISCOVER FINANCIAL SVCS,DFS,Deloitte,357920000,76.92,27531206400
177376,2018,DISCOVER FINANCIAL SVCS,DFS,Deloitte,331446000,58.98,19548685080
177397,2016,BROADVIEW NETWORKS HLDG INC,BVWN,E&Y,9993000,1.2,11991600
177545,2016,CYALUME TECHNOLOGIES HLDGS,CYLU,BDO Seidman,21400000,0.16,3424000
177629,2016,YINGLI GREEN ENERGY HLDGS CO,YGEHY,PwC,18176000,2.6,47257600
177629,2017,YINGLI GREEN ENERGY HLDGS CO,YGEHY,PwC,18176000,1.69,30717440
177629,2018,YINGLI GREEN ENERGY HLDGS CO,YGEHY,PwC,18176000,0.1295,2353792
177637,2016,AMC ENTERTAINMENT HOLDINGS,AMC,KPMG,110027000,33.65,3702408550
177637,2017,AMC ENTERTAINMENT HOLDINGS,AMC,KPMG,127641000,15.1,1927379100
177637,2018,AMC ENTERTAINMENT HOLDINGS,AMC,KPMG,103475000,12.28,1270673000
177640,2016,TIPTREE INC,TIPT,KPMG,28388000,6.15,174586200
177640,2017,TIPTREE INC,TIPT,Deloitte,29805000,5.95,177339750
177640,2018,TIPTREE INC,TIPT,Deloitte,35870000,5.59,200513300
177701,2017,TRILOGY INTL PARTNERS INC,TLLYF,Grant Thornton,53816000,4.8053,258602024.8
177701,2018,TRILOGY INTL PARTNERS INC,TLLYF,Grant Thornton,57714000,1.2056,69579998.4
177739,2016,SPECTRA ENERGY PARTNERS LP,SEP,Deloitte,308400000,45.84,14137056000
177739,2017,SPECTRA ENERGY PARTNERS LP,SEP,Deloitte,312400000,39.54,12352296000
177744,2016,PROS HOLDINGS INC,PRO,PwC,30584000,21.52,658167680
177744,2017,PROS HOLDINGS INC,PRO,PwC,31939000,26.45,844786550
177744,2018,PROS HOLDINGS INC,PRO,PwC,37156000,31.4,1166698400
177764,2016,SYNTHETIC BIOLOGICS INC,SYN,BDO Seidman,117173000,0.7626,89356129.8
177764,2017,SYNTHETIC BIOLOGICS INC,SYN,BDO Seidman,128567000,0.508,65312036
177764,2018,SYNTHETIC BIOLOGICS INC,SYN,BDO Seidman,15482000,0.56,8669920
177780,2017,COMSCORE INC,SCOR,Deloitte,57289000,28.5,1632736500
177780,2018,COMSCORE INC,SCOR,Deloitte,59390000,14.43,856997700
177782,2016,BLACKROCK CAPITAL INVT CORP,BKCC,Deloitte,72676000,6.96,505824960
177782,2017,BLACKROCK CAPITAL INVT CORP,BKCC,Deloitte,72947000,6.23,454459810
177782,2018,BLACKROCK CAPITAL INVT CORP,BKCC,Deloitte,68922000,5.29,364597380
177871,2016,VIRTUSA CORP,VRTU,KPMG,29906000,30.22,903759320
177871,2017,VIRTUSA CORP,VRTU,KPMG,29589000,48.46,1433882940
177871,2018,VIRTUSA CORP,VRTU,KPMG,30133000,53.45,1610608850
177881,2016,MASIMO CORP,MASI,Grant Thornton,50188000,67.4,3382671200
177881,2017,MASIMO CORP,MASI,Grant Thornton,51636000,84.8,4378732800
177881,2018,MASIMO CORP,MASI,Grant Thornton,53085000,107.37,5699736450
177884,2016,CONCHO RESOURCES INC,CXO,Grant Thornton,146059000,132.6,19367423400
177884,2017,CONCHO RESOURCES INC,CXO,Grant Thornton,148727000,150.22,22341769940
177884,2018,CONCHO RESOURCES INC,CXO,Grant Thornton,200257000,102.79,20584417030
177896,2016,REX ENERGY CORP,REXXQ,KPMG,97871000,0.4712,46116815.2
177896,2017,REX ENERGY CORP,REXXQ,KPMG,10244000,1.3811,14147988.4
177924,2016,PHARMERICA CORP,PMC,KPMG,30781000,25.15,774142150
177925,2016,WABCO HOLDINGS INC,WBC,E&Y,54492000,106.15,5784325800
177925,2017,WABCO HOLDINGS INC,WBC,E&Y,53735000,143.5,7710972500
177925,2018,WABCO HOLDINGS INC,WBC,E&Y,51365000,107.34,5513519100
177930,2016,ATHENAHEALTH INC,ATHN,Deloitte,39500000,105.17,4154215000
177930,2017,ATHENAHEALTH INC,ATHN,Deloitte,40100000,133.04,5334904000
177943,2016,DHI GROUP INC,DHX,Deloitte,49591000,6.25,309943750
177943,2017,DHI GROUP INC,DHX,Deloitte,50480000,1.9,95912000
177943,2018,DHI GROUP INC,DHX,Deloitte,53396000,1.52,81161920
177945,2016,BLUEKNIGHT ENERGY PRTNRS LP,BKEP,PwC,38003000,6.85,260320550
177945,2017,BLUEKNIGHT ENERGY PRTNRS LP,BKEP,PwC,40158000,5.1,204805800
177945,2018,BLUEKNIGHT ENERGY PRTNRS LP,BKEP,PwC,40424000,1.15,46487600
177966,2016,ALLISON TRANSMISSION HLDGS,ALSN,PwC,163796000,33.69,5518287240
177966,2017,ALLISON TRANSMISSION HLDGS,ALSN,PwC,139991000,43.07,6029412370
177966,2018,ALLISON TRANSMISSION HLDGS,ALSN,PwC,126251000,43.91,5543681410
177975,2016,ZAGG INC,ZAGG,KPMG,28009000,7.1,198863900
177975,2017,ZAGG INC,ZAGG,KPMG,28039000,18.45,517319550
177975,2018,ZAGG INC,ZAGG,KPMG,27474000,9.78,268695720
177981,2016,SINTX TECHNOLOGIES INC,SINT,BDO Seidman,27365000,0.6303,17248159.5
177983,2016,GENPACT LTD,G,KPMG,198794000,24.34,4838645960
177983,2017,GENPACT LTD,G,KPMG,192825000,31.74,6120265500
177983,2018,GENPACT LTD,G,KPMG,189346000,26.99,5110448540
177996,2016,VALIDUS HOLDINGS LTD,VR,PwC,79132000,55.01,4353051320
177996,2017,VALIDUS HOLDINGS LTD,VR,PwC,79320000,46.92,3721694400
178015,2016,LULULEMON ATHLETICA INC,LULU,PwC,137085000,67.51,9254608350
178015,2017,LULULEMON ATHLETICA INC,LULU,PwC,135431000,78.21,10592058510
178015,2018,LULULEMON ATHLETICA INC,LULU,PwC,130932000,147.81,19353058920
178081,2016,MERCADOLIBRE INC,MELI,Deloitte,44157000,156.14,6894673980
178081,2017,MERCADOLIBRE INC,MELI,Deloitte,44157000,314.66,13894441620
178081,2018,MERCADOLIBRE INC,MELI,Deloitte,45203000,292.85,13237698550
178082,2016,PARAGON SHIPPING INC,PRGNF,E&Y,10821000,0.0962,1040980.2
178083,2016,VMWARE INC -CL A,VMW,PwC,408351000,78.73,32149474230
178083,2017,VMWARE INC -CL A,VMW,PwC,403776000,123.79,49983431040
178083,2018,VMWARE INC -CL A,VMW,PwC,410715000,151.07,62046715050
178084,2016,COSAN LTD,CZZ,KPMG,264691000,7.51,1987829410
178084,2017,COSAN LTD,CZZ,KPMG,243199000,9.7,2359030300
178084,2018,COSAN LTD,CZZ,KPMG,244676000,8.8,2153148800
178097,2016,CUMBERLAND PHARMACEUTICALS,CPIX,KPMG,16074000,5.5,88407000
178097,2017,CUMBERLAND PHARMACEUTICALS,CPIX,BDO Seidman,15723000,7.36,115721280
178097,2018,CUMBERLAND PHARMACEUTICALS,CPIX,BDO Seidman,15481000,6.03,93350430
178148,2016,SANDSTORM GOLD LTD,SAND,PwC,151931000,3.9,592530900
178148,2017,SANDSTORM GOLD LTD,SAND,PwC,182686000,4.99,911603140
178148,2018,SANDSTORM GOLD LTD,SAND,PwC,180882000,4.61,833866020
178201,2016,VITAMIN SHOPPE INC,VSI,Deloitte,23424000,23.75,556320000
178201,2017,VITAMIN SHOPPE INC,VSI,Deloitte,24022000,4.4,105696800
178201,2018,VITAMIN SHOPPE INC,VSI,Deloitte,23974000,4.74,113636760
178310,2016,TERADATA CORP,TDC,PwC,130600000,27.17,3548402000
178310,2017,TERADATA CORP,TDC,PwC,121900000,38.46,4688274000
178310,2018,TERADATA CORP,TDC,PwC,116800000,38.36,4480448000
178327,2016,CHINA XD PLASTICS CO LTD,CXDC,KPMG,49512000,4,198048000
178327,2017,CHINA XD PLASTICS CO LTD,CXDC,KPMG,49728000,4.6,228748800
178327,2018,CHINA XD PLASTICS CO LTD,CXDC,KPMG,50949000,1.76,89670240
178371,2016,MAIDEN HOLDINGS LTD,MHLD,BDO Seidman,86271000,17.45,1505428950
178371,2017,MAIDEN HOLDINGS LTD,MHLD,Deloitte,82975000,6.6,547635000
178371,2018,MAIDEN HOLDINGS LTD,MHLD,Deloitte,82949000,1.65,136865850
178377,2016,SPI ENERGY CO LTD,SPI,KPMG,64167000,1.89,121275630
178403,2016,SEANERGY MARITIME HLDGS CORP,SHIP,E&Y,34072000,1.15,39182800
178403,2017,SEANERGY MARITIME HLDGS CORP,SHIP,E&Y,36979000,1.04,38458160
178403,2018,SEANERGY MARITIME HLDGS CORP,SHIP,E&Y,39993000,0.5027,20104481.1
178405,2016,FLY LEASING LTD  -ADR,FLY,Deloitte,32256000,13.3,429004800
178405,2017,FLY LEASING LTD  -ADR,FLY,Deloitte,27983000,12.91,361260530
178405,2018,FLY LEASING LTD  -ADR,FLY,Deloitte,32650000,10.56,344784000
178507,2016,MSCI INC,MSCI,PwC,91280000,78.78,7191038400
178507,2017,MSCI INC,MSCI,PwC,90105000,126.54,11401886700
178507,2018,MSCI INC,MSCI,PwC,84174000,147.43,12409772820
178519,2016,LPL FINANCIAL HOLDINGS INC,LPLA,Deloitte,89297000,35.21,3144147370
178519,2017,LPL FINANCIAL HOLDINGS INC,LPLA,Deloitte,89768000,57.14,5129343520
178519,2018,LPL FINANCIAL HOLDINGS INC,LPLA,Deloitte,85089000,61.08,5197236120
178525,2016,CHINA DIGITALTV HLDG CO -ADS,STVVY,KPMG,60285000,1.46,88016100
178525,2017,CHINA DIGITALTV HLDG CO -ADS,STVVY,KPMG,63509000,0.175,11114075
178529,2016,MAIN STREET CAPITAL CORP,MAIN,Grant Thornton,54312000,36.77,1997052240
178529,2017,MAIN STREET CAPITAL CORP,MAIN,Grant Thornton,58661000,39.73,2330601530
178529,2018,MAIN STREET CAPITAL CORP,MAIN,Grant Thornton,61265000,33.81,2071369650
178539,2016,RETAIL OPPORTUNITY INVTS CP,ROIC,E&Y,109302000,21.13,2309551260
178539,2017,RETAIL OPPORTUNITY INVTS CP,ROIC,E&Y,112347000,19.95,2241322650
178539,2018,RETAIL OPPORTUNITY INVTS CP,ROIC,E&Y,113993000,15.88,1810208840
178540,2016,AFFINION GROUP HOLDINGS INC,AFGR,PwC,9093000,4,36372000
178540,2017,AFFINION GROUP HOLDINGS INC,AFGR,PwC,9157000,11.5,105305500
178540,2018,AFFINION GROUP HOLDINGS INC,AFGR,PwC,9090000,9,81810000
178552,2016,TEXTAINER GROUP HOLDINGS LTD,TGH,KPMG,56787000,7.45,423063150
178552,2017,TEXTAINER GROUP HOLDINGS LTD,TGH,KPMG,57097000,21.5,1227585500
178552,2018,TEXTAINER GROUP HOLDINGS LTD,TGH,KPMG,57402000,9.96,571723920
178610,2016,DUPONT FABROS TECHNOLOGY INC,DFT,E&Y,75915000,43.93,3334945950
178672,2016,CVR ENERGY INC,CVI,Grant Thornton,86831000,25.39,2204639090
178672,2017,CVR ENERGY INC,CVI,Grant Thornton,86831000,37.24,3233586440
178672,2018,CVR ENERGY INC,CVI,Grant Thornton,100530000,34.48,3466274400
178684,2016,VANGUARD NATURAL RESOURCES,VNRRQ,BDO Seidman,131429000,0.6738,88556860.2
178684,2017,VANGUARD NATURAL RESOURCES,VNRRQ,BDO Seidman,20100000,0.0344,691440
178684,2018,VANGUARD NATURAL RESOURCES,VNRRQ,BDO Seidman,20124000,1.45,29179800
178698,2016,AAC HOLDINGS INC,AAC,BDO Seidman,23674000,7.24,171399760
178698,2017,AAC HOLDINGS INC,AAC,BDO Seidman,23872000,9,214848000
178698,2018,AAC HOLDINGS INC,AAC,BDO Seidman,24574000,1.4,34403600
178703,2016,PZENA INVESTMENT MANAGEMENT,PZN,KPMG,17340000,11.11,192647400
178703,2017,PZENA INVESTMENT MANAGEMENT,PZN,PwC,18097000,10.67,193094990
178703,2018,PZENA INVESTMENT MANAGEMENT,PZN,PwC,18398000,8.65,159142700
178704,2016,ULTA BEAUTY INC,ULTA,E&Y,62129000,272.28,16916484120
178704,2017,ULTA BEAUTY INC,ULTA,E&Y,60822000,222.1,13508566200
178704,2018,ULTA BEAUTY INC,ULTA,E&Y,58584000,291.92,17101841280
178741,2016,B COMMUNICATIONS LTD,BCOM,KPMG,29889000,20.18,603160020
178741,2017,B COMMUNICATIONS LTD,BCOM,KPMG,29889000,18.4,549957600
178741,2018,B COMMUNICATIONS LTD,BCOM,KPMG,29889000,5.9312,177277636.8
178750,2016,FANHUA INC -ADS,FANH,Deloitte,58254000,8.28,482343120
178750,2017,FANHUA INC -ADS,FANH,Deloitte,65010000,21.62,1405516200
178750,2018,FANHUA INC -ADS,FANH,Deloitte,63674000,21.95,1397644300
178795,2017,AGRIA CORP -ADS,GRO,KPMG,55058000,0.849,46744242
178796,2016,AIRNET TECHNOLOGY INC-ADS,ANTE,Deloitte,62815000,2.455,154210825
178797,2018,AMERICAN PUBLIC EDUCATION,APEI,Deloitte,16425000,28.46,467455500
178803,2016,ENSIGN GROUP INC,ENSG,Deloitte,50838000,22.21,1129111980
178803,2017,ENSIGN GROUP INC,ENSG,Deloitte,51360000,22.2,1140192000
178803,2018,ENSIGN GROUP INC,ENSG,Deloitte,52584000,38.79,2039733360
178806,2016,LUMBER LIQUIDATORS HLDGS INC,LL,E&Y,28249000,15.74,444639260
178806,2017,LUMBER LIQUIDATORS HLDGS INC,LL,E&Y,28490000,31.39,894301100
178806,2018,LUMBER LIQUIDATORS HLDGS INC,LL,E&Y,28627000,9.52,272529040
178814,2016,OCH-ZIFF CAPITAL MGMT LLC,OZM,E&Y,184843000,3.31,611830330
178814,2017,OCH-ZIFF CAPITAL MGMT LLC,OZM,E&Y,189573000,2.5,473932500
178814,2018,OCH-ZIFF CAPITAL MGMT LLC,OZM,E&Y,199051000,0.92,183126920
178823,2018,UNITED INSURANCE HOLDINGS CO,UIHC,Deloitte,42985000,16.62,714410700
178834,2016,NORTHFIELD BANCORP INC,NFBK,KPMG,48527000,19.97,969084190
178834,2017,NORTHFIELD BANCORP INC,NFBK,KPMG,48804000,17.08,833572320
178834,2018,NORTHFIELD BANCORP INC,NFBK,KPMG,49636000,13.55,672567800
178847,2016,RESHAPE LIFESCIENCES INC,RSLS,Deloitte,2737000,2,5474000
178847,2017,RESHAPE LIFESCIENCES INC,RSLS,Deloitte,30957000,1.48,45816360
178847,2018,RESHAPE LIFESCIENCES INC,RSLS,Deloitte,8770000,0.255,2236350
178862,2016,CHIMERA INVESTMENT CORP,CIM,E&Y,187740000,17.02,3195334800
178862,2017,CHIMERA INVESTMENT CORP,CIM,E&Y,187809000,18.48,3470710320
178862,2018,CHIMERA INVESTMENT CORP,CIM,E&Y,187052000,17.82,3333266640
178865,2016,RUBICON TECHNOLOGY INC,RBCN,Grant Thornton,26829000,0.6,16097400
178870,2016,SRC ENERGY INC,SRCI,Deloitte,200648000,8.91,1787773680
178870,2017,SRC ENERGY INC,SRCI,Deloitte,241366000,8.53,2058851980
178870,2018,SRC ENERGY INC,SRCI,Deloitte,242608000,4.7,1140257600
178877,2016,NAVIOS MARITIME PARTNERS LP,NMM,PwC,83324000,1.41,117486840
178877,2017,NAVIOS MARITIME PARTNERS LP,NMM,PwC,147798000,2.36,348803280
178877,2018,NAVIOS MARITIME PARTNERS LP,NMM,PwC,169054000,0.8494,143594467.6
178921,2016,GASTAR EXPLORATION INC,GSTCQ,BDO Seidman,150378000,1.55,233085900
178921,2017,GASTAR EXPLORATION INC,GSTCQ,BDO Seidman,218874000,1.05,229817700
178973,2016,TITAN MACHINERY INC,TITN,Deloitte,21836000,13.81,301555160
178973,2017,TITAN MACHINERY INC,TITN,Deloitte,22102000,21.49,474971980
178973,2018,TITAN MACHINERY INC,TITN,Deloitte,22218000,18.74,416365320
178976,2016,K12 INC,LRN,BDO Seidman,39681000,12.49,495615690
178976,2017,K12 INC,LRN,BDO Seidman,40823000,17.92,731548160
178976,2018,K12 INC,LRN,BDO Seidman,39568000,16.37,647728160
178997,2016,FRANCO-NEVADA CORP,FNV,PwC,178482000,59.76,10666084320
178997,2017,FRANCO-NEVADA CORP,FNV,PwC,185930000,79.95,14865103500
178997,2018,FRANCO-NEVADA CORP,FNV,PwC,186692000,70.17,13100177640
179029,2016,XINYUAN REAL ESTATE CO -ADR,XIN,E&Y,65713000,4.96,325936480
179029,2017,XINYUAN REAL ESTATE CO -ADR,XIN,E&Y,64789000,6.81,441213090
179029,2018,XINYUAN REAL ESTATE CO -ADR,XIN,E&Y,59903000,3.8,227631400
179048,2016,ATLANTIC CAP BANCSHARES INC,ACBI,E&Y,25093000,19,476767000
179048,2017,ATLANTIC CAP BANCSHARES INC,ACBI,E&Y,25713000,17.6,452548800
179048,2018,ATLANTIC CAP BANCSHARES INC,ACBI,E&Y,25290000,16.37,413997300
179058,2016,ORION ENERGY SYSTEMS INC,OESX,BDO Seidman,28317000,1.98,56067660
179058,2017,ORION ENERGY SYSTEMS INC,OESX,BDO Seidman,28953000,0.85,24610050
179058,2018,ORION ENERGY SYSTEMS INC,OESX,BDO Seidman,29600000,0.8855,26210800
179060,2016,B2GOLD CORP,BTG,PwC,964892000,2.37,2286794040
179060,2017,B2GOLD CORP,BTG,PwC,980933000,3.1,3040892300
179060,2018,B2GOLD CORP,BTG,PwC,994622000,2.92,2904296240
179077,2016,FORESTAR GROUP INC,FOR,E&Y,41616000,13.3,553492800
179077,2017,FORESTAR GROUP INC,FOR,E&Y,41939000,22,922658000
179077,2018,FORESTAR GROUP INC,FOR,E&Y,41939000,21.2,889106800
179087,2016,TEEKAY TANKERS LTD,TNK,KPMG,159304000,2.26,360027040
179087,2017,TEEKAY TANKERS LTD,TNK,KPMG,268202000,1.4,375482800
179087,2018,TEEKAY TANKERS LTD,TNK,KPMG,268559000,0.928,249222752
179094,2016,DEL FRISCOS RESTURNT GRP INC,DFRG,KPMG,23272000,17,395624000
179094,2017,DEL FRISCOS RESTURNT GRP INC,DFRG,KPMG,20309000,15.25,309712250
179094,2018,DEL FRISCOS RESTURNT GRP INC,DFRG,KPMG,33322000,7.15,238252300
179132,2016,ORION GROUP HOLDINGS INC,ORN,E&Y,27695000,9.95,275565250
179132,2017,ORION GROUP HOLDINGS INC,ORN,KPMG,28150000,7.83,220414500
179132,2018,ORION GROUP HOLDINGS INC,ORN,KPMG,28901000,4.29,123985290
179202,2016,ECHOSTAR CORP,SATS,KPMG,94398000,51.39,4851113220
179202,2017,ECHOSTAR CORP,SATS,KPMG,95819000,59.9,5739558100
179202,2018,ECHOSTAR CORP,SATS,KPMG,95345000,36.72,3501068400
179216,2016,BROOKFIELD INFRS PTRS LP,BIP,Deloitte,259400000,33.47,8682118000
179216,2017,BROOKFIELD INFRS PTRS LP,BIP,Deloitte,276600000,44.81,12394446000
179216,2018,BROOKFIELD INFRS PTRS LP,BIP,Deloitte,277300000,34.53,9575169000
179249,2016,BROADWIND ENERGY INC,BWEN,KPMG,14902000,4.045,60278590
179288,2016,A. H. BELO CORP,AHC,KPMG,21676000,6.35,137642600
179288,2017,A. H. BELO CORP,AHC,KPMG,21739000,4.8,104347200
179288,2018,A. H. BELO CORP,AHC,Grant Thornton,21628000,3.37,72886360
179300,2016,ATA INC -ADS,ATAI,KPMG,22891000,3.8,86985800
179300,2017,ATA INC -ADS,ATAI,KPMG,22898000,4.62,105788760
179300,2018,ATA INC -ADS,ATAI,KPMG,22898000,0.92,21066160
179386,2016,BLUE SPHERE CORP,BLSP,Deloitte,279016000,0.0669,18666170.4
179386,2017,BLUE SPHERE CORP,BLSP,Deloitte,3725000,1.74,6481500
179413,2016,CARDIOVASCULAR SYSTEMS INC,CSII,PwC,32792000,18.375,602553000
179413,2017,CARDIOVASCULAR SYSTEMS INC,CSII,PwC,32850000,32.23,1058755500
179413,2018,CARDIOVASCULAR SYSTEMS INC,CSII,PwC,33360000,32.34,1078862400
179417,2018,REAL GOODS SOLAR INC,RGSE,BDO Seidman,91860000,0.524,48134640
179437,2016,AMERICAN WATER WORKS CO INC,AWK,PwC,178097000,72.36,12887098920
179437,2017,AMERICAN WATER WORKS CO INC,AWK,PwC,178445000,91.49,16325933050
179437,2018,AMERICAN WATER WORKS CO INC,AWK,PwC,180684000,90.77,16400686680
179441,2016,BIOTELEMETRY INC,BEAT,E&Y,28262000,22.35,631655700
179441,2017,BIOTELEMETRY INC,BEAT,E&Y,32461000,29.9,970583900
179441,2018,BIOTELEMETRY INC,BEAT,E&Y,33406000,59.72,1995006320
179534,2016,VISA INC,V,KPMG,2343000000,82.7,1.93766E+11
179534,2017,VISA INC,V,KPMG,2274000000,105.24,2.39316E+11
179534,2018,VISA INC,V,KPMG,2215000000,150.09,3.32449E+11
179577,2016,COLFAX CORP,CFX,E&Y,122780000,35.93,4411485400
179577,2017,COLFAX CORP,CFX,E&Y,123246000,39.62,4883006520
179577,2018,COLFAX CORP,CFX,E&Y,117275000,20.9,2451047500
179583,2016,FABRINET,FN,PwC,36156000,37.12,1342110720
179583,2017,FABRINET,FN,PwC,37340000,42.66,1592924400
179583,2018,FABRINET,FN,PwC,36435000,36.89,1344087150
179597,2016,HERITAGE-CRYSTAL CLEAN INC,HCCI,Grant Thornton,22300000,15.7,350110000
179597,2017,HERITAGE-CRYSTAL CLEAN INC,HCCI,Grant Thornton,22892000,21.75,497901000
179597,2018,HERITAGE-CRYSTAL CLEAN INC,HCCI,Grant Thornton,23059000,23.01,530587590
179598,2016,CELLDEX THERAPEUTICS INC,CLDX,PwC,120517000,3.54,426630180
179598,2017,CELLDEX THERAPEUTICS INC,CLDX,PwC,138520000,2.84,393396800
179598,2018,CELLDEX THERAPEUTICS INC,CLDX,PwC,179365000,0.1979,35496333.5
179621,2016,PHILIP MORRIS INTERNATIONAL,PM,PwC,1551386000,91.49,1.41936E+11
179621,2017,PHILIP MORRIS INTERNATIONAL,PM,PwC,1553218000,105.65,1.64097E+11
179621,2018,PHILIP MORRIS INTERNATIONAL,PM,PwC,1554580000,66.76,1.03784E+11
179624,2016,CHINA JO-JO DRUGSTORES INC,CJJD,BDO Seidman,25215000,1.8,45387000
179624,2017,CHINA JO-JO DRUGSTORES INC,CJJD,BDO Seidman,28937000,1.349,39036013
179624,2018,CHINA JO-JO DRUGSTORES INC,CJJD,BDO Seidman,28937000,2.62,75814940
179657,2016,HILLENBRAND INC,HI,PwC,63000000,31.64,1993320000
179657,2017,HILLENBRAND INC,HI,PwC,63100000,38.85,2451435000
179657,2018,HILLENBRAND INC,HI,PwC,62300000,52.3,3258290000
179666,2016,LOGMEIN INC,LOGM,Deloitte,25552000,96.55,2467045600
179666,2017,LOGMEIN INC,LOGM,Deloitte,52564000,114.5,6018578000
179666,2018,LOGMEIN INC,LOGM,Deloitte,50692000,81.57,4134946440
179671,2016,CHEMOCENTRYX INC,CCXI,E&Y,48058000,7.4,355629200
179671,2017,CHEMOCENTRYX INC,CCXI,E&Y,48837000,5.95,290580150
179671,2018,CHEMOCENTRYX INC,CCXI,E&Y,50652000,10.91,552613320
179686,2016,ZOGENIX INC,ZGNX,E&Y,24813000,12.15,301477950
179686,2017,ZOGENIX INC,ZGNX,E&Y,34808000,40.05,1394060400
179686,2018,ZOGENIX INC,ZGNX,E&Y,42078000,36.46,1534163880
179690,2016,SOLARWINDS CORP,SWI,PwC,99356000,59.98,5959372880
179690,2018,SOLARWINDS CORP,SWI,PwC,304942000,13.83,4217347860
179700,2016,DR PEPPER SNAPPLE GROUP INC,DPS,Deloitte,183120000,90.67,16603490400
179700,2017,DR PEPPER SNAPPLE GROUP INC,DPS,Deloitte,179743000,97.06,17445855580
179707,2016,CNL LIFESTYLE PROPERTIES INC,0055B,PwC,325183000,1.65,536551950
179731,2016,INSYS THERAPEUTICS INC,INSYQ,BDO Seidman,71924000,9.2,661700800
179731,2017,INSYS THERAPEUTICS INC,INSYQ,BDO Seidman,73612000,9.62,708147440
179731,2018,INSYS THERAPEUTICS INC,INSYQ,BDO Seidman,74381000,3.5,260333500
179738,2016,ENERGY RECOVERY INC,ERII,BDO Seidman,53163000,10.35,550237050
179738,2017,ENERGY RECOVERY INC,ERII,BDO Seidman,53906000,8.75,471677500
179738,2018,ENERGY RECOVERY INC,ERII,Deloitte,53940000,6.73,363016200
179741,2016,KKR & CO INC,KKR,Deloitte,452380000,15.39,6962128200
179741,2017,KKR & CO INC,KKR,Deloitte,486175000,21.06,10238845500
179741,2018,KKR & CO INC,KKR,Deloitte,534857000,19.63,10499242910
179782,2016,RESOLUTE ENERGY CORP,REN,KPMG,21933000,41.19,903420270
179782,2017,RESOLUTE ENERGY CORP,REN,KPMG,22528000,31.47,708956160
179817,2016,VERSO CORP,VRS,Deloitte,34391000,7.1,244176100
179817,2017,VERSO CORP,VRS,Deloitte,34455000,17.57,605374350
179817,2018,VERSO CORP,VRS,Deloitte,34484000,22.4,772441600
179819,2016,QUANEX BUILDING PRODUCTS,NX,Grant Thornton,34220000,16.3,557786000
179819,2017,QUANEX BUILDING PRODUCTS,NX,Grant Thornton,34838000,21.95,764694100
179819,2018,QUANEX BUILDING PRODUCTS,NX,Grant Thornton,33339000,14.82,494083980
179831,2016,WESTERN GAS PARTNERS LP,WES.3,KPMG,143030000,58.76,8404442800
179831,2017,WESTERN GAS PARTNERS LP,WES.3,KPMG,165846000,48.09,7975534140
179831,2018,WESTERN GAS PARTNERS LP,WES.3,KPMG,166982000,42.23,7051649860
179834,2016,CAREDX INC,CDNA,E&Y,21278000,2.7,57450600
179834,2017,CAREDX INC,CDNA,E&Y,28825000,7.34,211575500
179834,2018,CAREDX INC,CDNA,Deloitte,41385000,25.14,1040418900
179840,2016,FLUIDIGM CORP,FLDM,PwC,29208000,7.28,212634240
179840,2017,FLUIDIGM CORP,FLDM,PwC,38787000,5.89,228455430
179840,2018,FLUIDIGM CORP,FLDM,PwC,49338000,8.62,425293560
179841,2016,CODEXIS INC,CDXS,BDO Seidman,41255000,4.6,189773000
179841,2017,CODEXIS INC,CDXS,BDO Seidman,48365000,8.35,403847750
179841,2018,CODEXIS INC,CDXS,BDO Seidman,54065000,16.7,902885500
179843,2016,INTREPID POTASH INC,IPI,KPMG,72309000,2.08,150402720
179843,2017,INTREPID POTASH INC,IPI,KPMG,127647000,4.76,607599720
179843,2018,INTREPID POTASH INC,IPI,KPMG,128717000,2.6,334664200
179889,2016,AGNC INVESTMENT CORP,AGNC,E&Y,331000000,18.13,6001030000
179889,2017,AGNC INVESTMENT CORP,AGNC,E&Y,391300000,20.19,7900347000
179889,2018,AGNC INVESTMENT CORP,AGNC,E&Y,536300000,17.54,9406702000
179957,2016,ECHO GLOBAL LOGISTICS INC,ECHO,E&Y,28131000,25.05,704681550
179957,2017,ECHO GLOBAL LOGISTICS INC,ECHO,E&Y,27241000,28,762748000
179957,2018,ECHO GLOBAL LOGISTICS INC,ECHO,E&Y,27398000,20.33,557001340
180016,2016,MRC GLOBAL INC,MRC,E&Y,94852000,20.26,1921701520
180016,2017,MRC GLOBAL INC,MRC,E&Y,91348000,16.92,1545608160
180016,2018,MRC GLOBAL INC,MRC,E&Y,85606000,12.23,1046961380
180029,2016,DIGITALGLOBE INC,DGI,PwC,61400000,28.65,1759110000
180083,2016,GRAND CANYON EDUCATION INC,LOPE,KPMG,47559000,58.45,2779823550
180083,2017,GRAND CANYON EDUCATION INC,LOPE,KPMG,48125000,89.53,4308631250
180083,2018,GRAND CANYON EDUCATION INC,LOPE,KPMG,48201000,96.14,4634044140
180109,2016,MALVERN BANCORP INC,MLVF,BDO Seidman,6416000,16.4,105222400
180109,2017,MALVERN BANCORP INC,MLVF,BDO Seidman,6444000,26.75,172377000
180112,2016,SAFE BULKERS INC,SB,Deloitte,99139000,1.15,114009850
180112,2017,SAFE BULKERS INC,SB,Deloitte,101414000,3.23,327567220
180112,2018,SAFE BULKERS INC,SB,Deloitte,102548000,1.78,182535440
180145,2016,FORBES ENERGY SERVICES LTD,FLSS,BDO Seidman,22215000,0.025,555375
180145,2017,FORBES ENERGY SERVICES LTD,FLSS,BDO Seidman,5336000,0.01,53360
180162,2016,KBS REIT II INC,KBRS,E&Y,188720000,4.6,868112000
180162,2017,KBS REIT II INC,KBRS,E&Y,187666000,4.43,831360380
180167,2016,SCRIPPS NETWORKS INTERACTIVE,SNI,Deloitte,129342000,71.37,9231138540
180167,2017,SCRIPPS NETWORKS INTERACTIVE,SNI,Deloitte,130055000,85.38,11104095900
180193,2016,OAKTREE SPECIALTY LENDING CP,OCSL,PwC,143259000,5.81,832334790
180193,2017,OAKTREE SPECIALTY LENDING CP,OCSL,PwC,140961000,5.47,771056670
180193,2018,OAKTREE SPECIALTY LENDING CP,OCSL,E&Y,140961000,4.96,699166560
180228,2016,INVESCO MORTGAGE CAPITAL INC,IVR,PwC,111595000,14.6,1629287000
180228,2017,INVESCO MORTGAGE CAPITAL INC,IVR,PwC,111624000,17.83,1990255920
180228,2018,INVESCO MORTGAGE CAPITAL INC,IVR,PwC,111585000,14.48,1615750800
180229,2016,MISTRAS GROUP INC,MG,KPMG,28797000,25.68,739506960
180229,2017,MISTRAS GROUP INC,MG,KPMG,28295000,23.47,664083650
180229,2018,MISTRAS GROUP INC,MG,KPMG,28653000,14.38,412030140
180256,2016,NAVIOS MARITIME ACQUISITION,NNA,PwC,150583000,1.7,255991100
180256,2017,NAVIOS MARITIME ACQUISITION,NNA,PwC,152108000,1.11,168839880
180256,2018,NAVIOS MARITIME ACQUISITION,NNA,PwC,13281000,3.25,43163250
180272,2016,BLACK KNIGHT INC,BKI,KPMG,69091000,37.8,2611639800
180272,2017,BLACK KNIGHT INC,BKI,KPMG,151430000,44.15,6685634500
180272,2018,BLACK KNIGHT INC,BKI,KPMG,149359000,45.06,6730116540
180363,2016,ALIMERA SCIENCES INC,ALIM,Grant Thornton,64863000,1.08,70052040
180363,2017,ALIMERA SCIENCES INC,ALIM,Grant Thornton,69146000,1.33,91964180
180363,2018,ALIMERA SCIENCES INC,ALIM,Grant Thornton,70079000,0.7181,50323729.9
180395,2016,ILG INC,ILG,E&Y,124667000,18.17,2265199390
180395,2017,ILG INC,ILG,E&Y,124066000,28.48,3533399680
180402,2016,HSN INC,HSNI,E&Y,52240000,34.3,1791832000
180405,2016,ACTIVISION BLIZZARD INC,ATVI,PwC,745487000,36.11,26919535570
180405,2017,ACTIVISION BLIZZARD INC,ATVI,PwC,757505000,63.32,47965216600
180405,2018,ACTIVISION BLIZZARD INC,ATVI,PwC,763418000,46.57,35552376260
180413,2016,CHINA DISTANCE EDUCATION-ADR,DL,Deloitte,32932000,12.92,425481440
180413,2017,CHINA DISTANCE EDUCATION-ADR,DL,Deloitte,32964000,6.71,221188440
180413,2018,CHINA DISTANCE EDUCATION-ADR,DL,Deloitte,33319000,8.28,275881320
180423,2016,LENDINGTREE INC,TREE,PwC,11792000,101.35,1195119200
180423,2017,LENDINGTREE INC,TREE,PwC,11979000,340.45,4078250550
180423,2018,LENDINGTREE INC,TREE,PwC,12810000,219.57,2812691700
180466,2016,JOHN BEAN TECHNOLOGIES,JBT,KPMG,29157000,85.95,2506044150
180466,2017,JOHN BEAN TECHNOLOGIES,JBT,KPMG,31577000,110.8,3498731600
180466,2018,JOHN BEAN TECHNOLOGIES,JBT,KPMG,31522000,71.81,2263594820
180474,2016,REXNORD CORP,RXN,E&Y,103601000,23.08,2391111080
180474,2017,REXNORD CORP,RXN,E&Y,104179000,29.68,3092032720
180474,2018,REXNORD CORP,RXN,E&Y,104842000,25.14,2635727880
180475,2016,PRIMERO MINING CORP,PPPMF,KPMG,189508000,0.7865,149048042
180475,2017,PRIMERO MINING CORP,PPPMF,KPMG,193046000,0.0655,12644513
180483,2016,BERRY GLOBAL GROUP INC,BERY,E&Y,122000000,43.85,5349700000
180483,2017,BERRY GLOBAL GROUP INC,BERY,E&Y,130900000,56.65,7415485000
180483,2018,BERRY GLOBAL GROUP INC,BERY,E&Y,131400000,48.39,6358446000
180562,2016,ROADRUNNER TRANS SYSTEMS INC,RRTS,Deloitte,38341000,10.39,398362990
180562,2017,ROADRUNNER TRANS SYSTEMS INC,RRTS,Deloitte,38423000,7.71,296241330
180562,2018,ROADRUNNER TRANS SYSTEMS INC,RRTS,Deloitte,38897000,0.4961,19296801.7
180635,2016,CLOUD PEAK ENERGY INC,CLDPQ,PwC,61465000,5.61,344818650
180635,2017,CLOUD PEAK ENERGY INC,CLDPQ,PwC,75167000,4.45,334493150
180635,2018,CLOUD PEAK ENERGY INC,CLDPQ,PwC,75806000,0.3663,27767737.8
180646,2016,MYR GROUP INC,MYRG,E&Y,16333000,37.68,615427440
180652,2016,VERISK ANALYTICS INC,VRSK,Deloitte,166916000,81.17,13548571720
180652,2017,VERISK ANALYTICS INC,VRSK,Deloitte,164879000,96,15828384000
180652,2018,VERISK ANALYTICS INC,VRSK,Deloitte,163970000,109.04,17879288800
180698,2016,ONCOGENEX PHARMACEUTICALS,OGXI,E&Y,30026000,0.4999,15009997.4
180711,2016,BROADCOM INC,AVGO,PwC,398281000,170.28,67819288680
180711,2017,BROADCOM INC,AVGO,PwC,408732000,263.91,1.07868E+11
180711,2018,BROADCOM INC,AVGO,PwC,408000000,223.49,91183920000
180759,2016,DIVERSIFIED RESTAURANT HLDGS,SAUC,BDO Seidman,26632000,1.4,37284800
180759,2017,DIVERSIFIED RESTAURANT HLDGS,SAUC,BDO Seidman,26859000,1.6,42974400
180759,2018,DIVERSIFIED RESTAURANT HLDGS,SAUC,BDO Seidman,33201000,0.97,32204970
180821,2016,ASCENT CAPITAL GROUP INC,ASCMA,KPMG,12351000,16.26,200827260
180821,2017,ASCENT CAPITAL GROUP INC,ASCMA,KPMG,12381000,11.49,142257690
180821,2018,ASCENT CAPITAL GROUP INC,ASCMA,KPMG,12463000,0.39,4860570
180833,2016,MEAD JOHNSON NUTRITION CO,MJN,Deloitte,183400000,70.76,12977384000
180905,2016,ROSETTA STONE INC,RST,Deloitte,22451000,8.91,200038410
180905,2017,ROSETTA STONE INC,RST,Deloitte,22783000,12.47,284104010
180905,2018,ROSETTA STONE INC,RST,Deloitte,23426000,16.4,384186400
181104,2016,ALLSCRIPTS HEALTHCARE SOLTNS,MDRX,Grant Thornton,180510000,10.21,1843007100
181104,2017,ALLSCRIPTS HEALTHCARE SOLTNS,MDRX,Grant Thornton,180832000,14.55,2631105600
181104,2018,ALLSCRIPTS HEALTHCARE SOLTNS,MDRX,Grant Thornton,171224000,9.64,1650599360
181269,2016,GREEN PLAINS INC,GPRE,KPMG,38364000,27.85,1068437400
181269,2017,GREEN PLAINS INC,GPRE,KPMG,41084000,16.85,692265400
181269,2018,GREEN PLAINS INC,GPRE,KPMG,41102000,13.11,538847220
181290,2016,DIGIMARC CORP,DMRC,KPMG,10523000,30,315690000
181290,2017,DIGIMARC CORP,DMRC,KPMG,11651000,36.15,421183650
181290,2018,DIGIMARC CORP,DMRC,KPMG,11891000,14.5,172419500
181745,2016,CSI COMPRESSCO LP,CCLP,E&Y,33262000,9.73,323639260
181745,2017,CSI COMPRESSCO LP,CCLP,E&Y,37619000,5.47,205775930
181745,2018,CSI COMPRESSCO LP,CCLP,E&Y,45769000,2.32,106184080
181931,2016,CLEARWATER PAPER CORP,CLW,KPMG,16487000,65.55,1080722850
181931,2017,CLEARWATER PAPER CORP,CLW,KPMG,16448000,45.4,746739200
181931,2018,CLEARWATER PAPER CORP,CLW,KPMG,16482000,24.37,401666340
181989,2016,U S SILICA HOLDINGS INC,SLCA,Grant Thornton,81029000,56.68,4592723720
181989,2017,U S SILICA HOLDINGS INC,SLCA,Grant Thornton,80524000,32.56,2621861440
181989,2018,U S SILICA HOLDINGS INC,SLCA,Grant Thornton,73149000,10.18,744656820
182112,2016,ZOVIO INC,ZVO,PwC,46478000,10.13,470822140
182112,2017,ZOVIO INC,ZVO,Deloitte,27158000,8.3,225411400
182112,2018,ZOVIO INC,ZVO,Deloitte,27168000,7.01,190447680
182308,2016,MEDIDATA SOLUTIONS INC,MDSO,Deloitte,57733000,49.67,2867598110
182308,2017,MEDIDATA SOLUTIONS INC,MDSO,Deloitte,58607000,63.37,3713925590
182308,2018,MEDIDATA SOLUTIONS INC,MDSO,Deloitte,61348000,67.42,4136082160
182309,2016,ARCA BIOPHARMA INC,ABIO,KPMG,9082000,2.85,25883700
182309,2017,ARCA BIOPHARMA INC,ABIO,KPMG,11775000,1.35,15896250
182309,2018,ARCA BIOPHARMA INC,ABIO,KPMG,13924000,0.3335,4643654
182497,2016,KAANAPALI LAND LLC,KANP,Grant Thornton,1845000,28.58,52730100
182497,2017,KAANAPALI LAND LLC,KANP,Grant Thornton,1845000,34,62730000
182497,2018,KAANAPALI LAND LLC,KANP,Grant Thornton,1845000,34,62730000
182700,2016,CHANGYOU.COM LTD,CYOU,PwC,51011000,21.22,1082453420
182700,2017,CHANGYOU.COM LTD,CYOU,PwC,51353000,36.43,1870789790
182700,2018,CHANGYOU.COM LTD,CYOU,PwC,51886000,18.28,948476080
182701,2016,OFFICE PROPERTIES INCOME TR,OPI,E&Y,71178000,19.065,1357008570
182701,2017,OFFICE PROPERTIES INCOME TR,OPI,E&Y,99146000,18.54,1838166840
182701,2018,OFFICE PROPERTIES INCOME TR,OPI,E&Y,192332000,6.87,1321320840
182788,2016,DITECH HOLDING CORP,DHCPQ,E&Y,36391000,4.75,172857250
182788,2017,DITECH HOLDING CORP,DHCPQ,E&Y,37374000,0.8428,31498807.2
182788,2018,DITECH HOLDING CORP,DHCPQ,E&Y,5328000,0.1,532800
183029,2016,READY CAPITAL CORP,RC,Deloitte,30549000,13.45,410884050
183029,2017,READY CAPITAL CORP,RC,Deloitte,31996000,15.15,484739400
183029,2018,READY CAPITAL CORP,RC,Deloitte,32105000,13.83,444012150
183108,2016,WESTERN ASSET MTG CAPITAL CP,WMC,PwC,41920000,10.07,422134400
183108,2017,WESTERN ASSET MTG CAPITAL CP,WMC,PwC,41794000,9.95,415850300
183108,2018,WESTERN ASSET MTG CAPITAL CP,WMC,PwC,48116000,8.34,401287440
183112,2016,SCORPIO GOLD CORP,SRCRF,Deloitte,124948000,0.06354,7939195.92
183283,2016,ADDUS HOMECARE CORP,ADUS,BDO Seidman,11527000,35.05,404021350
183283,2017,ADDUS HOMECARE CORP,ADUS,E&Y,11632000,34.8,404793600
183283,2018,ADDUS HOMECARE CORP,ADUS,E&Y,13126000,67.88,890992880
183322,2016,THERAPEUTICSMD INC,TXMD,Grant Thornton,196688000,5.77,1134889760
183322,2017,THERAPEUTICSMD INC,TXMD,Grant Thornton,216430000,6.04,1307237200
183322,2018,THERAPEUTICSMD INC,TXMD,Grant Thornton,240462000,3.81,916160220
183324,2016,PENNYMAC MORTGAGE INVEST TR,PMT,Deloitte,66697000,16.37,1091829890
183324,2017,PENNYMAC MORTGAGE INVEST TR,PMT,Deloitte,61334000,16.07,985637380
183324,2018,PENNYMAC MORTGAGE INVEST TR,PMT,Deloitte,60951000,18.62,1134907620
183337,2016,GLOBAL CORD BLOOD CORP,CO,KPMG,73003000,6.66,486199980
183337,2017,GLOBAL CORD BLOOD CORP,CO,KPMG,120825000,10.2,1232415000
183337,2018,GLOBAL CORD BLOOD CORP,CO,KPMG,121551000,7.02,853288020
183366,2016,HYATT HOTELS CORP,H,Deloitte,130815000,55.26,7228836900
183366,2017,HYATT HOTELS CORP,H,Deloitte,118985000,73.54,8750156900
183366,2018,HYATT HOTELS CORP,H,Deloitte,106624000,67.6,7207782400
183377,2016,FORTINET INC,FTNT,Deloitte,173078000,30.12,5213109360
183377,2017,FORTINET INC,FTNT,Deloitte,167890000,43.69,7335114100
183377,2018,FORTINET INC,FTNT,Deloitte,169800000,70.43,11959014000
183388,2016,STARWOOD PROPERTY TRUST INC,STWD,Deloitte,259287000,21.95,5691349650
183388,2017,STARWOOD PROPERTY TRUST INC,STWD,Deloitte,261376000,21.35,5580377600
183388,2018,STARWOOD PROPERTY TRUST INC,STWD,Deloitte,275660000,19.71,5433258600
183528,2016,GAIN CAPITAL HOLDINGS INC,GCAP,KPMG,48220000,6.58,317287600
183528,2017,GAIN CAPITAL HOLDINGS INC,GCAP,KPMG,45152000,10,451520000
183528,2018,GAIN CAPITAL HOLDINGS INC,GCAP,KPMG,37822000,6.16,232983520
183581,2016,KAR AUCTION SERVICES INC,KAR,KPMG,136639000,42.62,5823554180
183581,2017,KAR AUCTION SERVICES INC,KAR,KPMG,134315000,50.51,6784250650
183581,2018,KAR AUCTION SERVICES INC,KAR,KPMG,132887000,47.72,6341367640
183590,2016,OTC MARKETS GROUP INC,OTCM,Deloitte,11378000,23,261694000
183590,2017,OTC MARKETS GROUP INC,OTCM,Deloitte,11445000,29.05,332477250
183590,2018,OTC MARKETS GROUP INC,OTCM,Deloitte,11549000,29.04,335382960
183593,2016,OMEROS CORP,OMER,E&Y,43819000,9.92,434684480
183593,2017,OMEROS CORP,OMER,E&Y,48211000,19.43,936739730
183593,2018,OMEROS CORP,OMER,E&Y,49012000,11.14,545993680
183602,2016,SORRENTO THERAPEUTICS INC,SRNE,Deloitte,50883000,4.9,249326700
183602,2017,SORRENTO THERAPEUTICS INC,SRNE,Deloitte,82904000,3.8,315035200
183602,2018,SORRENTO THERAPEUTICS INC,SRNE,Deloitte,122280000,2.4,293472000
183603,2016,COLONY CAPITAL INC,CLNY,E&Y,114035000,20.25,2309208750
183603,2017,COLONY CAPITAL INC,CLNY,E&Y,543335000,11.41,6199452350
183603,2018,COLONY CAPITAL INC,CLNY,E&Y,484081000,4.68,2265499080
183606,2016,APOLLO COMMERCIAL RE FIN INC,ARI,Deloitte,91423000,16.62,1519450260
183606,2017,APOLLO COMMERCIAL RE FIN INC,ARI,Deloitte,107121000,18.45,1976382450
183606,2018,APOLLO COMMERCIAL RE FIN INC,ARI,Deloitte,133854000,16.66,2230007640
183636,2016,R1 RCM INC,RCM,E&Y,106660000,2.25,239985000
183636,2017,R1 RCM INC,RCM,E&Y,104410000,4.41,460448100
183636,2018,R1 RCM INC,RCM,E&Y,110542000,7.95,878808900
183640,2016,IRIDIUM COMMUNICATIONS INC,IRDM,E&Y,95879000,9.6,920438400
183640,2017,IRIDIUM COMMUNICATIONS INC,IRDM,E&Y,98203000,11.8,1158795400
183640,2018,IRIDIUM COMMUNICATIONS INC,IRDM,E&Y,112200000,18.45,2070090000
183729,2016,ORGENESIS INC,ORGS,PwC,114096000,0.39,44497440
183729,2017,ORGENESIS INC,ORGS,PwC,9873000,4.5,44428500
183736,2016,GENERAC HOLDINGS INC,GNRC,Deloitte,62697000,40.74,2554275780
183736,2017,GENERAC HOLDINGS INC,GNRC,Deloitte,62371000,49.52,3088611920
183736,2018,GENERAC HOLDINGS INC,GNRC,Deloitte,62139000,49.7,3088308300
183739,2016,INTELLIPHARMACEUTICS INTL,IPCIF,Deloitte,29790000,2.79,83114100
183739,2017,INTELLIPHARMACEUTICS INTL,IPCIF,Deloitte,34705000,0.85,29499250
183780,2016,TWO HARBORS INVESTMENT CORP,TWO,E&Y,347652000,8.72,3031525440
183780,2017,TWO HARBORS INVESTMENT CORP,TWO,E&Y,174497000,16.26,2837321220
183780,2018,TWO HARBORS INVESTMENT CORP,TWO,E&Y,248086000,12.84,3185424240
183797,2016,COWEN INC,COWN,PwC,26731000,15.5,414330500
183797,2017,COWEN INC,COWN,KPMG,29632000,13.65,404476800
183797,2018,COWEN INC,COWN,KPMG,28438000,13.34,379362920
183799,2016,FLUENT INC,FLNT,Grant Thornton,53558000,3.45,184775100
183799,2017,FLUENT INC,FLNT,Grant Thornton,61279000,4.4,269627600
183799,2018,FLUENT INC,FLNT,Grant Thornton,75292000,3.6,271051200
183822,2016,ARMOUR RESIDENTIAL REIT INC,ARR,Deloitte,36723000,21.69,796521870
183822,2017,ARMOUR RESIDENTIAL REIT INC,ARR,Deloitte,41877000,25.72,1077076440
183822,2018,ARMOUR RESIDENTIAL REIT INC,ARR,Deloitte,43702000,20.5,895891000
183830,2016,PEBBLEBROOK HOTEL TRUST,PEB,KPMG,71923000,29.75,2139709250
183830,2017,PEBBLEBROOK HOTEL TRUST,PEB,KPMG,68813000,37.17,2557779210
183830,2018,PEBBLEBROOK HOTEL TRUST,PEB,KPMG,130311000,28.31,3689104410
183833,2016,TERRENO REALTY CORP,TRNO,E&Y,47414000,28.49,1350824860
183833,2017,TERRENO REALTY CORP,TRNO,E&Y,55369000,35.06,1941237140
183833,2018,TERRENO REALTY CORP,TRNO,E&Y,61014000,35.17,2145862380
183860,2018,PREDICTIVE ONCOLOGY INC,POAI,Deloitte,14092000,0.619119,8724624.948
183879,2016,ANTHERA PHARMACEUTCLS INC,ANTH,BDO Seidman,45964000,0.6491,29835232.4
183879,2017,ANTHERA PHARMACEUTCLS INC,ANTH,BDO Seidman,13855000,1.65,22860750
183896,2016,CONCORD MEDICAL SVCS  -ADR,CCM,E&Y,43364000,4.595,199257580
183896,2017,CONCORD MEDICAL SVCS  -ADR,CCM,E&Y,43364000,3.33,144402120
183896,2018,CONCORD MEDICAL SVCS  -ADR,CCM,E&Y,43393000,3.5601,154483419.3
183902,2016,ELLINGTON FINANCIAL INC,EFC,PwC,32295000,15.52,501218400
183902,2017,ELLINGTON FINANCIAL INC,EFC,PwC,31336000,14.51,454685360
183902,2018,ELLINGTON FINANCIAL INC,EFC,PwC,29797000,15.33,456788010
183903,2016,CALIX INC,CALX,KPMG,49392000,7.7,380318400
183903,2017,CALIX INC,CALX,KPMG,51509000,5.95,306478550
183903,2018,CALIX INC,CALX,KPMG,53955000,9.75,526061250
183942,2016,SENSATA TECHNOLOGES HLDG PLC,ST,E&Y,170880000,38.95,6655776000
183942,2017,SENSATA TECHNOLOGES HLDG PLC,ST,E&Y,171361000,51.11,8758260710
183942,2018,SENSATA TECHNOLOGES HLDG PLC,ST,E&Y,164148000,44.84,7360396320
183963,2016,CHESAPEAKE LODGING TRUST,CHSP,E&Y,59672000,25.86,1543117920
183963,2017,CHESAPEAKE LODGING TRUST,CHSP,E&Y,59941000,27.09,1623801690
183963,2018,CHESAPEAKE LODGING TRUST,CHSP,E&Y,60264000,24.35,1467428400
183974,2016,SPS COMMERCE INC,SPSC,KPMG,17081000,69.89,1193791090
183974,2017,SPS COMMERCE INC,SPSC,KPMG,17127000,48.59,832200930
183974,2018,SPS COMMERCE INC,SPSC,KPMG,17346000,82.38,1428963480
184006,2017,ENERGY XXI GULF COAST INC,EGC,E&Y,33255000,5.74,190883700
184009,2016,FINANCIAL ENGINES INC,FNGN,KPMG,62199000,36.75,2285813250
184009,2017,FINANCIAL ENGINES INC,FNGN,KPMG,63049000,30.3,1910384700
184035,2016,SEMGROUP CORP,SEMG,BDO Seidman,66099000,41.75,2759633250
184035,2017,SEMGROUP CORP,SEMG,Grant Thornton,78684000,30.2,2376256800
184035,2018,SEMGROUP CORP,SEMG,Grant Thornton,79144000,13.78,1090604320
184040,2016,COBALT INTL ENERGY INC,CIEIQ,E&Y,441211000,1.22,538277420
184040,2017,COBALT INTL ENERGY INC,CIEIQ,E&Y,29640000,0.925,27417000
184046,2016,AVEO PHARMACEUTICALS INC,AVEO,E&Y,75863000,0.54,40966020
184046,2017,AVEO PHARMACEUTICALS INC,AVEO,E&Y,118325000,2.79,330126750
184046,2018,AVEO PHARMACEUTICALS INC,AVEO,E&Y,126485000,1.6,202376000
184101,2016,TELENAV INC,TNAV,Grant Thornton,42708000,5.1,217810800
184101,2017,TELENAV INC,TNAV,Grant Thornton,43946000,8.1,355962600
184101,2018,TELENAV INC,TNAV,Grant Thornton,44871000,5.6,251277600
184133,2016,PIONEER POWER SOLUTIONS INC,PPSI,BDO Seidman,8700000,5.95,51765000
184133,2017,PIONEER POWER SOLUTIONS INC,PPSI,BDO Seidman,8726000,7.6122,66424057.2
184133,2018,PIONEER POWER SOLUTIONS INC,PPSI,BDO Seidman,8726000,5.25,45811500
184149,2016,NATIONAL AMERN UNIV HLDG INC,NAUH,Deloitte,24225000,2.61,63227250
184149,2017,NATIONAL AMERN UNIV HLDG INC,NAUH,Deloitte,24344000,1.1357,27647480.8
184155,2016,DAQO NEW ENERGY CORP,DQ,Deloitte,10518000,19.3,202997400
184155,2017,DAQO NEW ENERGY CORP,DQ,Deloitte,10837000,59.44,644151280
184155,2018,DAQO NEW ENERGY CORP,DQ,Deloitte,13281000,23.4,310775400
184157,2016,MSG NETWORKS INC,MSGN,KPMG,74943000,15.34,1149625620
184157,2017,MSG NETWORKS INC,MSGN,KPMG,75086000,22.45,1685680700
184157,2018,MSG NETWORKS INC,MSGN,KPMG,74606000,23.95,1786813700
184182,2016,JINKOSOLAR HOLDING CO,JKS,PwC,31683000,15.23,482532090
184182,2017,JINKOSOLAR HOLDING CO,JKS,PwC,33037000,24.05,794539850
184182,2018,JINKOSOLAR HOLDING CO,JKS,PwC,39216000,9.89,387846240
184254,2016,APOLLO GLOBAL MANAGEMENT LLC,APO,Deloitte,185460000,19.36,3590505600
184254,2017,APOLLO GLOBAL MANAGEMENT LLC,APO,Deloitte,195268000,33.47,6535619960
184254,2018,APOLLO GLOBAL MANAGEMENT LLC,APO,Deloitte,201401000,24.54,4942380540
184256,2016,IRONWOOD PHARMACEUTICALS INC,IRWD,E&Y,147115000,15.29,2249388350
184256,2017,IRONWOOD PHARMACEUTICALS INC,IRWD,E&Y,150450000,14.99,2255245500
184256,2018,IRONWOOD PHARMACEUTICALS INC,IRWD,E&Y,154415000,10.36,1599739400
184258,2016,DOUGLAS DYNAMICS INC,PLOW,E&Y,22502000,33.65,757192300
184258,2017,DOUGLAS DYNAMICS INC,PLOW,Deloitte,22591000,37.8,853939800
184258,2018,DOUGLAS DYNAMICS INC,PLOW,Deloitte,22701000,35.89,814738890
184263,2016,QUINSTREET INC,QNST,PwC,45557000,3.55,161727350
184263,2017,QUINSTREET INC,QNST,PwC,45436000,4.17,189468120
184263,2018,QUINSTREET INC,QNST,PwC,48146000,12.7,611454200
184287,2016,SOLAR CAPITAL LTD,SLRC,KPMG,42249000,20.82,879624180
184287,2017,SOLAR CAPITAL LTD,SLRC,KPMG,42261000,20.21,854094810
184287,2018,SOLAR CAPITAL LTD,SLRC,KPMG,42261000,19.19,810988590
184323,2016,EXPRESS INC,EXPR,PwC,78422000,10.63,833625860
184323,2017,EXPRESS INC,EXPR,PwC,76724000,6.98,535533520
184323,2018,EXPRESS INC,EXPR,PwC,67424000,5.3,357347200
184352,2016,SCORPIO TANKERS INC,STNG,PwC,174630000,4.53,791073900
184352,2017,SCORPIO TANKERS INC,STNG,PwC,326508000,3.05,995849400
184352,2018,SCORPIO TANKERS INC,STNG,PwC,513976000,1.76,904597760
184392,2016,GREEN DOT CORP,GDOT,E&Y,50513000,23.55,1189581150
184392,2017,GREEN DOT CORP,GDOT,E&Y,51136000,60.26,3081455360
184392,2018,GREEN DOT CORP,GDOT,E&Y,52917000,79.52,4207959840
184442,2016,OASIS PETROLEUM INC,OAS,PwC,236344000,15.14,3578248160
184442,2017,OASIS PETROLEUM INC,OAS,PwC,269295000,8.41,2264770950
184442,2018,OASIS PETROLEUM INC,OAS,PwC,318377000,5.53,1760624810
184453,2016,HUAZHU GROUP LIMITED - ADR,HTHT,Deloitte,69571000,51.84,3606560640
184453,2017,HUAZHU GROUP LIMITED - ADR,HTHT,Deloitte,72736000,144.43,10505260480
184453,2018,HUAZHU GROUP LIMITED - ADR,HTHT,Deloitte,283076000,28.63,8104465880
184498,2016,NATIONSTAR MORTGAGE HOLDINGS,NSM,E&Y,97497000,18.06,1760795820
184498,2017,NATIONSTAR MORTGAGE HOLDINGS,NSM,E&Y,97728000,18.5,1807968000
184500,2016,CBOE GLOBAL MARKETS INC,CBOE,Deloitte,81285000,73.89,6006148650
184500,2017,CBOE GLOBAL MARKETS INC,CBOE,Deloitte,112741000,124.59,14046401190
184500,2018,CBOE GLOBAL MARKETS INC,CBOE,Deloitte,111602000,97.83,10918023660
184514,2016,BROADSOFT INC,BSFT.1,PwC,30353000,41.25,1252061250
184526,2016,PRIMO WATER CORP,PRMW,BDO Seidman,29305000,12.28,359865400
184526,2017,PRIMO WATER CORP,PRMW,BDO Seidman,30084000,12.57,378155880
184526,2018,PRIMO WATER CORP,PRMW,BDO Seidman,38567000,14.01,540323670
184542,2016,GENMARK DIAGNOSTICS INC,GNMK,E&Y,46554000,12.24,569820960
184542,2017,GENMARK DIAGNOSTICS INC,GNMK,E&Y,55066000,4.17,229625220
184542,2018,GENMARK DIAGNOSTICS INC,GNMK,E&Y,56240000,4.86,273326400
184551,2016,MAXLINEAR INC,MXL,Grant Thornton,65031000,21.8,1417675800
184551,2017,MAXLINEAR INC,MXL,Grant Thornton,67400000,26.42,1780708000
184551,2018,MAXLINEAR INC,MXL,Grant Thornton,69551000,17.6,1224097600
184569,2016,WESTMORELAND RES PARTNERS LP,WMLPQ,E&Y,1221000,5.64,6886440
184569,2017,WESTMORELAND RES PARTNERS LP,WMLPQ,E&Y,1285000,2.79,3585150
184569,2018,WESTMORELAND RES PARTNERS LP,WMLPQ,E&Y,1285000,0.12,154200
184576,2016,ENVESTNET INC,ENV,KPMG,43241000,35.25,1524245250
184576,2017,ENVESTNET INC,ENV,KPMG,44701000,49.85,2228344850
184576,2018,ENVESTNET INC,ENV,KPMG,48122000,49.19,2367121180
184592,2016,SAJAN INC,SAJA,Grant Thornton,4796000,3.75,17985000
184604,2016,ALPHA AND OMEGA SEMICONDUCTR,AOSL,Grant Thornton,22754000,13.93,316963220
184604,2017,ALPHA AND OMEGA SEMICONDUCTR,AOSL,Grant Thornton,23992000,16.67,399946640
184604,2018,ALPHA AND OMEGA SEMICONDUCTR,AOSL,Grant Thornton,23860000,14.24,339766400
184619,2016,TROPICANA ENTERTAINMENT INC,TPCA,Grant Thornton,24635000,30.35,747672250
184619,2017,TROPICANA ENTERTAINMENT INC,TPCA,Grant Thornton,23835000,56.57,1348345950
184680,2016,KINGTONE WIRELESS  -ADR -OLD,KONE.1,BDO Seidman,1405000,6.06,8514300
184680,2017,KINGTONE WIRELESS  -ADR -OLD,KONE.1,BDO Seidman,1405000,2.9001,4074640.5
184688,2016,CHATHAM LODGING TRUST,CLDT,PwC,38367000,20.55,788441850
184688,2017,CHATHAM LODGING TRUST,CLDT,PwC,45375000,22.76,1032735000
184688,2018,CHATHAM LODGING TRUST,CLDT,PwC,46526000,17.68,822579680
184689,2016,GOLUB CAPITAL BDC INC,GBDC,E&Y,55059000,18.57,1022445630
184689,2017,GOLUB CAPITAL BDC INC,GBDC,E&Y,59577000,18.82,1121239140
184689,2018,GOLUB CAPITAL BDC INC,GBDC,E&Y,60165000,18.75,1128093750
184700,2016,FLEETCOR TECHNOLOGIES INC,FLT,E&Y,91837000,141.52,12996772240
184700,2017,FLEETCOR TECHNOLOGIES INC,FLT,E&Y,89804000,192.43,17280983720
184700,2018,FLEETCOR TECHNOLOGIES INC,FLT,E&Y,85845000,185.72,15943133400
184702,2016,NEOPHOTONICS CORP,NPTN,Deloitte,42526000,10.81,459706060
184702,2017,NEOPHOTONICS CORP,NPTN,Deloitte,44219000,6.58,290961020
184702,2018,NEOPHOTONICS CORP,NPTN,Deloitte,46378000,6.48,300529440
184717,2016,AMYRIS INC,AMRS,PwC,274109000,0.73,200099570
184717,2017,AMYRIS INC,AMRS,KPMG,45637000,3.75,171138750
184725,2016,NXP SEMICONDUCTORS NV,NXPI,KPMG,335393000,98.01,32871867930
184725,2017,NXP SEMICONDUCTORS NV,NXPI,KPMG,342925000,117.09,40153088250
184725,2018,NXP SEMICONDUCTORS NV,NXPI,KPMG,292790000,73.28,21455651200
184735,2016,THL CREDIT INC,TCRD,PwC,32925000,10.01,329579250
184735,2017,THL CREDIT INC,TCRD,PwC,32674000,9.05,295699700
184735,2018,THL CREDIT INC,TCRD,PwC,32318000,6.08,196493440
184748,2016,QUAD/GRAPHICS INC,QUAD,Deloitte,51400000,26.88,1381632000
184748,2017,QUAD/GRAPHICS INC,QUAD,Deloitte,52000000,22.6,1175200000
184748,2018,QUAD/GRAPHICS INC,QUAD,Deloitte,51600000,12.32,635712000
184767,2016,CHINA NEW BORUN CORP -ADR,BORNY,BDO Seidman,25725000,1.34,34471500
184767,2017,CHINA NEW BORUN CORP -ADR,BORNY,BDO Seidman,25725000,1.2556,32300310
184785,2016,TOWER INTERNATIONAL INC,TOWR,Deloitte,20359000,28.35,577177650
184785,2017,TOWER INTERNATIONAL INC,TOWR,Deloitte,20542000,30.55,627558100
184785,2018,TOWER INTERNATIONAL INC,TOWR,Deloitte,20607000,23.8,490446600
184797,2016,REALPAGE INC,RP,E&Y,81087000,30,2432610000
184797,2017,REALPAGE INC,RP,E&Y,83180000,44.3,3684874000
184797,2018,REALPAGE INC,RP,E&Y,93650000,48.19,4512993500
184899,2016,FIRST AMERICAN FINANCIAL CP,FAF,PwC,109944000,36.63,4027248720
184899,2017,FIRST AMERICAN FINANCIAL CP,FAF,PwC,110925000,56.04,6216237000
184899,2018,FIRST AMERICAN FINANCIAL CP,FAF,PwC,111496000,44.64,4977181440
184957,2018,WORKHORSE GROUP INC,WKHS,Grant Thornton,58271000,0.528,30767088
184994,2016,VOLTARI CORP,VLTC,Grant Thornton,8995000,2.23,20058850
184994,2017,VOLTARI CORP,VLTC,Grant Thornton,8995000,0.91,8185450
184994,2018,VOLTARI CORP,VLTC,Grant Thornton,8995000,0.5516,4961642
184996,2016,TESLA INC,TSLA,PwC,161561000,213.69,34523970090
184996,2017,TESLA INC,TSLA,PwC,168797000,311.35,52554945950
184996,2018,TESLA INC,TSLA,PwC,172603000,332.8,57442278400
185018,2016,HUDSON PACIFIC PPTYS INC,HPP,E&Y,136492000,34.78,4747191760
185018,2017,HUDSON PACIFIC PPTYS INC,HPP,E&Y,155603000,34.25,5329402750
185018,2018,HUDSON PACIFIC PPTYS INC,HPP,E&Y,154372000,29.06,4486050320
185030,2016,TAHOE RESOURCES INC,TAHO,Deloitte,311362000,9.42,2933030040
185030,2017,TAHOE RESOURCES INC,TAHO,Deloitte,312776000,4.79,1498197040
185112,2016,INPHI CORP,IPHI,PwC,41303000,44.62,1842939860
185112,2017,INPHI CORP,IPHI,PwC,42780000,36.6,1565748000
185112,2018,INPHI CORP,IPHI,PwC,44293000,32.15,1424019950
185119,2016,KEYW HOLDING CORP,KEYW,Grant Thornton,40977000,11.79,483118830
185119,2017,KEYW HOLDING CORP,KEYW,Deloitte,49876000,5.87,292772120
185119,2018,KEYW HOLDING CORP,KEYW,Deloitte,49996000,6.69,334473240
185138,2016,VISHAY PRECISION GROUP INC,VPG,E&Y,13192000,18.9,249328800
185138,2017,VISHAY PRECISION GROUP INC,VPG,E&Y,13291000,25.15,334268650
185138,2018,VISHAY PRECISION GROUP INC,VPG,E&Y,13474000,30.23,407319020
185164,2016,TIER REIT INC,TIER,Deloitte,47473000,17.39,825555470
185164,2017,TIER REIT INC,TIER,Deloitte,47623000,20.39,971032970
185164,2018,TIER REIT INC,TIER,Deloitte,53840000,20.63,1110719200
185165,2016,BEHRINGER HARVARD OPP REIT I,BHOR,Deloitte,56500000,1.3,73450000
185177,2016,CORESITE REALTY CORP,COR,KPMG,33897000,79.37,2690404890
185177,2017,CORESITE REALTY CORP,COR,KPMG,34241000,113.9,3900049900
185177,2018,CORESITE REALTY CORP,COR,KPMG,36709000,87.23,3202126070
185194,2016,BRAVO BRIO RESTAURANT GP INC,BBRG,Deloitte,15091000,3.8,57345800
185194,2017,BRAVO BRIO RESTAURANT GP INC,BBRG,Deloitte,15206000,2.5,38015000
185195,2016,VERA BRADLEY INC,VRA,Deloitte,36218000,11.46,415058280
185195,2017,VERA BRADLEY INC,VRA,Deloitte,35459000,9.29,329414110
185195,2018,VERA BRADLEY INC,VRA,Deloitte,34347000,8.95,307405650
185229,2016,BWX TECHNOLOGIES INC,BWXT,Deloitte,99291000,39.7,3941852700
185229,2017,BWX TECHNOLOGIES INC,BWXT,Deloitte,99418000,60.49,6013794820
185229,2018,BWX TECHNOLOGIES INC,BWXT,Deloitte,95247000,38.23,3641292810
185276,2016,MAGICJACK VOCALTEC LTD,CALL,BDO Seidman,16051000,6.85,109949350
185276,2017,MAGICJACK VOCALTEC LTD,CALL,BDO Seidman,16190000,8.45,136805500
185277,2016,FAIRMOUNT SANTROL HOLDINGS,FMSA,PwC,223601000,11.79,2636255790
185277,2017,FAIRMOUNT SANTROL HOLDINGS,FMSA,PwC,224291000,5.23,1173041930
185289,2016,ASSEMBLY BIOSCIENCES INC,ASMB,E&Y,17247000,12.15,209551050
185289,2017,ASSEMBLY BIOSCIENCES INC,ASMB,E&Y,20138000,45.25,911244500
185289,2018,ASSEMBLY BIOSCIENCES INC,ASMB,E&Y,25495000,22.62,576696900
185291,2016,STARS GROUP INC,TSG,Deloitte,145101000,14.15,2053179150
185291,2017,STARS GROUP INC,TSG,Deloitte,147948000,23.3,3447188400
185291,2018,STARS GROUP INC,TSG,Deloitte,273177000,16.52,4512884040
185318,2016,SWIFT TRANSPORTATION CO,SWFT,KPMG,133041000,24.36,3240878760
185319,2016,MAKEMYTRIP LTD,MMYT,KPMG,91678000,34.6,3172058800
185319,2017,MAKEMYTRIP LTD,MMYT,KPMG,101981000,34.7,3538740700
185319,2018,MAKEMYTRIP LTD,MMYT,KPMG,102942000,27.6,2841199200
185334,2016,PINNACLE FOODS INC,PF,Deloitte,118127000,53.45,6313888150
185334,2017,PINNACLE FOODS INC,PF,Deloitte,119018000,59.47,7078000460
185337,2016,CIVITAS SOLUTIONS INC,CIVI,Deloitte,37215000,18.26,679545900
185337,2017,CIVITAS SOLUTIONS INC,CIVI,Deloitte,37441000,18.45,690786450
185337,2018,CIVITAS SOLUTIONS INC,CIVI,Deloitte,36116000,14.75,532711000
185339,2016,STAG INDUSTRIAL INC,STAG,PwC,80352000,23.87,1918002240
185339,2017,STAG INDUSTRIAL INC,STAG,PwC,97013000,27.33,2651365290
185339,2018,STAG INDUSTRIAL INC,STAG,PwC,112166000,24.88,2790690080
185344,2016,GLOBAL BRASS & COPPER HLDGS,BRSS,PwC,21633000,34.3,742011900
185344,2017,GLOBAL BRASS & COPPER HLDGS,BRSS,PwC,21907000,33.1,725121700
185344,2018,GLOBAL BRASS & COPPER HLDGS,BRSS,PwC,21798000,25.15,548219700
185345,2016,PREFERRED APARTMENT CMNTYS,APTS,PwC,26498000,14.91,395085180
185345,2017,PREFERRED APARTMENT CMNTYS,APTS,PwC,38565000,20.25,780941250
185345,2018,PREFERRED APARTMENT CMNTYS,APTS,PwC,41776000,14.06,587370560
185353,2016,OSSEN INNOVATION CO LTD -ADR,OSN,BDO Seidman,6597000,2.06,13589820
185353,2017,OSSEN INNOVATION CO LTD -ADR,OSN,BDO Seidman,6597000,2.88,18999360
185353,2018,OSSEN INNOVATION CO LTD -ADR,OSN,BDO Seidman,6597000,1.35,8905950
185355,2016,HORIZON THERAPEUTICS PUB LTD,HZNP,PwC,161621000,16.18,2615027780
185355,2017,HORIZON THERAPEUTICS PUB LTD,HZNP,PwC,164401000,14.6,2400254600
185355,2018,HORIZON THERAPEUTICS PUB LTD,HZNP,PwC,168860000,19.54,3299524400
185370,2016,WALKER & DUNLOP INC,WD,KPMG,29551000,31.2,921991200
185370,2017,WALKER & DUNLOP INC,WD,KPMG,30016000,47.5,1425760000
185370,2018,WALKER & DUNLOP INC,WD,KPMG,29497000,43.25,1275745250
185372,2016,CLARUS CORP,CLAR,KPMG,30016000,5.35,160585600
185372,2017,CLARUS CORP,CLAR,KPMG,30041000,7.85,235821850
185372,2018,CLARUS CORP,CLAR,Deloitte,29748000,10.12,301049760
185375,2016,EVERTEC INC,EVTC,Deloitte,72635000,17.75,1289271250
185375,2017,EVERTEC INC,EVTC,Deloitte,72394000,13.65,988178100
185375,2018,EVERTEC INC,EVTC,Deloitte,72379000,28.7,2077277300
185380,2016,SEMILEDS CORP,LEDS,KPMG,3517000,6.23,21910910
185396,2016,SUMMIT HOTEL PROPERTIES INC,INN,E&Y,93525000,16.03,1499205750
185396,2017,SUMMIT HOTEL PROPERTIES INC,INN,E&Y,104287000,15.23,1588291010
185396,2018,SUMMIT HOTEL PROPERTIES INC,INN,E&Y,104783000,9.73,1019538590
185416,2016,EMERGENT CAPITAL INC,EMGC,Grant Thornton,28414000,1.21,34380940
185416,2017,EMERGENT CAPITAL INC,EMGC,Grant Thornton,157887000,0.4,63154800
185416,2018,EMERGENT CAPITAL INC,EMGC,Grant Thornton,158126000,0.118,18658868
185419,2016,PACIFIC BIOSCIENCES OF CALIF,PACB,E&Y,92677000,3.8,352172600
185419,2017,PACIFIC BIOSCIENCES OF CALIF,PACB,E&Y,116277000,2.64,306971280
185419,2018,PACIFIC BIOSCIENCES OF CALIF,PACB,E&Y,150244000,7.4,1111805600
185428,2016,ENDOCYTE INC,ECYT,E&Y,42378000,2.55,108063900
185428,2017,ENDOCYTE INC,ECYT,E&Y,48204000,4.28,206313120
185518,2016,GLOBAL BROKERAGE INC,GLBR,E&Y,6143000,7.05,43308150
185532,2016,TARGA RESOURCES CORP,TRGP,PwC,184721000,56.07,10357306470
185532,2017,TARGA RESOURCES CORP,TRGP,PwC,217567000,48.42,10534594140
185532,2018,TARGA RESOURCES CORP,TRGP,PwC,231791000,36.02,8349111820
185542,2016,CHINACACHE INTL HLDGS  -ADR,CCIH,E&Y,25584000,2.56,65495040
185542,2017,CHINACACHE INTL HLDGS  -ADR,CCIH,E&Y,26642000,1.69,45024980
185549,2016,AMERICAN ASSETS TRUST INC,AAT,E&Y,45732000,43.08,1970134560
185549,2017,AMERICAN ASSETS TRUST INC,AAT,E&Y,47205000,38.24,1805119200
185549,2018,AMERICAN ASSETS TRUST INC,AAT,E&Y,47335000,40.17,1901446950
185550,2016,FANG HOLDINGS LTD,SFUN,E&Y,441747000,3.28,1448930160
185550,2017,FANG HOLDINGS LTD,SFUN,E&Y,443484000,5.58,2474640720
185550,2018,FANG HOLDINGS LTD,SFUN,KPMG,446706000,1.43,638789580
185571,2016,FERONIA INC,FRNFF,PwC,361894000,0.109,39446446
185571,2017,FERONIA INC,FRNFF,PwC,424547000,0.1265,53705195.5
185571,2018,FERONIA INC,FRNFF,PwC,483716000,0.2317,112076997.2
185585,2016,NEW MOUNTAIN FINANCE CORP,NMFC,Deloitte,69718000,14.1,983023800
185585,2017,NEW MOUNTAIN FINANCE CORP,NMFC,Deloitte,75935000,13.55,1028919250
185585,2018,NEW MOUNTAIN FINANCE CORP,NMFC,Deloitte,76106000,12.58,957413480
185618,2016,SABRA HEALTH CARE REIT INC,SBRA,PwC,65286000,24.42,1594284120
185618,2017,SABRA HEALTH CARE REIT INC,SBRA,PwC,178256000,18.77,3345865120
185618,2018,SABRA HEALTH CARE REIT INC,SBRA,PwC,178307000,16.48,2938499360
185624,2016,SPIRIT AIRLINES INC,SAVE,E&Y,69326000,57.86,4011202360
185624,2017,SPIRIT AIRLINES INC,SAVE,E&Y,68197000,44.85,3058635450
185624,2018,SPIRIT AIRLINES INC,SAVE,E&Y,68270000,57.92,3954198400
185645,2016,GNC HOLDINGS INC,GNC,PwC,68399000,11.04,755124960
185645,2017,GNC HOLDINGS INC,GNC,PwC,83567000,3.69,308362230
185645,2018,GNC HOLDINGS INC,GNC,PwC,83886000,2.37,198809820
185646,2016,CORNERSTONE ONDEMAND INC,CSOD,PwC,56516000,42.31,2391191960
185646,2017,CORNERSTONE ONDEMAND INC,CSOD,PwC,57512000,35.33,2031898960
185646,2018,CORNERSTONE ONDEMAND INC,CSOD,PwC,58886000,50.43,2969620980
185659,2016,ATOSSA GENETICS INC,ATOS,BDO Seidman,3787000,1.41,5339670
185659,2017,ATOSSA GENETICS INC,ATOS,BDO Seidman,31823000,0.263,8369449
185659,2018,ATOSSA GENETICS INC,ATOS,BDO Seidman,5847000,1.02,5963940
185671,2016,PETROMAROC CORP PLC,LNGRF.1,Deloitte,105224000,0.031,3261944
185703,2016,LEAF GROUP LTD,LEAF,PwC,19763000,6.55,129447650
185703,2017,LEAF GROUP LTD,LEAF,PwC,21031000,9.9,208206900
185703,2018,LEAF GROUP LTD,LEAF,Deloitte,25483000,6.85,174558550
185733,2016,TAL EDUCATION GROUP,TAL,Deloitte,82293000,86.47,7115875710
185733,2017,TAL EDUCATION GROUP,TAL,Deloitte,566873000,37.76,21405124480
185733,2018,TAL EDUCATION GROUP,TAL,Deloitte,591171000,35.6,21045687600
185769,2016,SODASTREAM INTERNATIONAL LTD,SODA,KPMG,21361000,39.47,843118670
185769,2017,SODASTREAM INTERNATIONAL LTD,SODA,KPMG,22123000,70.34,1556131820
185770,2016,COSTAMARE INC,CMRE,E&Y,90425000,5.6,506380000
185770,2017,COSTAMARE INC,CMRE,E&Y,108206000,5.77,624348620
185770,2018,COSTAMARE INC,CMRE,E&Y,112464000,4.39,493716960
185783,2016,NOAH HOLDINGS LTD  -ADR,NOAH,Deloitte,56463000,21.93,1238233590
185783,2017,NOAH HOLDINGS LTD  -ADR,NOAH,Deloitte,57119000,46.28,2643467320
185783,2018,NOAH HOLDINGS LTD  -ADR,NOAH,Deloitte,60130000,43.32,2604831600
185797,2016,HOWARD HUGHES CORP,HHC,E&Y,39790000,114.1,4540039000
185797,2017,HOWARD HUGHES CORP,HHC,E&Y,43271000,131.27,5680184170
185797,2018,HOWARD HUGHES CORP,HHC,E&Y,42992000,97.62,4196879040
185824,2016,BANKUNITED INC,BKU,KPMG,104167000,37.69,3926054230
185824,2017,BANKUNITED INC,BKU,KPMG,106848000,40.72,4350850560
185824,2018,BANKUNITED INC,BKU,KPMG,99141000,29.94,2968281540
185836,2016,PACIRA BIOSCIENCES INC,PCRX,KPMG,37481000,32.3,1210636300
185836,2017,PACIRA BIOSCIENCES INC,PCRX,KPMG,40669000,45.65,1856539850
185836,2018,PACIRA BIOSCIENCES INC,PCRX,KPMG,41223000,43.02,1773413460
185837,2016,BITAUTO HOLDINGS LTD  -ADR,BITA,PwC,69452000,18.94,1315420880
185837,2017,BITAUTO HOLDINGS LTD  -ADR,BITA,PwC,72119000,31.8,2293384200
185837,2018,BITAUTO HOLDINGS LTD  -ADR,BITA,PwC,70209000,24.77,1739076930
185881,2016,BOOZ ALLEN HAMILTON HLDG CP,BAH,E&Y,148888000,35.39,5269146320
185881,2017,BOOZ ALLEN HAMILTON HLDG CP,BAH,E&Y,143447000,38.72,5554267840
185881,2018,BOOZ ALLEN HAMILTON HLDG CP,BAH,E&Y,140028000,58.14,8141227920
185921,2016,RIGNET INC,RNET,Deloitte,17933000,23.15,415148950
185921,2017,RIGNET INC,RNET,Deloitte,18233000,14.95,272583350
185921,2018,RIGNET INC,RNET,Deloitte,19465000,12.64,246037600
185980,2016,HAWAIIAN TELCOM HOLDCO INC,HCOM,Deloitte,11513000,24.78,285292140
185980,2017,HAWAIIAN TELCOM HOLDCO INC,HCOM,Deloitte,11588000,30.86,357605680
186061,2017,LILIS ENERGY INC,LLEX,BDO Seidman,53368000,5.11,272710480
186061,2018,LILIS ENERGY INC,LLEX,BDO Seidman,70928000,1.37,97171360
186129,2016,SERVICESOURCE INTL INC,SREV,E&Y,88183000,5.68,500879440
186129,2017,SERVICESOURCE INTL INC,SREV,E&Y,90259000,3.09,278900310
186129,2018,SERVICESOURCE INTL INC,SREV,E&Y,92774000,1.08,100195920
186130,2017,PRETIUM RESOURCES INC,PVG,PwC,182338000,11.41,2080476580
186130,2018,PRETIUM RESOURCES INC,PVG,PwC,184163000,8.45,1556177350
186139,2016,CVR PARTNERS LP,UAN,Grant Thornton,113283000,6.01,680830830
186139,2017,CVR PARTNERS LP,UAN,Grant Thornton,113283000,3.28,371568240
186139,2018,CVR PARTNERS LP,UAN,Grant Thornton,113283000,3.4,385162200
186159,2016,SUPERNUS PHARMACEUTICALS INC,SUPN,KPMG,49971000,25.25,1261767750
186159,2017,SUPERNUS PHARMACEUTICALS INC,SUPN,KPMG,51315000,39.85,2044902750
186159,2018,SUPERNUS PHARMACEUTICALS INC,SUPN,KPMG,52317000,33.22,1737970740
186169,2016,GLOBAL WATER RESOURCES INC,GWRS,Deloitte,19581000,9.1,178187100
186169,2017,GLOBAL WATER RESOURCES INC,GWRS,Deloitte,19631000,9.34,183353540
186169,2018,GLOBAL WATER RESOURCES INC,GWRS,Deloitte,21471000,10.14,217715940
186180,2016,VOC ENERGY TRUST,VOC,Grant Thornton,17000000,3.18,54060000
186180,2017,VOC ENERGY TRUST,VOC,Grant Thornton,17000000,5.92,100640000
186180,2018,VOC ENERGY TRUST,VOC,Grant Thornton,17000000,3.61,61370000
186197,2016,PERFORMANCE SHIPPPING INC,DCIX,E&Y,9361000,2.78,26023580
186197,2017,PERFORMANCE SHIPPPING INC,DCIX,E&Y,4051000,4.06,16447060
186197,2018,PERFORMANCE SHIPPPING INC,DCIX,E&Y,14463000,0.65,9400950
186206,2016,ANDEAVOR LOGISTICS LP,ANDX,E&Y,102981000,50.81,5232464610
186206,2017,ANDEAVOR LOGISTICS LP,ANDX,E&Y,217097000,46.19,10027710430
186206,2018,ANDEAVOR LOGISTICS LP,ANDX,E&Y,245493000,32.49,7976067570
186230,2016,ATLAS FINANCIAL HOLDINGS INC,AFH,BDO Seidman,12023000,18.05,217015150
186230,2017,ATLAS FINANCIAL HOLDINGS INC,AFH,BDO Seidman,12164000,20.55,249970200
186275,2016,ADECOAGRO SA,AGRO,PwC,121143000,10.38,1257464340
186275,2017,ADECOAGRO SA,AGRO,PwC,117739000,10.34,1217421260
186275,2018,ADECOAGRO SA,AGRO,PwC,116556000,6.96,811229760
186276,2016,KOSMOS ENERGY LTD,KOS,E&Y,386758000,7.01,2711173580
186276,2017,KOSMOS ENERGY LTD,KOS,E&Y,389411000,6.85,2667465350
186276,2018,KOSMOS ENERGY LTD,KOS,E&Y,398652000,4.07,1622513640
186278,2016,AIR LEASE CORP,AL,KPMG,102844000,34.33,3530634520
186278,2017,AIR LEASE CORP,AL,KPMG,103622000,48.09,4983181980
186278,2018,AIR LEASE CORP,AL,KPMG,110950000,30.21,3351799500
186279,2016,MEDLEY CAPITAL CORP,MCC,E&Y,54474000,7.63,415636620
186279,2017,MEDLEY CAPITAL CORP,MCC,E&Y,54474000,5.97,325209780
186279,2018,MEDLEY CAPITAL CORP,MCC,E&Y,54474000,3.82,208090680
186288,2016,BOINGO WIRELESS INC,WIFI,PwC,38562000,12.19,470070780
186288,2017,BOINGO WIRELESS INC,WIFI,PwC,40995000,22.5,922387500
186288,2018,BOINGO WIRELESS INC,WIFI,PwC,42669000,20.57,877701330
186289,2016,OXFORD LANE CAPITAL CORP,OXLC,PwC,22751000,11.13,253218630
186289,2017,OXFORD LANE CAPITAL CORP,OXLC,PwC,28769000,10.13,291429970
186308,2016,RPX CORP,RPXC,PwC,48776000,10.8,526780800
186308,2017,RPX CORP,RPXC,PwC,49627000,13.44,666986880
186310,2016,HUNTINGTON INGALLS IND INC,HII,Deloitte,46200000,184.19,8509578000
186310,2017,HUNTINGTON INGALLS IND INC,HII,Deloitte,45100000,235.7,10630070000
186310,2018,HUNTINGTON INGALLS IND INC,HII,Deloitte,41900000,190.31,7973989000
186336,2016,C&J ENERGY SERVICES INC,CJ,KPMG,119530000,0.227,27133310
186336,2017,C&J ENERGY SERVICES INC,CJ,KPMG,68547000,33.47,2294268090
186336,2018,C&J ENERGY SERVICES INC,CJ,KPMG,66120000,13.5,892620000
186344,2016,FIRST CONNECTICUT BANCORP,FBNK,PwC,15040000,22.65,340656000
186344,2017,FIRST CONNECTICUT BANCORP,FBNK,PwC,15190000,26.15,397218500
186360,2016,THERMON GROUP HOLDINGS INC,THR,KPMG,32366000,20.84,674507440
186360,2017,THERMON GROUP HOLDINGS INC,THR,KPMG,32492000,22.41,728145720
186360,2018,THERMON GROUP HOLDINGS INC,THR,KPMG,32624000,24.51,799614240
186363,2016,RLJ LODGING TRUST,RLJ,PwC,124364000,24.49,3045674360
186363,2017,RLJ LODGING TRUST,RLJ,PwC,174869000,21.97,3841871930
186363,2018,RLJ LODGING TRUST,RLJ,PwC,174020000,16.4,2853928000
186392,2016,SEAWORLD ENTERTAINMENT INC,SEAS,Deloitte,85341000,18.93,1615505130
186392,2017,SEAWORLD ENTERTAINMENT INC,SEAS,Deloitte,86118000,13.57,1168621260
186392,2018,SEAWORLD ENTERTAINMENT INC,SEAS,Deloitte,83226000,22.09,1838462340
186428,2016,EVERBANK FINANCIAL CORP,EVER.3,Deloitte,127037000,19.45,2470869650
186437,2016,GEVO INC,GEVO,Grant Thornton,141485000,0.173,24476905
186437,2017,GEVO INC,GEVO,Grant Thornton,21811000,0.5903,12875033.3
186437,2018,GEVO INC,GEVO,Grant Thornton,8641000,1.96,16936360
186501,2016,NGL ENERGY PARTNERS LP,NGL,Grant Thornton,120179000,22.6,2716045400
186501,2017,NGL ENERGY PARTNERS LP,NGL,Grant Thornton,121473000,11,1336203000
186501,2018,NGL ENERGY PARTNERS LP,NGL,Grant Thornton,124508000,14.03,1746847240
186520,2016,PANDORA MEDIA INC,P,E&Y,235163000,13.04,3066525520
186520,2017,PANDORA MEDIA INC,P,E&Y,250867000,4.82,1209178940
186591,2016,SOLAR SENIOR CAPITAL LTD,SUNS,KPMG,16025000,16.44,263451000
186591,2017,SOLAR SENIOR CAPITAL LTD,SUNS,KPMG,16037000,17.76,284817120
186591,2018,SOLAR SENIOR CAPITAL LTD,SUNS,KPMG,16040000,15.12,242524800
186607,2016,NEWLINK GENETICS CORP,NLNK,KPMG,29164000,10.28,299805920
186607,2017,NEWLINK GENETICS CORP,NLNK,KPMG,37110000,8.11,300962100
186607,2018,NEWLINK GENETICS CORP,NLNK,KPMG,37251000,1.52,56621520
186671,2016,AG MORTGAGE INVESTMENT TRUST,MITT,PwC,27700000,17.11,473947000
186671,2017,AG MORTGAGE INVESTMENT TRUST,MITT,PwC,28193000,19.01,535948930
186671,2018,AG MORTGAGE INVESTMENT TRUST,MITT,PwC,28744000,15.93,457891920
186675,2016,RLJ ENTERTAINMENT INC,RLJE,BDO Seidman,5240000,1.6,8384000
186675,2017,RLJ ENTERTAINMENT INC,RLJE,BDO Seidman,14071000,3.6791,51768616.1
186715,2016,TERRAVIA HOLDINGS INC,TVIAQ,Deloitte,96436000,1.15,110901400
186773,2016,SUNCOKE ENERGY INC,SXC,KPMG,64229000,11.34,728356860
186773,2017,SUNCOKE ENERGY INC,SXC,KPMG,64529000,11.99,773702710
186773,2018,SUNCOKE ENERGY INC,SXC,KPMG,64756000,8.55,553663800
186783,2016,VEREIT INC,VER,Deloitte,974147000,8.46,8241283620
186783,2017,VEREIT INC,VER,Deloitte,974209000,7.79,7589088110
186783,2018,VEREIT INC,VER,Deloitte,967515000,7.15,6917732250
186785,2016,ARCOS DORADOS HOLDINGS INC,ARCO,E&Y,210711000,5.4,1137839400
186785,2017,ARCOS DORADOS HOLDINGS INC,ARCO,E&Y,211073000,10.35,2184605550
186785,2018,ARCOS DORADOS HOLDINGS INC,ARCO,E&Y,205232000,7.9,1621332800
186823,2016,STEEL PARTNERS HOLDINGS LP,SPLP,BDO Seidman,26153000,15.5,405371500
186823,2017,STEEL PARTNERS HOLDINGS LP,SPLP,BDO Seidman,26348000,19.55,515103400
186823,2018,STEEL PARTNERS HOLDINGS LP,SPLP,Deloitte,25294000,13.4,338939600
186836,2016,GOLAR LNG PARTNERS LP,GMLP,E&Y,64073000,24.04,1540314920
186836,2017,GOLAR LNG PARTNERS LP,GMLP,E&Y,69768000,22.8,1590710400
186836,2018,GOLAR LNG PARTNERS LP,GMLP,E&Y,69455000,10.8,750114000
186845,2016,AMERICAN MIDSTREAM PRT -OLD,AMID.1,PwC,31237000,18.2,568513400
186845,2017,AMERICAN MIDSTREAM PRT -OLD,AMID.1,PwC,52711000,13.35,703691850
186858,2016,ARAMARK,ARMK,KPMG,244714000,38.03,9306473420
186858,2017,ARAMARK,ARMK,KPMG,245594000,40.61,9973572340
186858,2018,ARAMARK,ARMK,KPMG,246744000,43.02,10614926880
186874,2016,MTGE INVESTMENT CORP,MTGE,E&Y,45798000,15.7,719028600
186874,2017,MTGE INVESTMENT CORP,MTGE,E&Y,45798000,18.5,847263000
186875,2016,BOX SHIPS INC,TEUFF,Deloitte,145613000,0.0116,1689110.8
186876,2016,21VIANET GROUP INC,VNET,E&Y,113310000,7.01,794303100
186876,2017,21VIANET GROUP INC,VNET,E&Y,111881000,7.98,892810380
186876,2018,21VIANET GROUP INC,VNET,E&Y,112393000,8.64,971075520
186953,2016,INSPIREMD INC,NSPR,PwC,1475000,2.5,3687500
186953,2017,INSPIREMD INC,NSPR,PwC,51933000,0.1284,6668197.2
186953,2018,INSPIREMD INC,NSPR,PwC,38409000,0.1589,6103190.1
186955,2016,ELLIE MAE INC,ELLI,Grant Thornton,33686000,83.68,2818844480
186955,2017,ELLIE MAE INC,ELLI,Grant Thornton,34228000,89.4,3059983200
186955,2018,ELLIE MAE INC,ELLI,Grant Thornton,34775000,62.83,2184913250
186960,2016,CHEFS' WAREHOUSE INC,CHEF,BDO Seidman,26280000,15.8,415224000
186960,2017,CHEFS' WAREHOUSE INC,CHEF,BDO Seidman,28442000,20.5,583061000
186960,2018,CHEFS' WAREHOUSE INC,CHEF,BDO Seidman,29968000,31.98,958376640
186962,2016,SEQUANS COMMUNICATIONS  -ADR,SQNS,E&Y,75030000,1.87,140306100
186962,2017,SEQUANS COMMUNICATIONS  -ADR,SQNS,E&Y,80025000,1.91,152847750
186962,2018,SEQUANS COMMUNICATIONS  -ADR,SQNS,E&Y,94733000,0.78,73891740
186989,2016,MARATHON PETROLEUM CORP,MPC,PwC,528000000,50.35,26584800000
186989,2017,MARATHON PETROLEUM CORP,MPC,PwC,486000000,65.98,32066280000
186989,2018,MARATHON PETROLEUM CORP,MPC,PwC,680000000,59.01,40126800000
186993,2016,SUTTER ROCK CAPITAL CORP,SSSS,Deloitte,22181000,5.03,111570430
186993,2017,SUTTER ROCK CAPITAL CORP,SSSS,Deloitte,21246000,5.45,115790700
186993,2018,SUTTER ROCK CAPITAL CORP,SSSS,Deloitte,19763000,5.22,103162860
186996,2016,RENREN INC,RENN,Deloitte,341680000,1.59,543271200
186996,2017,RENREN INC,RENN,Deloitte,68796000,10.39,714790440
186996,2018,RENREN INC,RENN,Deloitte,69507000,1.54,107040780
187039,2016,ZILLOW GROUP INC,Z,E&Y,182458000,36.45,6650594100
187039,2017,ZILLOW GROUP INC,Z,Deloitte,190115000,40.74,7745285100
187039,2018,ZILLOW GROUP INC,Z,Deloitte,203903000,31.58,6439256740
187041,2016,FRANCESCAS HOLDINGS CORP,FRAN,E&Y,37541000,17.44,654715040
187041,2017,FRANCESCAS HOLDINGS CORP,FRAN,E&Y,35875000,5.83,209151250
187041,2018,FRANCESCAS HOLDINGS CORP,FRAN,E&Y,35665000,0.8832,31499328
187084,2016,PARTY CITY HOLDCO INC,PRTY,E&Y,119516000,14.2,1697127200
187084,2017,PARTY CITY HOLDCO INC,PRTY,E&Y,96380000,13.95,1344501000
187084,2018,PARTY CITY HOLDCO INC,PRTY,E&Y,93623000,9.98,934357540
187105,2017,WAGEWORKS INC,WAGE,BDO Seidman,39771000,62,2465802000
187105,2018,WAGEWORKS INC,WAGE,BDO Seidman,39853000,27.16,1082407480
187118,2016,YANDEX N.V.,YNDX,Deloitte,322617000,20.13,6494280210
187118,2017,YANDEX N.V.,YNDX,KPMG,326305000,32.75,10686488750
187118,2018,YANDEX N.V.,YNDX,KPMG,324727000,27.35,8881283450
187122,2018,LIVEXLIVE MEDIA,LIVX,BDO Seidman,52275000,5.38,281239500
187128,2016,WPX ENERGY INC,WPX,E&Y,344700000,14.57,5022279000
187128,2017,WPX ENERGY INC,WPX,E&Y,398300000,14.07,5604081000
187128,2018,WPX ENERGY INC,WPX,E&Y,420600000,11.35,4773810000
187148,2016,ORCHID ISLAND CAPITAL INC,ORC,BDO Seidman,32963000,10.83,356989290
187148,2017,ORCHID ISLAND CAPITAL INC,ORC,BDO Seidman,53062000,9.28,492415360
187148,2018,ORCHID ISLAND CAPITAL INC,ORC,BDO Seidman,49132000,6.39,313953480
187164,2016,HOMESTREET INC,HMST,Deloitte,26800000,31.6,846880000
187164,2017,HOMESTREET INC,HMST,Deloitte,26888000,28.95,778407600
187164,2018,HOMESTREET INC,HMST,Deloitte,26995000,21.23,573103850
187165,2016,PHOENIX NEW MEDIA LTD  -ADR,FENG,PwC,71530000,3.14,224604200
187165,2017,PHOENIX NEW MEDIA LTD  -ADR,FENG,PwC,72166000,6.49,468357340
187165,2018,PHOENIX NEW MEDIA LTD  -ADR,FENG,PwC,72769000,3.2,232860800
187215,2016,GLOBAL EAGLE ENTERTAINMENT,ENT,E&Y,85429000,6.46,551871340
187215,2017,GLOBAL EAGLE ENTERTAINMENT,ENT,KPMG,90781000,2.29,207888490
187215,2018,GLOBAL EAGLE ENTERTAINMENT,ENT,KPMG,91782000,2.23,204673860
187236,2016,MIDLAND STATES BANCORP,MSBI,KPMG,15483000,36.18,560174940
187252,2016,FCB FINANCIAL HOLDINGS INC,FCB,Grant Thornton,41158000,47.7,1963236600
187252,2017,FCB FINANCIAL HOLDINGS INC,FCB,Grant Thornton,44371000,50.8,2254046800
187357,2016,IZEA WORLDWIDE INC,IZEA,BDO Seidman,5456000,4.51,24606560
187357,2017,IZEA WORLDWIDE INC,IZEA,BDO Seidman,5722000,4.52,25863440
187357,2018,IZEA WORLDWIDE INC,IZEA,BDO Seidman,12076000,0.98,11834480
187363,2016,GROUPON INC,GRPN,E&Y,564836000,3.32,1875255520
187363,2017,GROUPON INC,GRPN,Deloitte,559940000,5.1,2855694000
187363,2018,GROUPON INC,GRPN,Deloitte,569084000,3.2,1821068800
187406,2016,AMC NETWORKS INC,AMCX,KPMG,68563000,52.34,3588587420
187406,2017,AMC NETWORKS INC,AMCX,KPMG,61085000,54.08,3303476800
187406,2018,AMC NETWORKS INC,AMCX,KPMG,56233000,54.88,3086067040
187413,2016,XUNLEI LTD  -ADS,XNET,PwC,66109000,3.86,255180740
187413,2017,XUNLEI LTD  -ADS,XNET,PwC,66729000,15.39,1026959310
187413,2018,XUNLEI LTD  -ADS,XNET,PwC,67305000,3.4,228837000
187422,2016,MGM HOLDINGS INC,MGMB,E&Y,45959000,85.38,3923979420
187422,2017,MGM HOLDINGS INC,MGMB,E&Y,45556000,97.25,4430321000
187422,2018,MGM HOLDINGS INC,MGMB,E&Y,44760000,92.5,4140300000
187434,2016,CARBONITE INC,CARB,E&Y,27394000,16.4,449261600
187434,2017,CARBONITE INC,CARB,Deloitte,28182000,25.1,707368200
187434,2018,CARBONITE INC,CARB,Deloitte,33923000,25.26,856894980
187450,2016,ENPHASE ENERGY INC,ENPH,Deloitte,62269000,1.01,62891690
187450,2017,ENPHASE ENERGY INC,ENPH,Deloitte,85914000,2.41,207052740
187450,2018,ENPHASE ENERGY INC,ENPH,Deloitte,107035000,4.73,506275550
187462,2016,UBIQUITI NETWORKS INC,UBNT,PwC,81667000,38.66,3157246220
187462,2017,UBIQUITI NETWORKS INC,UBNT,KPMG,80276000,51.97,4171943720
187462,2018,UBIQUITI NETWORKS INC,UBNT,KPMG,74073000,84.72,6275464560
187490,2016,IMPERVA INC,IMPV,E&Y,33089000,38.4,1270617600
187490,2017,IMPERVA INC,IMPV,E&Y,34234000,39.7,1359089800
187491,2016,OAKTREE CAPITAL GROUP LLC,OAK,E&Y,63032000,37.5,2363700000
187491,2017,OAKTREE CAPITAL GROUP LLC,OAK,E&Y,65310000,42.1,2749551000
187491,2018,OAKTREE CAPITAL GROUP LLC,OAK,E&Y,71662000,39.75,2848564500
187496,2017,ROI LAND INVESTMENTS LTD,ROII,Grant Thornton,53502000,0.1349,7217419.8
187550,2016,ASPEN AEROGELS INC,ASPN,KPMG,23370000,4.13,96518100
187550,2017,ASPEN AEROGELS INC,ASPN,KPMG,23643000,4.88,115377840
187550,2018,ASPEN AEROGELS INC,ASPN,KPMG,23974000,2.13,51064620
187551,2016,TRINSEO SA,TSE,PwC,44301000,59.3,2627049300
187551,2017,TRINSEO SA,TSE,PwC,43400000,72.6,3150840000
187551,2018,TRINSEO SA,TSE,PwC,41600000,45.78,1904448000
187575,2016,TILLY'S INC,TLYS,BDO Seidman,28763000,13.4,385424200
187575,2017,TILLY'S INC,TLYS,BDO Seidman,29115000,14.92,434395800
187575,2018,TILLY'S INC,TLYS,BDO Seidman,29486000,12.11,357075460
187576,2016,ZYNGA INC,ZNGA,E&Y,886850000,2.57,2279204500
187576,2017,ZYNGA INC,ZNGA,E&Y,870660000,4,3482640000
187576,2018,ZYNGA INC,ZNGA,E&Y,861111000,3.93,3384166230
187607,2016,SILVER SPRING NETWORKS INC,SSNI,E&Y,52185000,13.31,694582350
187631,2016,MERRIMACK PHARMACEUTICALS,MACK,PwC,130197000,4.08,531203760
187631,2017,MERRIMACK PHARMACEUTICALS,MACK,PwC,13343000,10.25,136765750
187631,2018,MERRIMACK PHARMACEUTICALS,MACK,PwC,13343000,3.86,51503980
187653,2016,ZELTIQ AESTHETICS INC,ZLTQ,PwC,40165000,43.52,1747980800
187690,2016,HEALTHCARE TRUST OF AMERICA,HTA,Deloitte,141719000,29.11,4125440090
187690,2017,HEALTHCARE TRUST OF AMERICA,HTA,Deloitte,204892000,30.04,6154955680
187690,2018,HEALTHCARE TRUST OF AMERICA,HTA,Deloitte,205267000,25.31,5195307770
187692,2016,RENEWABLE ENERGY GROUP INC,REGI,Deloitte,38553000,9.7,373964100
187692,2017,RENEWABLE ENERGY GROUP INC,REGI,Deloitte,38838000,11.8,458288400
187692,2018,RENEWABLE ENERGY GROUP INC,REGI,Deloitte,37319000,25.7,959098300
187696,2016,PROTO LABS INC,PRLB,E&Y,26505000,51.35,1361031750
187696,2017,PROTO LABS INC,PRLB,E&Y,26829000,103,2763387000
187696,2018,PROTO LABS INC,PRLB,E&Y,26985000,112.79,3043638150
187697,2016,EPAM SYSTEMS INC,EPAM,Deloitte,51098000,64.31,3286112380
187697,2017,EPAM SYSTEMS INC,EPAM,Deloitte,52984000,107.43,5692071120
187697,2018,EPAM SYSTEMS INC,EPAM,Deloitte,54080000,116.01,6273820800
187698,2017,BONANZA CREEK ENERGY INC,BCEI,Grant Thornton,20454000,27.59,564325860
187698,2018,BONANZA CREEK ENERGY INC,BCEI,Grant Thornton,20544000,20.67,424644480
187709,2016,SPRAGUE RESOURCES LP,SRLP,E&Y,21313000,28.1,598895300
187709,2017,SPRAGUE RESOURCES LP,SRLP,E&Y,22553000,24.2,545782600
187709,2018,SPRAGUE RESOURCES LP,SRLP,E&Y,22734000,14.49,329415660
187714,2016,WESCO AIRCRAFT HOLDINGS INC,WAIR,PwC,98615000,13.43,1324399450
187714,2017,WESCO AIRCRAFT HOLDINGS INC,WAIR,PwC,99451000,9.4,934839400
187714,2018,WESCO AIRCRAFT HOLDINGS INC,WAIR,PwC,99558000,11.25,1120027500
187720,2016,ARGOS THERAPEUTICS INC,ARGSQ,PwC,41263000,4.9,202188700
187720,2017,ARGOS THERAPEUTICS INC,ARGSQ,PwC,118132000,0.15,17719800
187737,2016,IGNITE RESTAURANT GROUP INC,IRGTQ,Deloitte,26246000,0.54,14172840
187739,2016,VOCERA COMMUNICATIONS INC,VCRA,Deloitte,27568000,18.49,509732320
187739,2017,VOCERA COMMUNICATIONS INC,VCRA,Deloitte,29412000,30.22,888830640
187739,2018,VOCERA COMMUNICATIONS INC,VCRA,Deloitte,30708000,39.35,1208359800
187740,2016,M/ACOM TECHNOLOGY SOLUTIONS,MTSI,Deloitte,53685000,42.34,2273022900
187740,2017,M/ACOM TECHNOLOGY SOLUTIONS,MTSI,Deloitte,64256000,44.61,2866460160
187740,2018,M/ACOM TECHNOLOGY SOLUTIONS,MTSI,Deloitte,65179000,20.6,1342687400
187766,2016,ERA GROUP INC,ERA,E&Y,20937000,16.97,355300890
187766,2017,ERA GROUP INC,ERA,E&Y,21319000,10.75,229179250
187766,2018,ERA GROUP INC,ERA,Grant Thornton,21765000,8.74,190226100
187773,2016,EXA CORP,EXA,PwC,14894000,15.5,230857000
187810,2016,MID-CON ENERGY PARTNERS -LP,MCEP,Grant Thornton,29912000,2.6,77771200
187810,2017,MID-CON ENERGY PARTNERS -LP,MCEP,Grant Thornton,30090000,1.18,35506200
187810,2018,MID-CON ENERGY PARTNERS -LP,MCEP,Grant Thornton,30436000,0.828167,25206090.81
187812,2016,MATADOR RESOURCES CO,MTDR,KPMG,99512000,25.76,2563429120
187812,2017,MATADOR RESOURCES CO,MTDR,KPMG,108510000,31.13,3377916300
187812,2018,MATADOR RESOURCES CO,MTDR,KPMG,116354000,15.53,1806977620
187833,2016,FIESTA RESTAURANT GROUP INC,FRGI,Deloitte,26756000,29.85,798666600
187833,2017,FIESTA RESTAURANT GROUP INC,FRGI,Deloitte,26847000,19,510093000
187833,2018,FIESTA RESTAURANT GROUP INC,FRGI,Deloitte,26859000,15.51,416583090
187959,2016,BRIGHTCOVE INC,BCOV,E&Y,34008000,8.05,273764400
187959,2017,BRIGHTCOVE INC,BCOV,E&Y,34798000,7.1,247065800
187959,2018,BRIGHTCOVE INC,BCOV,E&Y,36617000,7.04,257783680
187961,2016,LAREDO PETROLEUM INC,LPI,Grant Thornton,241929000,14.14,3420876060
187961,2017,LAREDO PETROLEUM INC,LPI,Grant Thornton,242521000,10.61,2573147810
187961,2018,LAREDO PETROLEUM INC,LPI,Grant Thornton,233936000,3.62,846848320
187969,2016,JIVE SOFTWARE INC,JIVE,KPMG,78774000,4.35,342666900
188155,2016,ANGIE'S LIST INC,ANGI.1,E&Y,59420000,8.23,489026600
188157,2016,BAZAARVOICE INC,BV.1,PwC,84288000,4.7,396153600
188255,2016,FORTUNE BRANDS HOME & SECUR,FBHS,PwC,153412000,53.46,8201405520
188255,2017,FORTUNE BRANDS HOME & SECUR,FBHS,PwC,151907000,68.44,10396515080
188255,2018,FORTUNE BRANDS HOME & SECUR,FBHS,PwC,140499000,37.99,5337557010
188663,2016,SANCHEZ ENERGY CORP,SNEC,KPMG,66156000,9.03,597388680
188663,2017,SANCHEZ ENERGY CORP,SNEC,KPMG,83984000,5.31,445955040
188663,2018,SANCHEZ ENERGY CORP,SNEC,KPMG,87328000,0.27,23578560
188855,2016,CAFEPRESS INC,PRSS,BDO Seidman,16643000,2.94,48930420
188855,2017,CAFEPRESS INC,PRSS,BDO Seidman,16932000,1.8454,31246312.8
188856,2016,LIBERTY TAX INC,TAXA,KPMG,12883000,14.05,181006150
188856,2017,LIBERTY TAX INC,TAXA,KPMG,13023000,10.3,134136900
189459,2016,CARLYLE GROUP LP,CG,E&Y,84611000,15.25,1290317750
189459,2017,CARLYLE GROUP LP,CG,E&Y,100101000,22.9,2292312900
189459,2018,CARLYLE GROUP LP,CG,E&Y,107746000,15.75,1696999500
189462,2016,FOGO DE CHAO INC,FOGO,PwC,28212000,14.35,404842200
189462,2017,FOGO DE CHAO INC,FOGO,PwC,28255000,11.6,327758000
189491,2016,XYLEM INC,XYL,Deloitte,179367000,49.52,8882253840
189491,2017,XYLEM INC,XYL,Deloitte,179862000,68.2,12266588400
189491,2018,XYLEM INC,XYL,Deloitte,179700000,66.72,11989584000
189516,2016,ARES COMMERCIAL REAL ESTATE,ACRE,E&Y,28483000,13.73,391071590
189516,2017,ARES COMMERCIAL REAL ESTATE,ACRE,E&Y,28599000,12.9,368927100
189516,2018,ARES COMMERCIAL REAL ESTATE,ACRE,E&Y,28756000,13.04,374978240
189517,2016,ENOVA INTERNATIONAL INC,ENVA,PwC,33293000,12.55,417827150
189517,2017,ENOVA INTERNATIONAL INC,ENVA,PwC,33505000,15.2,509276000
189517,2018,ENOVA INTERNATIONAL INC,ENVA,PwC,33585000,19.46,653564100
189557,2016,AFRICA ENERGY CORP,HPMCF,PwC,319177000,0.193,61601161
189557,2017,AFRICA ENERGY CORP,HPMCF,PwC,319177000,0.1378,43982590.6
189557,2018,AFRICA ENERGY CORP,HPMCF,PwC,683356000,0.1195,81661042
189567,2016,MANNING & NAPIER INC,MN,PwC,14983000,7.55,113121650
189567,2017,MANNING & NAPIER INC,MN,PwC,15039000,3.6,54140400
189567,2018,MANNING & NAPIER INC,MN,PwC,15311000,1.76,26947360
190355,2018,AXOGEN INC,AXGN,Deloitte,38901000,20.43,794747430
190455,2016,GUIDEWIRE SOFTWARE INC,GWRE,KPMG,73040000,61.47,4489768800
190455,2017,GUIDEWIRE SOFTWARE INC,GWRE,KPMG,75008000,72.16,5412577280
190455,2018,GUIDEWIRE SOFTWARE INC,GWRE,KPMG,80612000,86.2,6948754400
190560,2016,CRYSTAL PEAK MINERALS INC,CPMMF,PwC,193587000,0.3366,65161384.2
190560,2017,CRYSTAL PEAK MINERALS INC,CPMMF,PwC,194212000,0.37,71858440
190560,2018,CRYSTAL PEAK MINERALS INC,CPMMF,PwC,209091000,0.135,28227285
190572,2017,STAFFING 360 SOLUTIONS INC,STAF,BDO Seidman,19546000,0.63,12313980
190572,2018,STAFFING 360 SOLUTIONS INC,STAF,BDO Seidman,5326000,1.53,8148780
190580,2016,CEMPRA INC,CEMP,PwC,52393000,2.8,146700400
190590,2016,GENIE ENERGY LTD,GNE,BDO Seidman,24647000,5.75,141720250
190590,2017,GENIE ENERGY LTD,GNE,BDO Seidman,24844000,4.36,108319840
190957,2016,SEVENTY SEVEN ENERGY INC,SVNT,PwC,22354000,45,1005930000
190959,2016,LUMOS NETWORKS CORP,LMOS,KPMG,23605000,15.62,368710100
190963,2016,NATIONAL BANK HLDGS CORP,NBHC,KPMG,26387000,31.89,841481430
190963,2017,NATIONAL BANK HLDGS CORP,NBHC,KPMG,26876000,32.43,871588680
190963,2018,NATIONAL BANK HLDGS CORP,NBHC,KPMG,30769000,30.87,949839030
191255,2016,MARRIOTT VACATIONS WORLDWIDE,VAC,E&Y,26990000,84.85,2290101500
191255,2017,MARRIOTT VACATIONS WORLDWIDE,VAC,E&Y,26461000,135.21,3577791810
191255,2018,MARRIOTT VACATIONS WORLDWIDE,VAC,E&Y,45993000,70.51,3242966430
192255,2016,ACADIA HEALTHCARE CO INC,ACHC,E&Y,86688000,33.1,2869372800
192255,2017,ACADIA HEALTHCARE CO INC,ACHC,E&Y,87060000,32.63,2840767800
192255,2018,ACADIA HEALTHCARE CO INC,ACHC,E&Y,87444000,25.71,2248185240
194255,2016,VERASTEM INC,VSTM,E&Y,36992000,1.12,41431040
194255,2017,VERASTEM INC,VSTM,E&Y,50801000,3.07,155959070
194255,2018,VERASTEM INC,VSTM,E&Y,73806000,3.36,247988160
194755,2016,AMPLIFY ENERGY CORP,AMPY,KPMG,83828000,0.1247,10453351.6
194755,2017,AMPLIFY ENERGY CORP,AMPY,KPMG,25000000,10.15,253750000
194755,2018,AMPLIFY ENERGY CORP,AMPY,KPMG,22182000,8.7,192983400
194956,2016,WORLDPAY INC,WP,Deloitte,161135000,59.62,9606868700
194956,2017,WORLDPAY INC,WP,Deloitte,162596000,73.55,11958935800
194956,2018,WORLDPAY INC,WP,Deloitte,300455000,76.43,22963775650
196055,2016,CLOVIS ONCOLOGY INC,CLVS,E&Y,38724000,44.42,1720120080
196055,2017,CLOVIS ONCOLOGY INC,CLVS,E&Y,50565000,68,3438420000
196055,2018,CLOVIS ONCOLOGY INC,CLVS,E&Y,52798000,17.96,948252080
196159,2016,PBF ENERGY INC,PBF,Deloitte,109204000,27.88,3044607520
196159,2017,PBF ENERGY INC,PBF,Deloitte,110566000,35.45,3919564700
196159,2018,PBF ENERGY INC,PBF,Deloitte,119874000,32.67,3916283580
196160,2016,BIOAMBER INC,BIOAQ,Deloitte,30613000,5.5,168371500
196160,2017,BIOAMBER INC,BIOAQ,Deloitte,52115000,0.4,20846000
196268,2016,YELP INC,YELP,Deloitte,79430000,38.13,3028665900
196268,2017,YELP INC,YELP,Deloitte,83724000,41.96,3513059040
196268,2018,YELP INC,YELP,Deloitte,81997000,34.99,2869075030
196269,2016,FORTRESS BIOTECH INC,FBIO,BDO Seidman,48932000,2.7,132116400
196269,2017,FORTRESS BIOTECH INC,FBIO,BDO Seidman,50991000,3.99,203454090
196269,2018,FORTRESS BIOTECH INC,FBIO,BDO Seidman,57845000,0.86,49746700
196355,2016,SYNACOR INC,SYNC,Deloitte,30881000,3.1,95731100
196355,2017,SYNACOR INC,SYNC,Deloitte,38784000,2.3,89203200
196355,2018,SYNACOR INC,SYNC,Deloitte,39028000,1.48,57761440
196856,2017,MELINTA THERAPEUTICS INC,MLNT,Deloitte,21999000,15.8,347584200
196856,2018,MELINTA THERAPEUTICS INC,MLNT,Deloitte,56020000,0.7927,44407054
197559,2016,ENDURANCE INTL GRP HLDGS INC,EIGI,BDO Seidman,134794000,9.3,1253584200
197559,2017,ENDURANCE INTL GRP HLDGS INC,EIGI,BDO Seidman,140191000,8.4,1177604400
197559,2018,ENDURANCE INTL GRP HLDGS INC,EIGI,BDO Seidman,143444000,6.65,953902600
198058,2016,CAPRI HOLDINGS LTD,CPRI,E&Y,155833000,38.11,5938795630
198058,2017,CAPRI HOLDINGS LTD,CPRI,E&Y,149698000,62.08,9293251840
198058,2018,CAPRI HOLDINGS LTD,CPRI,E&Y,150932000,45.75,6905139000
199356,2016,TRIPADVISOR INC,TRIP,KPMG,144111000,46.37,6682427070
199356,2017,TRIPADVISOR INC,TRIP,KPMG,138943000,34.46,4787975780
199356,2018,TRIPADVISOR INC,TRIP,KPMG,137901000,53.94,7438379940
200480,2016,MANCHESTER UNITED PLC,MANU,PwC,164025000,15.93,2612918250
200480,2017,MANCHESTER UNITED PLC,MANU,PwC,164195000,16.25,2668168750
200480,2018,MANCHESTER UNITED PLC,MANU,PwC,164526000,20.6,3389235600
200595,2016,KONAMI HOLDINGS CORP,KNMCY,PwC,135237000,42.403,5734454511
200595,2017,KONAMI HOLDINGS CORP,KNMCY,PwC,135234000,50.024,6764945616
200595,2018,KONAMI HOLDINGS CORP,KNMCY,PwC,135233000,43.412,5870734996
200856,2017,MINAS BUENAVENTURA SA,BVN,E&Y,253987000,14.08,3576136960
200856,2018,MINAS BUENAVENTURA SA,BVN,E&Y,253987000,16.22,4119669140
200976,2016,BRASKEM SA,BRKMY,KPMG,171888000,21.21,3645744480
200976,2017,BRASKEM SA,BRKMY,KPMG,171888000,26.26,4513778880
200976,2018,BRASKEM SA,BRKMY,KPMG,171907000,24.46,4204845220
201140,2016,AMBEV SA,ABEV,PwC,15701103000,4.91,77092415730
201140,2017,AMBEV SA,ABEV,Deloitte,15710221000,6.46,1.01488E+11
201140,2018,AMBEV SA,ABEV,Deloitte,15721119000,3.92,61626786480
201336,2016,CRESUD SACIFYA,CRESY,PwC,50164000,14.13,708817320
201336,2017,CRESUD SACIFYA,CRESY,PwC,50164000,19.45,975689800
201336,2018,CRESUD SACIFYA,CRESY,PwC,50164000,14.82,743430480
201395,2016,TAIWAN SEMICONDUCTOR MFG CO,TSM,Deloitte,5186076000,28.75,1.491E+11
201395,2017,TAIWAN SEMICONDUCTOR MFG CO,TSM,Deloitte,5186076000,39.65,2.05628E+11
201395,2018,TAIWAN SEMICONDUCTOR MFG CO,TSM,Deloitte,5186076000,36.91,1.91418E+11
201706,2016,DRDGOLD LTD,DRD,KPMG,42207000,5.9,249021300
201706,2017,DRDGOLD LTD,DRD,KPMG,42207000,3.15,132952050
201706,2018,DRDGOLD LTD,DRD,KPMG,42207000,2.54,107205780
201792,2016,ELETROBRAS-CENTR ELETR BRAS,EBR,KPMG,1352634000,6.86,9279069240
201792,2017,ELETROBRAS-CENTR ELETR BRAS,EBR,KPMG,1352634000,5.7,7710013800
201792,2018,ELETROBRAS-CENTR ELETR BRAS,EBR,KPMG,1352634000,6.35,8589225900
201794,2016,ENEL SPA,ENLAY,E&Y,10167000000,4.417,44907639000
203480,2016,SK TELECOM CO LTD,SKM,KPMG,635482000,20.9,13281573800
203480,2017,SK TELECOM CO LTD,SKM,KPMG,635546000,27.91,17738088860
203480,2018,SK TELECOM CO LTD,SKM,KPMG,646893000,26.8,17336732400
203890,2016,TATA MOTORS LTD,TTM,Deloitte,679170000,35.65,24212410500
203890,2017,TATA MOTORS LTD,TTM,KPMG,679170000,25.7,17454669000
203944,2016,OI SA,OIBRQ,KPMG,675667000,0.691,466885897
203944,2017,OI SA,OIBRQ,KPMG,675667000,1.046,706747682
203944,2018,OI SA,OIBRQ,BDO Seidman,2422132000,0.325,787192900
204203,2017,CEMENTOS PACASMAYO SAA,CPAC,E&Y,85622000,12.4,1061712800
204203,2018,CEMENTOS PACASMAYO SAA,CPAC,E&Y,85622000,9.499,813323378
204867,2016,WIPRO LTD,WIT,KPMG,2417172000,10.23,24727669560
204867,2017,WIPRO LTD,WIT,Deloitte,4500687000,5.16,23223544920
204867,2018,WIPRO LTD,WIT,Deloitte,6006581000,3.98,23906192380
205692,2016,RANDGOLD RESOURCES LTD,GOLD.3,BDO Seidman,93804000,76.34,7160997360
205692,2017,RANDGOLD RESOURCES LTD,GOLD.3,BDO Seidman,94125000,98.89,9308021250
205809,2016,CHINA SOUTHERN AIRLINES,ZNH,KPMG,196351000,25.71,5048184210
205809,2017,CHINA SOUTHERN AIRLINES,ZNH,KPMG,201763000,51.82,10455358660
205809,2018,CHINA SOUTHERN AIRLINES,ZNH,KPMG,245343000,30.36,7448613480
205874,2016,COMPANHIA DE SANEAMENTO,SBS,KPMG,683510000,8.68,5932866800
205874,2017,COMPANHIA DE SANEAMENTO,SBS,KPMG,683510000,10.45,7142679500
205874,2018,COMPANHIA DE SANEAMENTO,SBS,KPMG,683510000,8.07,5515925700
205942,2016,BRF SA,BRFS,E&Y,799005000,14.76,11793313800
205942,2017,BRF SA,BRFS,KPMG,811140000,11.26,9133436400
205942,2018,BRF SA,BRFS,KPMG,811416000,5.68,4608842880
206059,2016,NASPERS LTD,NPSNY,PwC,4324468000,17.265,74661940020
206059,2017,NASPERS LTD,NPSNY,PwC,2165165000,48.813,1.05688E+11
206059,2018,NASPERS LTD,NPSNY,PwC,2165537000,46.212,1.00074E+11
206211,2016,FORMULA SYSTEMS (1985) LTD,FORTY,E&Y,14729000,39.7,584741300
206211,2017,FORMULA SYSTEMS (1985) LTD,FORTY,E&Y,14739000,40.55,597666450
206211,2018,FORMULA SYSTEMS (1985) LTD,FORTY,E&Y,14750000,35.6401,525691475
206457,2016,OIL CO LUKOIL PJSC,LUKOY,KPMG,712933000,56.501,40281427433
206457,2017,OIL CO LUKOIL PJSC,LUKOY,KPMG,709633000,57.92,41101943360
206457,2018,OIL CO LUKOIL PJSC,LUKOY,KPMG,696893000,72.031,50197899683
206468,2016,ROSTELECOM PJSC,ROSYY,E&Y,350066000,8.256,2890144896
206468,2017,ROSTELECOM PJSC,ROSYY,E&Y,350654000,6.66,2335355640
206468,2018,ROSTELECOM PJSC,ROSYY,E&Y,357228000,6.32,2257680960
206956,2016,PCCW LTD,PCCWY,PwC,770212000,5.417,4172238404
206956,2017,PCCW LTD,PCCWY,PwC,770716000,5.808,4476318528
206956,2018,PCCW LTD,PCCWY,PwC,771280000,5.76,4442572800
208057,2016,COMPANHIA SIDERURGICA NACION,SID,Deloitte,1357133000,3.23,4383539590
208057,2017,COMPANHIA SIDERURGICA NACION,SID,Grant Thornton,1357133000,2.45,3324975850
208057,2018,COMPANHIA SIDERURGICA NACION,SID,Grant Thornton,1380115000,2.19,3022451850
208068,2016,SILICONWARE PRECISION INDS,SPIL,PwC,623272000,7.3,4549885600
208068,2017,SILICONWARE PRECISION INDS,SPIL,PwC,623272000,8.41,5241717520
208079,2016,SIMS METAL MGMT LTD,SMSMY,Deloitte,197685000,5.823,1151119755
208079,2017,SIMS METAL MGMT LTD,SMSMY,Deloitte,198156000,11.644,2307328464
208079,2018,SIMS METAL MGMT LTD,SMSMY,Deloitte,202662000,11.881,2407827222
209341,2016,UNITED MICROELECTRONICS CORP,UMC,E&Y,2444864000,1.75,4278512000
209341,2017,UNITED MICROELECTRONICS CORP,UMC,E&Y,2444864000,2.39,5843224960
209341,2018,UNITED MICROELECTRONICS CORP,UMC,E&Y,2388864000,1.79,4276066560
209382,2016,VALE SA,VALE,KPMG,5153375000,7.62,39268717500
209382,2017,VALE SA,VALE,KPMG,5197432000,12.23,63564593360
209382,2018,VALE SA,VALE,KPMG,5126258000,13.19,67615343020
209418,2016,VINA CONCHA Y TORO SA,VCOYY,KPMG,37350000,32.97,1231429500
209418,2017,VINA CONCHA Y TORO SA,VCOYY,KPMG,37350000,36.99,1381576500
210032,2016,AVIRAGEN THERAPEUTICS INC,AVIR,E&Y,38640000,1.4,54096000
210032,2017,AVIRAGEN THERAPEUTICS INC,AVIR,E&Y,38649000,0.6695,25875505.5
210216,2016,TELSTRA CORP LTD,TLSYY,E&Y,2445131000,20.7,50614211700
210216,2017,TELSTRA CORP LTD,TLSYY,E&Y,2378660000,16.492,39228860720
210216,2018,TELSTRA CORP LTD,TLSYY,E&Y,2378660000,9.679,23023050140
210418,2016,ABB LTD,ABB,E&Y,2138707000,21.07,45062556490
210418,2017,ABB LTD,ABB,E&Y,2138606000,26.82,57357412920
210418,2018,ABB LTD,ABB,KPMG,2131962000,19.01,40528597620
211009,2016,INFOSYS LTD,INFY,KPMG,2285655000,15.8,36113349000
211009,2017,INFOSYS LTD,INFY,Deloitte,2173312000,17.85,38793619200
211009,2018,INFOSYS LTD,INFY,Deloitte,4335954000,10.93,47391977220
211732,2016,BANCO MACRO SA,BMA,E&Y,58456000,64.35,3761643600
211732,2017,BANCO MACRO SA,BMA,E&Y,66966000,115.88,7760020080
211732,2018,BANCO MACRO SA,BMA,E&Y,64072000,44.22,2833263840
211819,2016,NATIONAL GRID,NGG,PwC,750000000,63.48,47610000000
211819,2017,NATIONAL GRID,NGG,Deloitte,671000000,56.43,37864530000
211819,2018,NATIONAL GRID,NGG,Deloitte,682000000,55.84,38082880000
212340,2016,SHIRE PLC,SHPG,Deloitte,301067000,170.38,51295795460
212340,2017,SHIRE PLC,SHPG,Deloitte,302900000,155.12,46985848000
212773,2016,IMPERIAL BRANDS PLC,IMBBY,PwC,958700000,51.616,49484259200
212773,2017,IMPERIAL BRANDS PLC,IMBBY,PwC,955040000,42.718,40797398720
212773,2018,IMPERIAL BRANDS PLC,IMBBY,PwC,953726000,34.831,33219230306
212782,2016,FRESENIUS MEDICAL CARE AG&CO,FMS,KPMG,612444000,42.21,25851261240
212782,2017,FRESENIUS MEDICAL CARE AG&CO,FMS,KPMG,612902000,52.55,32208000100
212782,2018,FRESENIUS MEDICAL CARE AG&CO,FMS,KPMG,613757000,32.39,19879589230
212950,2016,PAMPA ENERGIA SA,PAM,PwC,73460000,34.81,2557142600
212950,2017,PAMPA ENERGIA SA,PAM,PwC,73460000,67.28,4942388800
212950,2018,PAMPA ENERGIA SA,PAM,PwC,74977000,31.81,2385018370
213288,2016,EMBRAER SA,ERJ,KPMG,183639000,19.25,3535050750
213288,2017,EMBRAER SA,ERJ,PwC,183260000,23.93,4385411800
213288,2018,EMBRAER SA,ERJ,PwC,183872000,22.13,4069087360
213412,2016,ASE TECHNOLOGY HLDNG CO,ASX,Deloitte,1536060000,5.04,7741742400
213412,2017,ASE TECHNOLOGY HLDNG CO,ASX,Deloitte,1694439000,6.48,10979964720
213412,2018,ASE TECHNOLOGY HLDNG CO,ASX,Deloitte,2124386000,3.75,7966447500
214526,2016,MAGYAR TELEKOM,MYTAY,PwC,208231000,8.503,1770588193
214526,2017,MAGYAR TELEKOM,MYTAY,PwC,207623000,8.865,1840577895
214526,2018,MAGYAR TELEKOM,MYTAY,PwC,206781000,7.84,1621163040
215422,2016,MOWI ASA,MHGVY,E&Y,450086000,18.13,8160059180
215422,2017,MOWI ASA,MHGVY,E&Y,490168000,16.994,8329914992
215422,2018,MOWI ASA,MHGVY,E&Y,516040000,21.099,10887927960
216019,2016,AIXTRON SE,AIIXY,Deloitte,111657000,3.06,341670420
216019,2017,AIXTRON SE,AIIXY,Deloitte,111802000,6.64,742365280
216019,2018,AIXTRON SE,AIIXY,Deloitte,111840000,19.223,2149900320
218399,2016,ALSTOM SA,ALSMY,PwC,2197118000,2.996,6582565528
218399,2017,ALSTOM SA,ALSMY,PwC,2222105000,4.503,10006138815
220211,2016,ICL-ISRAEL CHEMICALS LTD,ICL,KPMG,1276400000,4.11,5246004000
220211,2017,ICL-ISRAEL CHEMICALS LTD,ICL,KPMG,1278400000,4.04,5164736000
220211,2018,ICL-ISRAEL CHEMICALS LTD,ICL,KPMG,1280500000,5.66,7247630000
220487,2016,LATAM AIRLINES GROUP SA,LTM,PwC,606408000,8.18,4960417440
220487,2017,LATAM AIRLINES GROUP SA,LTM,PwC,606408000,13.9,8429071200
220487,2018,LATAM AIRLINES GROUP SA,LTM,PwC,606408000,10.3,6246002400
220546,2016,EQUINOR ASA,EQNR,KPMG,3233910000,18.24,58986518400
220546,2017,EQUINOR ASA,EQNR,KPMG,3311925000,21.42,70941433500
220546,2018,EQUINOR ASA,EQNR,KPMG,3312815000,21.17,70132293550
220579,2016,TELIA COMPANY AB,TLSNY,Deloitte,2165042000,8.082,17497869444
220579,2017,TELIA COMPANY AB,TLSNY,Deloitte,2165042000,8.928,19329494976
220579,2018,TELIA COMPANY AB,TLSNY,Deloitte,2115403000,9.47,20032866410
220940,2016,ORANGE,ORAN,KPMG,2660035000,15.14,40272929900
220940,2017,ORANGE,ORAN,KPMG,2659559000,17.4,46276326600
220940,2018,ORANGE,ORAN,KPMG,2652843000,16.19,42949528170
221261,2016,COCA-COLA HBC AG,CCHGY,PwC,363196000,21.35,7754234600
221261,2017,COCA-COLA HBC AG,CCHGY,PwC,367318000,32.722,12019379596
221261,2018,COCA-COLA HBC AG,CCHGY,PwC,367349000,30.991,11384512859
221545,2016,INDUSTRIAS BACHOCO SAB DE CV,IBA,Deloitte,50000000,49.02,2451000000
221545,2017,INDUSTRIAS BACHOCO SAB DE CV,IBA,Deloitte,48333000,57.3,2769480900
221545,2018,INDUSTRIAS BACHOCO SAB DE CV,IBA,Deloitte,42756000,39.56,1691427360
221612,2016,TELENOR ASA,TELNY,E&Y,1501458000,14.987,22502351046
221612,2017,TELENOR ASA,TELNY,E&Y,1492719000,21.505,32100922095
221612,2018,TELENOR ASA,TELNY,E&Y,1458108000,19.344,28205641152
221616,2016,DEUTSCHE TELEKOM,DTEGY,PwC,4586835000,17.251,79127490585
221616,2017,DEUTSCHE TELEKOM,DTEGY,PwC,4742174000,17.766,84249463284
221616,2018,DEUTSCHE TELEKOM,DTEGY,PwC,4742485000,16.941,80342438385
221821,2016,NIDEC CORP,NJDCY,PwC,1186390000,23.771,28201676690
221821,2017,NIDEC CORP,NJDCY,PwC,1183840000,37.847,44804792480
221821,2018,NIDEC CORP,NJDCY,PwC,1177502000,31.678,37300908356
222111,2016,PETROLEO BRASILEIRO SA- PETR,PBR,PwC,6522248000,10.11,65939927280
222111,2017,PETROLEO BRASILEIRO SA- PETR,PBR,KPMG,6522248000,10.29,67113931920
222111,2018,PETROLEO BRASILEIRO SA- PETR,PBR,KPMG,6522101000,13.01,84852534010
222357,2016,CIA ENERGETICA DE MINAS,CIG,Deloitte,838077000,2.28,1910815560
222357,2017,CIA ENERGETICA DE MINAS,CIG,E&Y,838077000,2.06,1726438620
222357,2018,CIA ENERGETICA DE MINAS,CIG,E&Y,971138000,3.56,3457251280
222519,2016,GRUMA SAB DE CV,GMKKY,PwC,432749000,12.786,5533128714
222519,2017,GRUMA SAB DE CV,GMKKY,PwC,432749000,12.744,5514953256
222519,2018,GRUMA SAB DE CV,GMKKY,PwC,423431000,11.266,4770373646
222638,2016,TIM PARTICIPACOES SA,TSU,BDO Seidman,484061000,11.8,5711919800
222638,2017,TIM PARTICIPACOES SA,TSU,BDO Seidman,483886000,19.31,9343838660
222638,2018,TIM PARTICIPACOES SA,TSU,PwC,484050000,15.34,7425327000
222648,2016,TELEFONICA BRASIL SA,VIV,E&Y,1119340000,13.38,14976769200
222648,2017,TELEFONICA BRASIL SA,VIV,PwC,1119340000,14.83,16599812200
222648,2018,TELEFONICA BRASIL SA,VIV,PwC,1119340000,11.93,13353726200
223098,2016,DR REDDY'S LABORATORIES LTD,RDY,KPMG,165742000,40.15,6654541300
223098,2017,DR REDDY'S LABORATORIES LTD,RDY,KPMG,165911000,32.69,5423630590
223098,2018,DR REDDY'S LABORATORIES LTD,RDY,E&Y,165848000,40.5,6716844000
223148,2017,ICICI BANK LTD,IBN,KPMG,3215866000,8.85,28460414100
223911,2016,NTT DOCOMO INC,DCMYY,KPMG,3704586000,23.35,86502083100
223911,2017,NTT DOCOMO INC,DCMYY,KPMG,3593185000,25.57,91877740450
223911,2018,NTT DOCOMO INC,DCMYY,KPMG,3335231000,22.148,73868696188
224604,2016,DELTA GALIL INDUSTRIES LTD,DELTY,PwC,25323000,29.023,734949429
224604,2017,DELTA GALIL INDUSTRIES LTD,DELTY,PwC,25416000,34.652,880715232
224604,2018,DELTA GALIL INDUSTRIES LTD,DELTY,PwC,25469000,24.725,629721025
224796,2016,EVIATION AIRCRAFT LTD,EVTNF,Deloitte,10000000,33.4599,334599000
231016,2016,MORPHOSYS AG,MOR,PwC,115055000,25.71,2958064050
231016,2017,MORPHOSYS AG,MOR,PwC,116404000,45.979,5352139516
231016,2018,MORPHOSYS AG,MOR,PwC,126234000,25.3,3193720200
232623,2016,EVOTEC SE,EVTCY,E&Y,66526000,15.699,1044391674
232623,2017,EVOTEC SE,EVTCY,E&Y,73766000,32.422,2391641252
232623,2018,EVOTEC SE,EVTCY,E&Y,74531000,39.701,2958955231
233491,2016,MAGNACHIP SEMICONDUCTOR CORP,MX,PwC,35048000,6.2,217297600
233491,2017,MAGNACHIP SEMICONDUCTOR CORP,MX,PwC,34190000,9.95,340190500
233491,2018,MAGNACHIP SEMICONDUCTOR CORP,MX,PwC,34441000,6.21,213878610
238157,2016,SPARK NETWORKS INC,LOV.1,Grant Thornton,31984000,0.8399,26863361.6
238616,2016,VEOLIA ENVIRONNEMENT,VEOEY,KPMG,548300000,17.061,9354546300
238616,2017,VEOLIA ENVIRONNEMENT,VEOEY,KPMG,549660000,25.547,14042164020
238616,2018,VEOLIA ENVIRONNEMENT,VEOEY,KPMG,550855000,20.525,11306298875
239356,2016,PROMOTORA DE INFORMACIONES,PRISY,Deloitte,78006000,5.537,431919222
239356,2017,PROMOTORA DE INFORMACIONES,PRISY,Deloitte,88557000,2.966,262660062
239356,2018,PROMOTORA DE INFORMACIONES,PRISY,Deloitte,556784000,2.012,1120249408
241159,2016,CHUNGHWA TELECOM LTD,CHT,Deloitte,775745000,31.55,24474754750
241159,2017,CHUNGHWA TELECOM LTD,CHT,Deloitte,775745000,35.44,27492402800
241159,2018,CHUNGHWA TELECOM LTD,CHT,Deloitte,775745000,35.79,27763913550
241216,2016,SYNGENTA AG,SYT,KPMG,461102000,79.05,36450113100
241216,2017,SYNGENTA AG,SYT,KPMG,461913000,92.84,42884002920
241335,2016,XTL BIOPHARMACEUTICALS,XTLB,PwC,13710000,0.6346,8700366
241335,2017,XTL BIOPHARMACEUTICALS,XTLB,PwC,5142000,2.2872,11760782.4
241335,2018,XTL BIOPHARMACEUTICALS,XTLB,PwC,5142000,1.73,8895660
241366,2016,BANCO DE CHILE,BCH,E&Y,162707000,70.45,11462708150
241366,2017,BANCO DE CHILE,BCH,E&Y,165740000,96.53,15998882200
241366,2018,BANCO DE CHILE,BCH,E&Y,505085000,28.6,14445431000
241388,2016,GRUPO AVAL ACCIONES VALORES,AVAL,KPMG,1114051000,7.94,8845564940
241388,2017,GRUPO AVAL ACCIONES VALORES,AVAL,KPMG,1114051000,8.5,9469433500
241388,2018,GRUPO AVAL ACCIONES VALORES,AVAL,KPMG,1114051000,5.9,6572900900
241637,2016,ANHEUSER-BUSCH INBEV,BUD,Deloitte,1933702000,105.44,2.0389E+11
241637,2017,ANHEUSER-BUSCH INBEV,BUD,Deloitte,1933700000,111.56,2.15724E+11
241637,2018,ANHEUSER-BUSCH INBEV,BUD,Deloitte,1956740000,65.81,1.28773E+11
242977,2016,AU OPTRONICS CORP,AUO,KPMG,962425000,3.54,3406984500
242977,2017,AU OPTRONICS CORP,AUO,KPMG,962425000,4.16,4003688000
242977,2018,AU OPTRONICS CORP,AUO,KPMG,962425000,3.94,3791954500
243011,2016,MTR CORP LTD,MTCPY,KPMG,590529000,48.625,28714472625
243011,2017,MTR CORP LTD,MTCPY,KPMG,2002592000,17.576,35197556992
243011,2018,MTR CORP LTD,MTCPY,KPMG,2046495000,15.787,32308016565
243145,2016,GAZIT GLOBE,GZTGF,E&Y,195516000,8.64,1689258240
243145,2017,GAZIT GLOBE,GZTGF,E&Y,193458000,10.53,2037112740
243588,2016,BANCO SANTANDER MEXICO -ADR,BSMX,Deloitte,1355719000,7.19,9747619610
243588,2017,BANCO SANTANDER MEXICO -ADR,BSMX,PwC,1357399000,7.31,9922586690
243588,2018,BANCO SANTANDER MEXICO -ADR,BSMX,PwC,1357399000,6.16,8361577840
244641,2016,ITURAN LOCATION & CONTROL,ITRN,Grant Thornton,20968000,26.5,555652000
244641,2017,ITURAN LOCATION & CONTROL,ITRN,Grant Thornton,20968000,34.2,717105600
244641,2018,ITURAN LOCATION & CONTROL,ITRN,Grant Thornton,21341000,32.06,684192460
245207,2018,GENMAB AS,GMAB,PwC,6132000,16.353,100276596
245918,2016,INTL GAME TECHNOLOGY PLC,IGT,PwC,202285000,25.52,5162313200
245918,2017,INTL GAME TECHNOLOGY PLC,IGT,PwC,203447000,26.51,5393379970
245918,2018,INTL GAME TECHNOLOGY PLC,IGT,PwC,204211000,14.63,2987606930
246010,2016,GENETIC TECHNOLOGIES LTD,GENE,PwC,11435000,2.09,23899150
246010,2017,GENETIC TECHNOLOGIES LTD,GENE,PwC,16235000,0.901,14627735
246010,2018,GENETIC TECHNOLOGIES LTD,GENE,PwC,16235000,0.9899,16071026.5
247371,2016,LONESTAR RESOURCES US INC,LONE,BDO Seidman,21822000,8.54,186359880
247371,2017,LONESTAR RESOURCES US INC,LONE,BDO Seidman,24507000,3.97,97292790
247371,2018,LONESTAR RESOURCES US INC,LONE,BDO Seidman,24646000,3.65,89957900
247374,2018,IMMURON LTD,IMRN,Grant Thornton,3569000,10.1596,36259612.4
247881,2016,GW PHARMACEUTICALS PLC,GWPH,Deloitte,25174000,132.73,3341345020
247881,2017,GW PHARMACEUTICALS PLC,GWPH,Deloitte,25370000,101.49,2574801300
247881,2018,GW PHARMACEUTICALS PLC,GWPH,Deloitte,28354000,172.74,4897869960
248136,2016,MIZUHO FINANCIAL GROUP INC,MFG,E&Y,12683158000,3.69,46800853020
248136,2017,MIZUHO FINANCIAL GROUP INC,MFG,E&Y,12691578000,3.7,46958838600
248136,2018,MIZUHO FINANCIAL GROUP INC,MFG,E&Y,12679268000,3.06,38798560080
249158,2016,GOLAR LNG LTD,GLNG,E&Y,100581000,22.94,2307328140
249158,2017,GOLAR LNG LTD,GLNG,E&Y,100618000,29.81,2999422580
249158,2018,GOLAR LNG LTD,GLNG,E&Y,100802000,21.76,2193451520
249507,2016,ALTERITY THERAPEUTICS LTD,ATHE,PwC,8898000,4.7416,42190756.8
249507,2017,ALTERITY THERAPEUTICS LTD,ATHE,PwC,8898000,2.29,20376420
249507,2018,ALTERITY THERAPEUTICS LTD,ATHE,PwC,8898000,1.889,16808322
252614,2016,ON TRACK INNOVATIONS,OTIV,KPMG,41064000,1.74,71451360
252614,2018,ON TRACK INNOVATIONS,OTIV,KPMG,41294000,0.59,24363460
252819,2016,WOORI FINANCIAL GROUP INC,WF,Deloitte,224173000,32,7173536000
252819,2017,WOORI FINANCIAL GROUP INC,WF,Deloitte,224173000,44.69,10018291370
252819,2018,WOORI FINANCIAL GROUP INC,WF,Deloitte,224173000,42.12,9442166760
252940,2016,MITSUBISHI UFJ FINANCIAL GRP,MUFG,Deloitte,13429290000,6.34,85141698600
252940,2017,MITSUBISHI UFJ FINANCIAL GRP,MUFG,Deloitte,13162255000,6.64,87397373200
252940,2018,MITSUBISHI UFJ FINANCIAL GRP,MUFG,Deloitte,12921849000,4.95,63963152550
253501,2018,PIEDMONT LITHIUM LTD,PLL,Deloitte,5590000,14,78260000
253523,2016,IMMUTEP LTD,IMMP,PwC,68721000,0.97,66659370
253523,2017,IMMUTEP LTD,IMMP,PwC,20797000,2.16,44921520
253523,2018,IMMUTEP LTD,IMMP,PwC,30261000,2.38,72021180
253527,2016,EYEPOINT PHARMACEUTICALS INC,EYPT,Deloitte,34173000,2.83,96709590
253527,2017,EYEPOINT PHARMACEUTICALS INC,EYPT,Deloitte,39357000,1.71,67300470
253527,2018,EYEPOINT PHARMACEUTICALS INC,EYPT,Deloitte,74512000,2.08,154984960
253759,2016,BYD COMPANY LTD,BYDDY,E&Y,1364071000,10.538,14374580198
253759,2017,BYD COMPANY LTD,BYDDY,E&Y,1364071000,17.423,23766209033
253759,2018,BYD COMPANY LTD,BYDDY,E&Y,1364071000,12.76,17405545960
254096,2016,PLUS THERAPEUTICS INC,PSTV,BDO Seidman,21708000,1.51,32779080
254096,2017,PLUS THERAPEUTICS INC,PSTV,BDO Seidman,57826000,0.3016,17440321.6
254096,2018,PLUS THERAPEUTICS INC,PSTV,BDO Seidman,14830000,0.29,4300700
254338,2016,CHINA TELECOM CORP LTD,CHA,Deloitte,809324000,46.13,37334116120
254338,2017,CHINA TELECOM CORP LTD,CHA,Deloitte,809324000,47.47,38418610280
254338,2018,CHINA TELECOM CORP LTD,CHA,Deloitte,809324000,50.73,41057006520
254381,2016,BENITEC BIOPHARMA LTD,BNTC,Grant Thornton,7326000,1.268,9289368
254381,2017,BENITEC BIOPHARMA LTD,BNTC,Grant Thornton,10257000,1.85,18975450
254381,2018,BENITEC BIOPHARMA LTD,BNTC,Grant Thornton,12851000,1.99,25573490
254399,2016,UNILIFE CORP,UNISQ,KPMG,17412000,3.29,57285480
258664,2016,ITAU CORPBANCA,ITCB,PwC,341605000,12.44,4249566200
258664,2017,ITAU CORPBANCA,ITCB,PwC,341605000,13.44,4591171200
258664,2018,ITAU CORPBANCA,ITCB,PwC,341605000,13.6,4645828000
258869,2016,TRI POINTE GROUP INC,TPH,E&Y,158626000,11.48,1821026480
258869,2017,TRI POINTE GROUP INC,TPH,E&Y,151163000,17.92,2708840960
258869,2018,TRI POINTE GROUP INC,TPH,E&Y,141662000,10.93,1548365660
259073,2016,PHARMAXIS LTD,PXSLY,PwC,21144000,2.848,60218112
259073,2017,PHARMAXIS LTD,PXSLY,PwC,21274000,2.876,61184024
259073,2018,PHARMAXIS LTD,PXSLY,PwC,21319000,3.436,73252084
259503,2016,CHINA LIFE INSURANCE (CHN),LFC,E&Y,5652941000,12.87,72753350670
259503,2017,CHINA LIFE INSURANCE (CHN),LFC,E&Y,5652941000,15.61,88242409010
259503,2018,CHINA LIFE INSURANCE (CHN),LFC,E&Y,5652941000,10.49,59299351090
259518,2017,JANUS HENDERSON GROUP PLC,JHG,PwC,196335000,38.26,7511777100
259518,2018,JANUS HENDERSON GROUP PLC,JHG,PwC,191889000,20.72,3975940080
260737,2016,OCEAN POWER TECHNOLOGIES INC,OPTT,KPMG,6266000,1.43,8960380
260737,2017,OCEAN POWER TECHNOLOGIES INC,OPTT,KPMG,18351000,1.1,20186100
260737,2018,OCEAN POWER TECHNOLOGIES INC,OPTT,KPMG,5422000,2.78,15073160
260751,2016,BANK OF NT BUTTERFIELD & SON,NTB,PwC,53285000,31.44,1675280400
260751,2017,BANK OF NT BUTTERFIELD & SON,NTB,PwC,54693000,36.29,1984808970
260751,2018,BANK OF NT BUTTERFIELD & SON,NTB,PwC,54105000,31.35,1696191750
260774,2016,CBRE GROUP INC,CBRE,KPMG,337279000,31.49,10620915710
260774,2017,CBRE GROUP INC,CBRE,KPMG,339459000,43.31,14701969290
260774,2018,CBRE GROUP INC,CBRE,KPMG,336913000,40.04,13489996520
260778,2016,WELLCARE HEALTH PLANS INC,WCG,Deloitte,44294000,137.08,6071821520
260778,2017,WELLCARE HEALTH PLANS INC,WCG,Deloitte,44523000,201.11,8954020530
260778,2018,WELLCARE HEALTH PLANS INC,WCG,Deloitte,49993000,236.09,11802847370
260838,2016,CIPHER PHARMACEUTICALS INC,CPHRF,PwC,26313000,2.9901,78678501.3
260838,2017,CIPHER PHARMACEUTICALS INC,CPHRF,PwC,26721000,3.6332,97082737.2
260838,2018,CIPHER PHARMACEUTICALS INC,CPHRF,PwC,26821000,1.2566,33703268.6
260893,2016,BLACKBAUD INC,BLKB,PwC,47506000,64,3040384000
260893,2017,BLACKBAUD INC,BLKB,PwC,48076000,94.49,4542701240
260893,2018,BLACKBAUD INC,BLKB,PwC,48567000,62.9,3054864300
263277,2016,TRITON INTERNATIONAL LTD,TRTN,KPMG,74376000,15.8,1175140800
263277,2017,TRITON INTERNATIONAL LTD,TRTN,KPMG,80688000,37.45,3021765600
263277,2018,TRITON INTERNATIONAL LTD,TRTN,KPMG,78990000,31.07,2454219300
264193,2017,SCHNEIDER NATIONAL INC,SNDR,Deloitte,176880000,28.56,5051692800
264193,2018,SCHNEIDER NATIONAL INC,SNDR,Deloitte,176999000,18.67,3304571330
264265,2016,ALNYLAM PHARMACEUTICALS INC,ALNY,PwC,85941000,37.44,3217631040
264265,2017,ALNYLAM PHARMACEUTICALS INC,ALNY,PwC,99667000,127.05,12662692350
264265,2018,ALNYLAM PHARMACEUTICALS INC,ALNY,PwC,101177000,72.91,7376815070
264385,2016,NUVASIVE INC,NUVA,E&Y,50426000,67.36,3396695360
264385,2017,NUVASIVE INC,NUVA,E&Y,51162000,58.49,2992465380
264385,2018,NUVASIVE INC,NUVA,E&Y,51532000,49.56,2553925920
264387,2016,ANGIODYNAMICS INC,ANGO,Deloitte,36840000,15.08,555547200
264387,2017,ANGIODYNAMICS INC,ANGO,Deloitte,37224000,21.03,782820720
264387,2018,ANGIODYNAMICS INC,ANGO,Deloitte,37614000,18.79,706767060
264395,2016,GREENHILL & CO INC,GHL,E&Y,29014000,27.7,803687800
264395,2017,GREENHILL & CO INC,GHL,E&Y,27117000,19.5,528781500
264395,2018,GREENHILL & CO INC,GHL,E&Y,20438000,24.4,498687200
264397,2016,CARDTRONICS PLC,CATM,KPMG,45326000,54.57,2473439820
264397,2017,CARDTRONICS PLC,CATM,KPMG,45696000,18.52,846289920
264397,2018,CARDTRONICS PLC,CATM,KPMG,46134000,26,1199484000
264414,2016,MOMENTA PHARMACEUTICALS INC,MNTA,E&Y,71076000,15.05,1069693800
264414,2017,MOMENTA PHARMACEUTICALS INC,MNTA,E&Y,76355000,13.95,1065152250
264414,2018,MOMENTA PHARMACEUTICALS INC,MNTA,E&Y,98464000,11.04,1087042560
264509,2016,HOLLY ENERGY PARTNERS LP,HEP,E&Y,62781000,32.06,2012758860
264509,2017,HOLLY ENERGY PARTNERS LP,HEP,E&Y,101569000,32.49,3299976810
264509,2018,HOLLY ENERGY PARTNERS LP,HEP,E&Y,105440000,28.56,3011366400
264510,2016,BIMINI CAPITAL MANAGEMENT,BMNM,BDO Seidman,12664000,2.62,33179680
264510,2017,BIMINI CAPITAL MANAGEMENT,BMNM,BDO Seidman,12693000,2.61,33128730
264510,2018,BIMINI CAPITAL MANAGEMENT,BMNM,BDO Seidman,12741000,2.14,27265740
264708,2016,CABELAS INC,CAB,Deloitte,68502000,58.55,4010792100
266214,2016,COHEN & STEERS INC,CNS,Deloitte,45890000,33.6,1541904000
266214,2017,COHEN & STEERS INC,CNS,Deloitte,46315000,47.29,2190236350
266214,2018,COHEN & STEERS INC,CNS,Deloitte,46768000,34.32,1605077760
266257,2016,APOLLO INVESTMENT CORP,AINV,PwC,219695000,6.56,1441199200
266257,2017,APOLLO INVESTMENT CORP,AINV,PwC,216312000,5.22,1129148640
266257,2018,APOLLO INVESTMENT CORP,AINV,PwC,68877000,15.14,1042797780
266315,2016,KITE REALTY GROUP TRUST,KRG,E&Y,83545000,23.48,1961636600
266315,2017,KITE REALTY GROUP TRUST,KRG,E&Y,83606000,19.6,1638677600
266315,2018,KITE REALTY GROUP TRUST,KRG,E&Y,83801000,14.09,1180756090
267054,2016,EMPRESA DISTRIBUIDORA Y COM,EDN,PwC,44852000,27.85,1249128200
267054,2017,EMPRESA DISTRIBUIDORA Y COM,EDN,PwC,44933000,49.7,2233170100
267054,2018,EMPRESA DISTRIBUIDORA Y COM,EDN,PwC,44204000,27.06,1196160240
267059,2017,LOMA NEGRA C.I.A.S.A.,LOMA,Deloitte,119205000,23.04,2746483200
267059,2018,LOMA NEGRA C.I.A.S.A.,LOMA,Deloitte,119205000,11.13,1326751650
268208,2016,LUXFER HOLDINGS PLC,LXFR,PwC,26472000,10.89,288280080
268208,2017,LUXFER HOLDINGS PLC,LXFR,PwC,26609000,14.43,383967870
268208,2018,LUXFER HOLDINGS PLC,LXFR,PwC,27000000,17.63,476010000
269005,2016,CPFL ENERGIA SA,CPL,Deloitte,508957000,15.4,7837937800
269005,2017,CPFL ENERGIA SA,CPL,KPMG,508957000,11.5,5853005500
269005,2018,CPFL ENERGIA SA,CPL,KPMG,508957000,14.8,7532563600
270281,2016,MECHEL PAO,MTL,E&Y,208135000,5.73,1192613550
270281,2017,MECHEL PAO,MTL,E&Y,208135000,5.26,1094790100
270281,2018,MECHEL PAO,MTL,E&Y,208135000,1.98,412107300
270705,2016,HIMAX TECHNOLOGIES INC,HIMX,KPMG,172004000,6.04,1038904160
270705,2017,HIMAX TECHNOLOGIES INC,HIMX,KPMG,172104000,10.42,1793323680
270705,2018,HIMAX TECHNOLOGIES INC,HIMX,KPMG,172145000,3.43,590457350
271342,2016,EURONAV,EURN,KPMG,158167000,7.95,1257427650
271342,2017,EURONAV,EURN,KPMG,158167000,9.25,1463044750
271342,2018,EURONAV,EURN,KPMG,218787000,6.93,1516193910
271357,2016,SUMMIT THERAPEUTICS PLC,SMMT,PwC,12368000,10.47,129492960
271357,2017,SUMMIT THERAPEUTICS PLC,SMMT,PwC,14713000,13.73,202009490
271357,2018,SUMMIT THERAPEUTICS PLC,SMMT,PwC,32078000,1.3295,42647701
271607,2016,MESOBLAST LTD,MESO,PwC,75575000,3.96,299277000
271607,2017,MESOBLAST LTD,MESO,PwC,84944000,7.95,675304800
271607,2018,MESOBLAST LTD,MESO,PwC,95828000,5.5,527054000
271841,2016,GAFISA SA,GFA,KPMG,181953000,1.11,201967830
271841,2017,GAFISA SA,GFA,KPMG,13551000,12.62,171013620
271987,2016,CHF SOLUTIONS INC,CHFS,E&Y,23340000,0.35,8169000
271987,2017,CHF SOLUTIONS INC,CHFS,E&Y,3799000,3.46,13144540
272838,2016,SUNDANCE ENERGY AUSTRALIA,SNDE,Deloitte,1249352000,15.92,19889683840
272838,2017,SUNDANCE ENERGY AUSTRALIA,SNDE,Deloitte,1253250000,5.9406,7445056950
272838,2018,SUNDANCE ENERGY AUSTRALIA,SNDE,Deloitte,687462000,2.3316,1602886399
272872,2016,GALAPAGOS NV,GLPG,Deloitte,46256000,64.19,2969172640
272872,2017,GALAPAGOS NV,GLPG,Deloitte,50937000,93.76,4775853120
272872,2018,GALAPAGOS NV,GLPG,Deloitte,54466000,91.74,4996710840
272961,2016,MICRO FOCUS INTL PLC,MFGP,PwC,229674000,33.482,7689944868
272961,2018,MICRO FOCUS INTL PLC,MFGP,PwC,436801000,15.34,6700527340
273395,2016,WENTWORTH RESOURCES PLC,WENTF,KPMG,169535000,0.3,50860500
273395,2017,WENTWORTH RESOURCES PLC,WENTF,KPMG,186488000,0.35,65270800
273395,2018,WENTWORTH RESOURCES PLC,WENTF,KPMG,186488000,0.3,55946400
273726,2016,SEADRILL LTD,SDRL,PwC,504444000,3.41,1720154040
273726,2017,SEADRILL LTD,SDRL,PwC,504519000,0.2313,116695244.7
273726,2018,SEADRILL LTD,SDRL,PwC,100000000,9.75,975000000
275799,2017,MEDIGUS,MDGS,PwC,3836000,1.32,5063520
276731,2016,PLANET PAYMENT INC,PLPM,BDO Seidman,49291000,4.08,201107280
277186,2017,MISSION NEWENERGY LTD,MNELF,BDO Seidman,40870000,0.0115,470005
277186,2018,MISSION NEWENERGY LTD,MNELF,BDO Seidman,40870000,0.109513,4475796.31
277487,2016,BRASILAGRO CIA BRAS DE PROP,LND,E&Y,54883000,3.596,197359268
277487,2017,BRASILAGRO CIA BRAS DE PROP,LND,E&Y,53634000,3.7699,202194816.6
277487,2018,BRASILAGRO CIA BRAS DE PROP,LND,E&Y,53802000,3.4695,186666039
277812,2016,GRIFOLS SA,GRFS,KPMG,682824000,16.07,10972981680
277812,2017,GRIFOLS SA,GRFS,KPMG,683257000,22.92,15660250440
277812,2018,GRIFOLS SA,GRFS,KPMG,683737000,18.36,12553411320
278151,2016,GEOPARK LTD,GPRK,PwC,59941000,4.31,258345710
278151,2017,GEOPARK LTD,GPRK,PwC,60596000,9.91,600506360
278151,2018,GEOPARK LTD,GPRK,PwC,60483000,13.82,835875060
278153,2016,HUTCHISON CHINA MEDITECH LTD,HCM,PwC,121412000,13.57,1647560840
278153,2017,HUTCHISON CHINA MEDITECH LTD,HCM,PwC,132894000,39.42,5238681480
278153,2018,HUTCHISON CHINA MEDITECH LTD,HCM,PwC,133315000,23.09,3078243350
278239,2018,REALM THERAPEUTICS PLC,RLM,KPMG,4662000,1.85,8624700
278246,2016,EROS INTERNATIONAL PLC,EROS,Grant Thornton,60692000,10.3,625127600
278246,2017,EROS INTERNATIONAL PLC,EROS,Grant Thornton,65431000,10.9,713197900
279170,2018,PEPPER FOOD SERVICE CO LTD,KPFSY,E&Y,102991000,5.56,572629960
279431,2016,RENESOLA LTD,SOL,Deloitte,100269000,0.6397,64142079.3
279431,2017,RENESOLA LTD,SOL,PwC,38068000,2.66,101260880
279431,2018,RENESOLA LTD,SOL,Grant Thornton,38082000,1.19,45317580
282189,2016,ENERGY XXI LTD,EXXIQ,BDO Seidman,97824000,0.045,4402080
282363,2018,BIOFRONTERA AG,BFRA,Grant Thornton,22316000,11.71,261320360
282553,2016,CDTI ADVANCED MATERIALS INC,CDTI,BDO Seidman,15703000,2.15,33761450
282608,2018,CELLECTIS SA,CLLS,E&Y,42430000,16.65,706459500
282715,2016,BIOLINE RX LTD,BLRX,PwC,57033000,0.92,52470360
282715,2017,BIOLINE RX LTD,BLRX,PwC,105063000,1.09,114518670
282715,2018,BIOLINE RX LTD,BLRX,PwC,114933000,0.4373,50260200.9
283463,2016,TIGENIX NV,TIG,BDO Seidman,12998000,14.58,189510840
283463,2017,TIGENIX NV,TIG,PwC,13714000,22.9,314050600
284453,2017,VERONA PHARMA PLC,VRNA,PwC,13127000,11.871,155830617
284453,2018,VERONA PHARMA PLC,VRNA,PwC,13166000,9.65,127051900
285085,2016,UNIQURE NV,QURE,PwC,25257000,5.6,141439200
285085,2017,UNIQURE NV,QURE,PwC,31339000,19.59,613931010
285085,2018,UNIQURE NV,QURE,PwC,37352000,28.82,1076484640
285135,2016,GLOBUS MARITIME LTD,GLBS,E&Y,2628000,4.08,10722240
285135,2017,GLOBUS MARITIME LTD,GLBS,E&Y,31630000,1.1462,36254306
285135,2018,GLOBUS MARITIME LTD,GLBS,E&Y,3209000,2.88,9241920
285174,2016,FRONTEO INC,FTEO,E&Y,18961000,12.73,241373530
285174,2017,FRONTEO INC,FTEO,E&Y,19015000,15.41,293021150
285229,2016,AZURE HEALTH TECHNOLOGY LTD,MOKO,BDO Seidman,41495000,0.1855,7697322.5
285313,2016,BANCO SANTANDER BRASIL  -ADR,BSBR,PwC,3755756000,8.89,33388670840
285313,2017,BANCO SANTANDER BRASIL  -ADR,BSBR,PwC,3743421000,9.67,36198881070
285313,2018,BANCO SANTANDER BRASIL  -ADR,BSBR,PwC,3735949000,11.13,41581112370
286017,2016,MAZOR ROBOTICS LTD,MZOR,KPMG,23810000,21.92,521915200
286017,2017,MAZOR ROBOTICS LTD,MZOR,KPMG,26041000,51.6,1343715600
286396,2016,EVOGENE LTD,EVGN,E&Y,25481000,5.1,129953100
286396,2017,EVOGENE LTD,EVGN,E&Y,25751000,3.07,79055570
286396,2018,EVOGENE LTD,EVGN,E&Y,25754000,1.98,50992920
286433,2016,OASMIA PHARMACEUTICAL AB,OASM,E&Y,42033000,2.1062,88529904.6
286433,2017,OASMIA PHARMACEUTICAL AB,OASM,E&Y,58802000,1.63,95847260
287111,2016,KAMADA LTD,KMDA,E&Y,36447000,5.45,198636150
287111,2017,KAMADA LTD,KMDA,E&Y,40263000,4.75,191249250
287252,2016,MIX TELEMATICS LTD,MIXT,PwC,22537000,6.3,141983100
287252,2017,MIX TELEMATICS LTD,MIXT,Deloitte,22577000,15.55,351072350
287252,2018,MIX TELEMATICS LTD,MIXT,Deloitte,22478000,16.67,374708260
287882,2016,ECOPETROL SA,EC,E&Y,2055835000,9.05,18605306750
287882,2017,ECOPETROL SA,EC,E&Y,2055835000,14.63,30076866050
287882,2018,ECOPETROL SA,EC,E&Y,2055835000,15.88,32646659800
288586,2017,FLEX LNG LTD,FLNG,E&Y,367972000,1.45,533559400
288586,2018,FLEX LNG LTD,FLNG,E&Y,540999000,1.48,800678520
291758,2016,KITOV PHARMA LTD,KTOV,KPMG,7662000,3.11,23828820
291758,2017,KITOV PHARMA LTD,KTOV,KPMG,11222000,2.28,25586160
291758,2018,KITOV PHARMA LTD,KTOV,KPMG,16009000,0.66,10565940
291881,2016,CAN FITE BIOPHARMA,CANF,E&Y,13855000,2.38,32974900
291881,2017,CAN FITE BIOPHARMA,CANF,E&Y,16648000,1.4801,24640704.8
291881,2018,CAN FITE BIOPHARMA,CANF,E&Y,20200000,1.26,25452000
292284,2016,THERAPIX BIOSCIENCES LTD,TRPX,E&Y,1025000,10.246,10502150
292284,2017,THERAPIX BIOSCIENCES LTD,TRPX,E&Y,3497000,5.34,18673980
293754,2016,AEVI GENOMIC MEDICINE INC,GNMX,E&Y,37104000,5.18,192198720
293754,2017,AEVI GENOMIC MEDICINE INC,GNMX,E&Y,59332000,1.2,71198400
293754,2018,AEVI GENOMIC MEDICINE INC,GNMX,E&Y,64767000,0.7,45336900
293884,2016,INTERXION HOLDING NV,INXN,KPMG,70603000,35.07,2476047210
293884,2017,INTERXION HOLDING NV,INXN,KPMG,71415000,58.93,4208485950
293884,2018,INTERXION HOLDING NV,INXN,KPMG,71708000,54.16,3883705280
293919,2016,STRONGBRIDGE BIOPHARMA PLC,SBBP,E&Y,35335000,2.4,84804000
293919,2017,STRONGBRIDGE BIOPHARMA PLC,SBBP,E&Y,40150000,7.25,291087500
293919,2018,STRONGBRIDGE BIOPHARMA PLC,SBBP,E&Y,54122000,4.48,242466560
294007,2016,INTEC PHARMA LTD,NTEC,PwC,11448000,5.7,65253600
294524,2016,LYONDELLBASELL INDUSTRIES NV,LYB,PwC,404046000,85.78,34659065880
294524,2017,LYONDELLBASELL INDUSTRIES NV,LYB,PwC,394512000,110.32,43522563840
294524,2018,LYONDELLBASELL INDUSTRIES NV,LYB,PwC,375697000,83.16,31242962520
295786,2016,CNH INDUSTRIAL NV,CNHI,E&Y,1361631000,8.69,11832573390
295786,2017,CNH INDUSTRIAL NV,CNHI,E&Y,1363593000,13.4,18272146200
295786,2018,CNH INDUSTRIAL NV,CNHI,E&Y,1353832000,9.21,12468792720
295917,2016,ZEALAND PHARMA AS,ZEAL,Deloitte,26142000,14.905,389646510
295917,2017,ZEALAND PHARMA AS,ZEAL,Deloitte,30751000,13.6,418213600
295917,2018,ZEALAND PHARMA AS,ZEAL,Deloitte,30787000,11.61,357437070
296318,2016,OCEAN RIG UDW INC,ORIG,E&Y,82587000,1.74,143701380
296318,2017,OCEAN RIG UDW INC,ORIG,E&Y,91568000,26.8,2454022400
296697,2016,CONTROLADORA VUELA COMPANIA,VLRS,E&Y,99870000,15.04,1502044800
296697,2017,CONTROLADORA VUELA COMPANIA,VLRS,E&Y,99859000,8.02,800869180
296697,2018,CONTROLADORA VUELA COMPANIA,VLRS,E&Y,99859000,5.35,534245650
296866,2017,MY SIZE INC,MYSZ,KPMG,22239000,0.6479,14408648.1
296885,2016,REDHILL BIOPHARMA LTD,RDHL,PwC,16497000,10.46,172558620
296885,2017,REDHILL BIOPHARMA LTD,RDHL,PwC,21273000,5.14,109343220
296885,2018,REDHILL BIOPHARMA LTD,RDHL,PwC,28369000,5.55,157447950
296944,2016,NORTH ATLANTIC DRILLING LTD,NADLQ,PwC,24114000,3.17,76441380
296944,2017,NORTH ATLANTIC DRILLING LTD,NADLQ,PwC,24114000,0.075,1808550
297094,2016,BIONDVAX PHARMACEUTICALS,BVXV,E&Y,3377000,3.35,11312950
297094,2017,BIONDVAX PHARMACEUTICALS,BVXV,E&Y,6535000,5.36,35027600
297094,2018,BIONDVAX PHARMACEUTICALS,BVXV,E&Y,6535000,4.77,31171950
297209,2016,PACIFIC DRILLING SA,PACD,KPMG,21184000,4.06,86007040
297209,2017,PACIFIC DRILLING SA,PACD,KPMG,21339000,0.505,10776195
297209,2018,PACIFIC DRILLING SA,PACD,KPMG,75031000,13.35,1001663850
297434,2018,SAFE-T GROUP LTD,SFET,PwC,2034000,2.97,6040980
297507,2017,FORESIGHT AUTONOMOUS,FRSX,Deloitte,21900000,4.03,88257000
297507,2018,FORESIGHT AUTONOMOUS,FRSX,Deloitte,26387000,1.659,43776033
297510,2016,CELLECT BIOTECHNOLOGY LTD,APOP,E&Y,5379000,3.09,16621110
297510,2018,CELLECT BIOTECHNOLOGY LTD,APOP,E&Y,6521000,2.1,13694100
298636,2016,AVIANCA HOLDINGS SA,AVH,E&Y,124623000,9.64,1201365720
298636,2017,AVIANCA HOLDINGS SA,AVH,E&Y,124623000,8.03,1000722690
298636,2018,AVIANCA HOLDINGS SA,AVH,KPMG,124623000,4.06,505969380
300107,2016,NANO DIMENSION LTD,NNDM,KPMG,9924000,5.95,59047800
300107,2017,NANO DIMENSION LTD,NNDM,KPMG,12397000,3.07,38058790
300107,2018,NANO DIMENSION LTD,NNDM,KPMG,19315000,1.11,21439650
308989,2018,TAIWAN LIPOSOME CO LTD,TLC,PwC,32023000,5.5,176126500
308992,2016,LED MEDICAL DIAGNOSTICS INC,LEDIF,Grant Thornton,116429000,0.0415,4831803.5
308992,2017,LED MEDICAL DIAGNOSTICS INC,LEDIF,Grant Thornton,37915000,0.4682,17751803
308992,2018,LED MEDICAL DIAGNOSTICS INC,LEDIF,Grant Thornton,37939000,0.262,9940018
312009,2016,FRONTLINE LTD,FRO,PwC,169809000,7.11,1207341990
312009,2017,FRONTLINE LTD,FRO,PwC,169809000,4.59,779423310
312009,2018,FRONTLINE LTD,FRO,PwC,169821000,5.53,939110130
312079,2016,DBV TECHNOLOGIES,DBVT,Deloitte,49290000,35.13,1731557700
312079,2017,DBV TECHNOLOGIES,DBVT,Deloitte,49972000,24.6,1229311200
312079,2018,DBV TECHNOLOGIES,DBVT,Deloitte,60233000,6.42,386695860
314866,2016,NORD ANGLIA EDUCATION INC,NORD,PwC,104122000,21.18,2205303960
315318,2016,ELEMENT SOLUTIONS INC,ESI,PwC,284221000,9.81,2788208010
315318,2017,ELEMENT SOLUTIONS INC,ESI,PwC,287399000,9.92,2850998080
315318,2018,ELEMENT SOLUTIONS INC,ESI,PwC,288974000,10.33,2985101420
315629,2016,CHIPMOS TECHNOLOGIES INC,IMOS,PwC,42844000,14.11,604528840
315629,2017,CHIPMOS TECHNOLOGIES INC,IMOS,PwC,42811000,17.65,755614150
315629,2018,CHIPMOS TECHNOLOGIES INC,IMOS,PwC,36364000,16.84,612369760
315639,2016,CELYAD SA,CYAD,PwC,9314000,17.76,165416640
315639,2017,CELYAD SA,CYAD,BDO Seidman,9868000,43.1,425310800
315639,2018,CELYAD SA,CYAD,BDO Seidman,11942000,18.16,216866720
315887,2016,SCORPIO BULKERS,SALT,PwC,75299000,5.05,380259950
315887,2017,SCORPIO BULKERS,SALT,PwC,74902000,7.4,554274800
315887,2018,SCORPIO BULKERS,SALT,PwC,71217000,5.53,393830010
316056,2016,ALLEGION PLC,ALLE,PwC,95274000,64,6097536000
316056,2017,ALLEGION PLC,ALLE,PwC,95062000,79.56,7563132720
316056,2018,ALLEGION PLC,ALLE,PwC,94637000,79.71,7543515270
317260,2016,HERMITAGE OFFSHORE SERVICES,PSV,KPMG,20687000,2.75,56889250
317260,2017,HERMITAGE OFFSHORE SERVICES,PSV,KPMG,61987000,1.199,74322413
317260,2018,HERMITAGE OFFSHORE SERVICES,PSV,KPMG,73742000,0.42,30971640
317264,2016,DORIAN LPG LTD,LPG,Deloitte,54975000,10.53,578886750
317264,2017,DORIAN LPG LTD,LPG,Deloitte,55090000,7.49,412624100
317264,2018,DORIAN LPG LTD,LPG,Deloitte,55168000,6.42,354178560
317427,2016,NOMAD FOODS LTD,NOMD,PwC,183589000,9.57,1756946730
317427,2017,NOMAD FOODS LTD,NOMD,PwC,166792000,16.91,2820452720
317427,2018,NOMAD FOODS LTD,NOMD,PwC,174229000,16.72,2913108880
318005,2017,ARGEN-X SE,ARGX,Deloitte,32181000,63.14,2031908340
318005,2018,ARGEN-X SE,ARGX,Deloitte,35975000,96.07,3456118250
318728,2016,ATHENE HOLDING LTD,ATH,PwC,200411000,47.99,9617723890
318728,2017,ATHENE HOLDING LTD,ATH,PwC,199853000,51.71,10334398630
318728,2018,ATHENE HOLDING LTD,ATH,PwC,197100000,39.83,7850493000
318815,2016,MIDATECH PHARMA PLC,MTP,BDO Seidman,24350000,2.76,67206000
318815,2017,MIDATECH PHARMA PLC,MTP,BDO Seidman,30542000,0.8375,25578925
318815,2018,MIDATECH PHARMA PLC,MTP,BDO Seidman,30592000,0.155,4741760
319507,2016,MOTIF BIO PLC,MTFB,PwC,9787000,6.1909,60590338.3
319507,2017,MOTIF BIO PLC,MTFB,PwC,13176000,10.81,142432560
319507,2018,MOTIF BIO PLC,MTFB,PwC,14833000,6.59,97749470
324684,2018,ASLAN PHARMACEUTIC,ASLN,Deloitte,32050000,3.6,115380000
326688,2018,NVENT ELECTRIC PLC,NVT,Deloitte,177224000,22.46,3980451040
327451,2018,GRINDROD SHIPPING,GRIN,Deloitte,19064000,6.24,118959360
328032,2018,NAVIOS MARITIME CONTAINERS,NMCI,E&Y,34603000,2.83,97926490
328692,2018,ARROW EXPLORATION CORP,CSTPF,Deloitte,68675000,0.2773,19043577.5
328795,2018,ARCOSA INC,ACA,E&Y,48700000,27.69,1348503000
